order_item_id,order_id,product_id,quantity,unit_price
1,52,17,2,110.81
2,319,69,3,230.46
3,1993,12,2,96.34
4,4277,38,2,234.88
5,3892,18,3,120.26
6,4743,26,4,241.44
7,3957,95,5,186.97
8,2693,37,4,209.04
9,3019,70,4,35.17
10,2025,41,1,150.67
11,4432,79,2,44.25
12,1526,42,2,81.43
13,1279,90,2,159.66
14,514,76,5,184.29
15,4338,41,5,19.4
16,1734,47,5,137.43
17,3371,14,3,145.68
18,3922,1,5,28.92
19,2501,17,1,130.17
20,3465,97,1,181.32
21,2260,55,4,22.77
22,4764,93,4,192.46
23,4690,53,4,148.34
24,2660,31,4,209.97
25,256,62,1,62.34
26,1503,8,4,209.99
27,4657,30,1,32.69
28,2111,77,5,106.92
29,407,80,5,57.88
30,2850,66,3,220.24
31,3177,45,4,179.18
32,1861,18,5,16.09
33,4355,99,5,12.29
34,723,45,2,79.9
35,1283,19,2,44.39
36,614,77,1,161.27
37,3332,68,3,169.31
38,3117,83,2,236.07
39,1979,50,3,238.49
40,813,25,5,168.14
41,1787,38,1,11.36
42,331,95,3,96.16
43,2213,36,2,133.15
44,1217,68,5,129.8
45,4483,56,4,154.8
46,3338,39,5,240.53
47,2376,63,2,222.45
48,1241,7,2,36.14
49,320,58,4,73.84
50,4495,80,5,209.95
51,1915,59,3,207.83
52,4201,48,3,76.09
53,4792,5,5,185.34
54,330,87,3,171.29
55,660,36,5,123.65
56,3689,96,5,58.35
57,3119,88,2,223.27
58,4917,25,1,172.68
59,1973,45,2,50.56
60,1794,92,3,179.15
61,3219,19,1,187.94
62,4558,7,5,222.85
63,2534,58,3,63.48
64,2458,81,4,247.3
65,3101,66,3,46.81
66,4367,80,1,154.17
67,2734,39,1,167.72
68,4481,18,5,110.55
69,4156,1,4,124.01
70,220,63,5,223.82
71,2819,3,4,164.87
72,1907,21,4,129.28
73,2612,30,5,40.8
74,2594,11,3,11.76
75,96,22,2,39.99
76,989,57,4,239.48
77,1113,89,1,193.38
78,2279,3,5,242.11
79,246,30,3,18.57
80,2159,88,4,173.25
81,4330,45,3,20.63
82,3350,36,5,197.69
83,2726,87,1,101.43
84,4078,72,4,32.98
85,4899,64,4,146.33
86,2667,54,3,77.23
87,3200,68,5,168.3
88,2755,50,2,167.96
89,1418,31,4,179.2
90,655,29,1,248.19
91,2443,59,4,102.81
92,111,36,4,121.68
93,90,77,2,203.11
94,763,73,2,148.81
95,3173,85,5,18.94
96,2180,67,4,212.34
97,2505,89,4,22.36
98,1465,89,3,51.0
99,98,76,3,34.5
100,293,93,1,28.7
101,1840,11,1,16.16
102,1735,11,3,23.21
103,2620,26,1,116.19
104,4748,53,4,70.68
105,2197,14,2,40.37
106,3467,64,4,168.09
107,1907,80,3,64.27
108,1722,10,5,14.55
109,3692,31,5,110.42
110,1817,95,3,84.5
111,253,36,4,86.47
112,4228,10,1,116.86
113,3520,26,1,170.54
114,1908,20,5,157.95
115,1911,44,3,234.94
116,2522,62,3,134.25
117,3850,73,2,123.42
118,1059,79,5,61.22
119,3539,9,3,191.29
120,2323,71,2,43.79
121,187,90,1,127.87
122,949,24,5,111.12
123,2291,12,5,167.99
124,4360,60,3,230.23
125,4618,84,3,237.18
126,4879,78,4,50.27
127,4631,86,1,72.84
128,210,16,1,204.79
129,2094,29,2,134.39
130,3539,32,2,118.73
131,1564,83,4,180.55
132,26,35,1,154.46
133,175,43,2,242.97
134,1335,96,1,150.15
135,322,53,1,121.83
136,4151,20,2,140.28
137,4048,84,3,204.05
138,3228,8,3,157.04
139,1873,99,2,165.29
140,2068,42,4,243.15
141,333,77,5,158.41
142,2992,70,1,101.27
143,911,16,5,175.92
144,4497,69,2,168.27
145,950,53,1,13.32
146,2076,45,5,122.16
147,2515,51,3,188.3
148,3332,98,4,129.77
149,3030,6,5,197.11
150,101,33,4,118.21
151,4647,79,3,246.0
152,2401,15,5,80.29
153,3372,14,2,32.11
154,2344,39,1,113.2
155,353,63,3,140.01
156,2956,5,4,93.78
157,1019,90,4,68.15
158,1180,81,3,171.29
159,3537,52,2,100.51
160,3651,16,2,161.53
161,2503,99,4,196.98
162,3820,38,3,192.64
163,980,53,3,100.07
164,4835,87,1,146.3
165,977,77,4,117.92
166,1372,97,2,218.99
167,2281,93,5,220.9
168,4577,53,2,92.5
169,108,46,2,32.02
170,973,98,5,50.22
171,1627,98,4,98.08
172,704,91,1,145.42
173,875,15,2,167.63
174,3810,59,2,89.53
175,2412,50,4,170.2
176,2108,9,4,235.06
177,3554,26,3,166.48
178,1274,3,4,48.06
179,560,100,4,149.12
180,117,47,2,140.05
181,4970,5,1,218.97
182,3047,62,2,94.07
183,44,84,4,111.51
184,509,84,3,153.68
185,3440,5,1,135.86
186,3929,10,3,182.56
187,4945,80,5,19.69
188,917,63,3,145.24
189,2946,25,3,39.2
190,799,44,4,85.65
191,4972,25,4,168.79
192,1761,30,4,47.78
193,2334,14,4,84.12
194,3276,86,4,178.72
195,819,43,3,166.19
196,2169,28,5,31.85
197,3736,94,4,148.54
198,3066,19,5,45.34
199,3260,42,5,70.55
200,907,20,2,120.21
201,4109,99,2,36.24
202,603,86,1,248.48
203,4296,79,2,49.69
204,2634,11,4,197.52
205,1792,54,5,209.16
206,3528,98,1,248.67
207,4544,24,2,112.88
208,1812,70,3,219.78
209,3912,17,1,239.81
210,841,28,4,51.49
211,3143,50,5,125.06
212,4686,95,4,24.4
213,2091,100,4,158.97
214,4616,55,3,149.54
215,1037,73,3,58.99
216,725,10,5,201.5
217,988,21,2,18.94
218,803,58,4,203.49
219,2583,34,2,16.39
220,3838,95,5,167.64
221,527,93,4,28.9
222,1666,43,2,70.29
223,1139,11,4,183.26
224,460,33,3,77.3
225,2553,58,3,132.68
226,4421,46,1,229.66
227,4675,61,5,21.91
228,2809,62,2,204.66
229,2899,1,4,25.67
230,3244,21,1,40.43
231,4069,62,5,38.64
232,2332,64,5,248.58
233,4571,87,5,53.24
234,3686,73,2,225.22
235,632,56,3,247.82
236,4799,1,1,102.11
237,2457,21,2,161.45
238,982,22,4,196.98
239,4655,54,2,104.23
240,4318,4,4,48.84
241,1557,65,4,114.1
242,2206,51,5,195.25
243,4444,74,2,197.38
244,4985,63,3,65.33
245,3956,15,4,51.99
246,922,36,5,230.93
247,405,29,3,20.56
248,4773,52,2,186.34
249,4685,46,3,21.14
250,1621,69,2,211.1
251,2953,29,4,227.3
252,3119,47,1,81.38
253,1595,91,1,27.74
254,566,25,4,125.36
255,4800,80,3,81.63
256,2869,16,2,110.11
257,858,100,1,169.6
258,1285,89,2,60.36
259,585,41,4,95.67
260,4328,65,3,197.81
261,1246,69,2,164.5
262,52,20,3,88.31
263,2164,69,1,169.43
264,538,36,2,193.68
265,541,93,5,152.2
266,815,98,1,67.48
267,1416,58,3,10.06
268,2839,48,4,202.68
269,1653,82,5,207.43
270,2666,2,2,177.43
271,4515,80,1,28.38
272,4063,29,2,150.45
273,2357,97,2,207.04
274,3811,16,5,103.52
275,864,35,5,57.52
276,186,62,5,151.03
277,4357,81,5,208.31
278,1552,4,4,21.73
279,2208,68,3,153.27
280,762,51,5,164.36
281,4320,89,1,154.57
282,1280,33,2,166.01
283,4276,78,5,161.53
284,4728,24,1,41.3
285,3695,75,4,66.38
286,3282,25,1,158.56
287,1537,28,1,14.25
288,3165,7,4,162.34
289,2771,36,4,169.69
290,1964,10,2,67.4
291,3846,36,5,153.55
292,3436,95,1,138.18
293,4711,83,3,72.57
294,562,18,3,121.11
295,2422,6,2,228.31
296,4718,92,3,112.38
297,2136,7,2,161.16
298,2062,12,5,18.48
299,2181,41,2,28.67
300,1961,63,4,29.51
301,3880,98,4,196.78
302,3280,25,4,94.06
303,3885,81,4,64.63
304,3271,53,4,189.36
305,4688,33,4,50.79
306,583,87,4,69.16
307,1614,73,4,113.42
308,1102,6,4,89.55
309,289,62,5,150.49
310,3860,66,4,91.08
311,3061,9,2,104.31
312,2927,67,5,217.09
313,4103,16,3,222.29
314,1184,89,1,208.65
315,4336,88,5,217.56
316,1447,93,4,146.73
317,1750,55,5,165.1
318,1904,40,1,143.72
319,3176,26,1,198.54
320,1078,38,4,142.24
321,2378,35,4,36.66
322,848,87,2,204.3
323,2877,68,1,192.54
324,1240,59,4,206.87
325,1333,14,1,55.7
326,3507,47,2,75.19
327,2380,71,3,80.98
328,4792,72,1,131.94
329,4123,42,2,42.13
330,3238,51,2,102.49
331,2366,19,2,53.72
332,2413,66,5,73.54
333,3175,47,4,179.53
334,373,65,1,215.15
335,1950,42,5,15.5
336,245,38,1,145.82
337,1841,13,5,18.65
338,3428,44,4,30.46
339,125,24,2,179.22
340,4633,96,1,186.55
341,2754,30,2,205.36
342,1920,70,4,123.82
343,1636,38,1,216.35
344,1426,97,3,50.04
345,1541,23,3,69.93
346,531,74,3,42.28
347,4350,57,4,201.41
348,3104,79,3,64.88
349,4757,23,1,47.32
350,1802,36,3,159.55
351,1037,57,1,28.5
352,3729,1,4,20.78
353,4012,72,2,35.61
354,3464,3,5,10.06
355,1143,14,3,177.28
356,1756,81,5,144.94
357,4841,34,2,60.37
358,1630,70,4,65.92
359,763,69,4,204.63
360,4890,51,2,130.44
361,4840,29,5,177.65
362,3958,99,3,118.66
363,558,82,1,67.05
364,4622,48,4,242.9
365,840,94,2,145.76
366,3,79,5,41.44
367,1052,79,3,107.46
368,1405,16,5,89.04
369,157,57,3,61.38
370,1938,97,1,234.03
371,511,10,1,221.42
372,3405,19,2,57.8
373,4783,67,2,94.52
374,1138,36,3,192.96
375,3915,4,3,60.04
376,3322,75,3,151.98
377,4667,33,3,177.95
378,715,28,1,166.95
379,2287,96,2,179.54
380,2655,80,2,179.61
381,991,9,4,241.55
382,4430,75,2,93.16
383,2161,6,2,220.86
384,4458,49,5,15.23
385,2145,91,5,79.17
386,2064,76,4,21.68
387,2604,22,3,166.29
388,1978,48,4,34.19
389,376,21,4,212.97
390,742,33,1,165.18
391,4486,81,2,16.92
392,2668,56,1,181.55
393,1241,29,2,216.89
394,3471,53,4,168.67
395,4920,40,2,17.33
396,2368,74,3,215.9
397,2244,18,3,185.79
398,3550,47,4,100.83
399,418,13,5,88.87
400,607,27,3,125.16
401,568,62,4,218.1
402,544,74,1,70.49
403,884,96,5,34.23
404,4799,45,3,217.51
405,1224,3,4,16.31
406,2894,22,4,228.64
407,2069,27,1,83.38
408,3710,55,1,131.97
409,1787,67,5,41.75
410,1458,33,3,226.54
411,1915,2,4,189.96
412,78,75,5,231.8
413,3614,46,5,173.97
414,1309,74,1,54.33
415,648,33,4,83.98
416,2188,58,2,126.84
417,553,7,1,155.74
418,282,15,4,232.35
419,1282,26,5,102.15
420,1847,11,5,178.74
421,2488,38,3,240.64
422,2794,27,2,46.57
423,3712,7,1,217.05
424,4200,1,3,110.97
425,4862,74,3,185.78
426,2777,21,2,80.45
427,1597,79,1,90.16
428,480,30,1,16.51
429,3313,94,5,243.14
430,3219,8,1,205.23
431,1964,88,3,32.54
432,2143,83,5,249.88
433,3899,3,1,155.21
434,2073,55,2,214.89
435,1296,15,3,26.0
436,939,36,4,103.47
437,762,6,2,170.72
438,4750,42,2,35.54
439,1670,50,1,127.34
440,3863,18,5,116.24
441,2686,83,5,61.85
442,3900,50,3,82.06
443,1932,30,1,242.11
444,3940,77,5,79.28
445,1127,39,4,61.22
446,3298,12,1,138.69
447,4671,98,1,171.03
448,1204,59,5,184.02
449,4136,76,2,191.02
450,3773,44,1,18.84
451,520,88,2,104.5
452,2284,4,3,195.75
453,4559,36,3,227.16
454,483,48,5,154.53
455,2478,14,3,22.55
456,3094,81,5,105.19
457,343,49,5,27.81
458,1463,67,2,189.65
459,1203,87,2,25.24
460,1622,77,3,54.58
461,2399,9,2,110.07
462,3597,21,1,121.04
463,3536,72,4,107.56
464,2878,81,1,121.22
465,2391,16,1,181.18
466,3352,16,5,98.62
467,2914,28,4,141.46
468,1190,51,5,82.81
469,2341,56,2,94.87
470,3581,80,2,157.31
471,1604,57,4,127.72
472,3298,52,3,183.53
473,598,46,2,144.53
474,645,78,1,202.86
475,4544,38,4,116.42
476,2903,84,4,127.85
477,764,48,2,170.79
478,4831,41,2,63.1
479,1643,98,5,102.62
480,2298,59,5,159.96
481,4697,93,1,16.93
482,2173,67,4,114.87
483,2161,74,3,153.72
484,3750,84,3,242.17
485,2923,66,4,220.48
486,580,27,1,77.38
487,3805,32,5,131.73
488,4879,56,5,23.54
489,2369,10,5,67.78
490,3933,40,3,195.97
491,4628,17,3,39.6
492,3361,58,1,71.85
493,4708,97,3,236.57
494,1101,6,2,207.73
495,1671,39,3,197.64
496,2221,18,5,217.49
497,4971,73,1,189.91
498,217,72,4,38.94
499,376,89,4,133.97
500,1610,95,1,116.62
501,4107,42,2,84.68
502,3840,4,4,210.17
503,2940,20,5,121.39
504,4063,28,4,24.47
505,1614,40,4,75.99
506,3680,65,5,64.87
507,4914,44,3,222.99
508,1297,23,2,165.39
509,3997,57,5,144.49
510,4787,47,5,131.6
511,1156,13,1,166.03
512,4880,16,2,191.17
513,2367,90,3,143.05
514,2892,55,5,235.19
515,1973,95,3,244.44
516,785,65,5,248.88
517,4493,81,5,170.65
518,1082,16,1,233.83
519,2034,37,4,107.08
520,1615,52,2,216.3
521,4556,10,1,228.2
522,2417,38,3,226.99
523,4642,44,5,209.4
524,3654,95,5,107.58
525,497,74,2,48.14
526,505,54,1,90.15
527,3387,98,1,194.15
528,2209,51,3,65.89
529,4814,52,1,124.79
530,3217,70,1,145.7
531,3667,92,4,154.93
532,1409,92,2,234.57
533,4365,59,1,168.76
534,4078,13,3,198.71
535,1478,41,5,149.65
536,4961,12,1,210.06
537,2398,50,1,73.28
538,110,57,5,60.37
539,3555,50,4,232.32
540,650,57,2,176.44
541,1500,54,4,171.17
542,596,66,3,122.15
543,979,8,1,100.41
544,731,63,4,143.37
545,57,9,2,38.94
546,2244,60,3,119.13
547,1702,63,4,119.29
548,1287,72,1,139.2
549,112,3,2,162.32
550,4807,73,1,239.76
551,1202,13,1,166.52
552,948,9,3,222.09
553,4122,95,2,143.51
554,758,89,5,160.46
555,3389,52,1,26.76
556,1842,62,2,41.98
557,3536,8,1,149.12
558,2294,95,4,104.97
559,1105,45,4,201.71
560,662,53,2,140.36
561,909,63,3,221.75
562,4618,95,5,243.36
563,1857,81,4,45.43
564,2312,57,3,104.76
565,790,54,5,169.6
566,172,19,4,83.32
567,4361,67,5,74.09
568,1987,46,1,205.3
569,1886,94,2,245.29
570,476,10,4,195.71
571,1050,93,4,135.68
572,4130,18,1,116.2
573,2312,12,4,139.52
574,1162,49,4,121.08
575,816,23,4,130.69
576,3767,62,4,58.83
577,2923,11,4,226.9
578,754,73,3,191.09
579,4662,56,4,173.43
580,462,88,1,237.98
581,3240,89,4,78.25
582,2703,55,5,29.48
583,81,25,5,208.27
584,2805,9,1,249.62
585,870,12,3,148.82
586,4695,11,1,24.11
587,807,38,3,197.31
588,1935,28,2,27.7
589,704,8,5,139.6
590,2524,74,5,76.61
591,2640,89,5,229.61
592,4583,47,3,118.32
593,3910,36,1,225.63
594,4802,50,3,81.78
595,1165,9,5,102.97
596,620,60,5,237.31
597,3067,72,5,58.32
598,4873,67,5,148.84
599,447,53,2,103.24
600,2338,82,5,195.8
601,209,99,3,41.03
602,2461,17,5,114.93
603,3443,100,4,177.74
604,2712,53,2,107.68
605,2338,28,5,24.05
606,1292,63,4,179.23
607,2199,15,3,130.77
608,1401,19,2,12.71
609,4951,86,5,157.04
610,2656,70,3,230.77
611,4013,47,4,36.65
612,705,71,2,151.76
613,826,48,5,184.88
614,1005,73,3,26.99
615,3461,20,2,15.43
616,377,37,4,121.41
617,973,75,5,199.88
618,4214,2,2,48.57
619,3077,64,4,210.79
620,444,86,4,167.58
621,755,36,3,89.72
622,3605,5,4,133.8
623,4736,64,4,241.74
624,2172,7,1,61.94
625,2706,70,4,129.89
626,3466,22,5,159.88
627,2712,74,2,43.12
628,2408,46,5,20.45
629,623,40,5,13.23
630,1724,61,3,87.93
631,3323,46,1,27.75
632,1920,84,1,202.9
633,919,28,5,249.36
634,4216,87,2,24.71
635,582,35,1,113.85
636,3882,1,1,16.18
637,1687,29,5,42.16
638,3910,9,1,87.5
639,2000,9,3,104.49
640,2712,22,5,235.55
641,401,63,1,105.0
642,3649,66,1,129.11
643,2629,80,1,68.94
644,1657,58,5,10.03
645,621,70,2,225.84
646,247,55,4,29.61
647,3340,13,1,241.42
648,3011,97,4,41.4
649,4720,19,4,155.17
650,2369,79,1,249.86
651,3995,33,1,43.23
652,1840,74,4,111.75
653,2904,65,2,197.3
654,4396,60,4,17.73
655,4499,12,2,175.55
656,3692,43,3,29.29
657,3842,93,2,66.76
658,4349,17,5,48.42
659,1393,68,1,227.76
660,3751,29,3,53.31
661,4256,55,4,19.7
662,3009,7,2,151.03
663,4301,44,3,93.08
664,3339,77,5,107.37
665,3515,5,2,38.58
666,4954,60,4,189.58
667,760,6,4,154.37
668,2769,98,2,97.41
669,3089,7,5,51.18
670,2116,46,1,152.43
671,4229,57,1,196.86
672,1724,54,4,84.98
673,2967,92,5,16.21
674,430,46,4,61.44
675,2356,10,1,173.78
676,2460,4,4,247.38
677,4193,67,2,13.21
678,1719,25,2,83.48
679,1266,87,5,24.89
680,1309,91,1,85.92
681,1051,78,5,107.42
682,3474,61,5,231.01
683,2250,38,1,29.33
684,2810,32,3,196.51
685,2922,23,3,104.93
686,4677,37,4,204.7
687,4042,3,3,133.22
688,2418,99,2,19.43
689,533,13,5,237.09
690,899,34,4,29.86
691,2655,88,5,153.44
692,1470,65,1,220.64
693,2921,76,3,29.14
694,1253,8,1,142.93
695,770,83,4,207.83
696,834,9,2,246.72
697,2210,28,3,183.84
698,4650,78,1,76.8
699,3425,91,3,177.9
700,1092,18,5,179.38
701,1197,42,2,177.99
702,3915,41,3,215.02
703,1661,70,2,30.97
704,4655,33,5,36.02
705,261,89,5,163.75
706,2265,77,1,238.93
707,4901,54,4,121.8
708,1186,87,1,240.54
709,2450,36,2,235.14
710,3534,97,1,226.7
711,4371,85,3,228.36
712,4302,98,1,225.6
713,3345,56,4,206.77
714,867,100,4,176.79
715,93,17,2,15.86
716,3179,10,5,41.74
717,1352,87,4,42.22
718,365,44,2,15.65
719,4917,2,4,38.01
720,3719,99,4,230.74
721,1925,14,5,169.31
722,3096,41,3,84.9
723,2539,2,2,200.41
724,1297,19,4,127.21
725,2277,80,4,44.11
726,3,89,1,222.28
727,3493,1,3,91.28
728,1754,2,5,177.73
729,911,27,2,79.74
730,307,2,4,130.02
731,4232,94,2,205.9
732,4016,51,5,47.63
733,1439,10,3,244.54
734,873,19,1,26.85
735,1142,80,3,138.16
736,666,13,1,229.85
737,209,48,2,236.97
738,952,56,3,65.71
739,1058,72,3,44.56
740,4745,56,3,183.86
741,4723,50,5,20.07
742,4621,95,2,126.46
743,4009,45,1,201.13
744,1869,89,3,144.46
745,4865,59,2,55.12
746,772,39,5,126.89
747,4836,21,5,231.11
748,4031,55,2,158.13
749,522,57,1,183.16
750,3356,41,2,90.7
751,1401,93,2,55.24
752,3739,70,4,71.35
753,4344,82,5,137.96
754,3724,49,1,77.25
755,3248,44,4,140.07
756,1859,35,2,179.87
757,4782,91,5,186.26
758,4065,5,4,49.52
759,4682,71,4,190.1
760,2399,74,1,171.45
761,143,74,2,12.88
762,2852,51,1,24.13
763,3470,57,4,165.1
764,3696,58,4,102.09
765,718,92,1,45.06
766,643,36,4,20.66
767,3441,10,3,48.26
768,2549,50,5,239.8
769,3694,99,2,184.62
770,370,99,5,136.65
771,3651,37,2,235.97
772,787,20,4,158.59
773,950,13,1,184.15
774,522,75,1,77.84
775,2944,19,4,151.36
776,355,92,2,44.43
777,2336,56,4,107.08
778,1483,45,2,17.98
779,1648,60,4,61.99
780,3046,68,4,27.97
781,4632,57,4,103.07
782,2216,54,1,212.33
783,4717,37,2,100.7
784,428,83,4,209.59
785,2538,37,5,167.56
786,545,14,5,132.29
787,2765,95,1,66.85
788,4920,92,3,231.32
789,3766,100,1,23.01
790,659,44,3,175.34
791,2828,83,1,159.1
792,2059,42,5,115.85
793,3328,1,4,67.68
794,731,23,2,113.37
795,1833,64,4,219.47
796,409,28,5,210.82
797,4180,4,2,235.93
798,3248,41,3,83.87
799,4803,60,3,102.9
800,134,18,5,14.49
801,4884,63,2,236.31
802,4960,61,4,89.05
803,667,49,5,107.0
804,277,47,3,227.87
805,3308,39,5,136.38
806,882,89,4,145.88
807,2061,82,1,52.3
808,2083,6,1,129.68
809,1238,83,4,230.37
810,2453,53,2,144.09
811,159,76,5,71.23
812,2597,25,4,17.48
813,3816,99,1,90.71
814,4375,65,3,147.42
815,2527,5,4,20.23
816,111,65,4,156.35
817,542,8,4,135.62
818,1139,39,1,198.02
819,3284,43,1,16.93
820,3611,82,4,197.4
821,4456,73,4,135.01
822,3558,5,2,98.93
823,2420,4,3,241.69
824,1757,93,5,48.43
825,3087,1,5,139.92
826,2307,94,5,87.04
827,976,56,1,136.6
828,723,45,1,142.55
829,2571,65,2,31.47
830,325,3,1,168.67
831,1530,22,4,162.28
832,1946,72,3,194.67
833,4487,56,3,31.76
834,2431,18,3,81.34
835,4112,25,3,166.03
836,3511,48,5,42.82
837,846,84,5,172.62
838,4965,31,4,24.17
839,568,30,2,90.38
840,3689,80,1,213.21
841,2180,66,1,195.83
842,2020,81,5,164.74
843,3320,10,3,218.91
844,2321,71,4,180.22
845,1647,59,2,134.65
846,4004,51,5,245.13
847,3910,9,4,176.77
848,3421,54,4,154.33
849,2532,62,5,108.13
850,357,81,4,226.58
851,3082,9,3,80.97
852,2281,9,4,12.21
853,4132,24,2,57.22
854,2461,39,4,36.28
855,2788,75,1,86.56
856,4210,8,4,208.21
857,1198,25,5,166.37
858,1279,66,1,50.56
859,466,10,5,199.32
860,4001,24,2,131.01
861,3349,80,3,133.05
862,1488,83,2,96.91
863,4943,59,1,217.51
864,4598,31,3,86.4
865,4537,11,4,32.59
866,326,6,1,82.65
867,1766,70,3,181.68
868,4163,32,5,167.82
869,304,39,3,55.12
870,4580,48,5,36.83
871,1441,13,5,168.61
872,149,59,3,172.33
873,3035,67,2,97.88
874,2632,56,2,212.27
875,96,41,5,244.77
876,3456,56,1,59.35
877,4378,35,3,148.5
878,2370,38,1,11.28
879,3468,81,2,181.13
880,529,67,1,109.43
881,2311,34,4,56.38
882,4676,76,4,190.53
883,1664,88,2,204.56
884,3365,70,1,36.68
885,2342,11,3,19.84
886,4906,27,2,90.18
887,693,48,4,160.24
888,4331,24,2,200.42
889,952,18,1,141.05
890,1361,27,1,149.38
891,539,54,1,201.97
892,820,55,5,136.92
893,3163,21,1,156.68
894,3926,59,4,133.89
895,272,34,4,221.31
896,1029,97,5,66.52
897,3666,58,4,73.36
898,1243,48,4,40.71
899,1142,54,2,206.67
900,593,18,1,108.83
901,1606,3,2,93.49
902,4211,24,2,245.52
903,3378,1,4,232.43
904,4072,6,3,243.28
905,4303,19,1,44.15
906,3695,86,3,223.9
907,2351,43,4,88.89
908,4208,8,5,13.04
909,1441,69,2,103.91
910,3627,52,4,132.21
911,1883,73,4,35.97
912,3712,47,3,139.04
913,185,85,5,206.67
914,4997,28,2,100.64
915,221,46,5,94.63
916,3189,4,5,91.31
917,1094,88,5,231.54
918,2946,8,1,21.7
919,2475,61,5,116.82
920,2616,17,4,73.5
921,2013,34,1,224.51
922,2491,20,1,33.05
923,601,80,5,108.75
924,1161,74,4,107.64
925,4600,34,2,223.21
926,4314,43,5,61.72
927,2736,10,1,164.77
928,2219,94,2,42.26
929,4708,30,2,238.95
930,1153,25,1,152.32
931,57,57,2,160.3
932,1205,63,4,114.11
933,4342,71,4,92.15
934,144,47,5,61.04
935,368,84,5,154.96
936,1483,81,2,239.09
937,616,3,1,96.35
938,3639,46,4,221.96
939,3329,36,3,45.71
940,3228,26,5,234.67
941,1589,10,4,94.12
942,2490,34,2,101.13
943,3004,78,4,121.08
944,699,8,4,182.38
945,4972,55,2,182.72
946,2824,91,5,125.1
947,945,10,5,135.56
948,3882,57,3,17.2
949,923,79,3,83.03
950,1747,86,5,93.04
951,4121,45,5,144.09
952,2854,50,5,143.99
953,1560,64,5,180.38
954,1084,95,4,182.09
955,3539,2,3,66.45
956,434,45,2,194.84
957,2927,95,1,14.7
958,1090,62,2,181.88
959,2958,14,1,34.49
960,2613,74,4,185.12
961,4192,94,3,136.51
962,3760,100,1,114.94
963,4264,15,5,175.76
964,2090,14,4,18.73
965,1903,31,1,63.63
966,2568,29,5,157.95
967,1999,27,4,213.33
968,3115,85,1,101.47
969,2995,9,5,72.1
970,2011,20,3,134.5
971,4845,99,4,159.36
972,1892,58,1,110.82
973,831,79,5,220.41
974,49,88,3,135.63
975,4211,49,5,18.6
976,1179,57,3,63.53
977,3034,16,1,118.16
978,71,100,5,177.45
979,67,75,5,62.74
980,1778,8,2,244.3
981,2229,67,4,86.45
982,1790,19,5,137.8
983,613,67,3,14.55
984,1887,36,4,222.37
985,1623,89,1,199.32
986,697,60,4,56.91
987,1238,36,2,233.98
988,2407,11,1,85.8
989,249,51,5,176.12
990,638,80,1,206.55
991,950,55,1,187.82
992,1905,54,2,230.22
993,3588,17,3,217.43
994,1112,62,1,248.71
995,176,42,3,53.83
996,723,24,4,83.14
997,3843,17,2,162.69
998,3675,48,5,185.93
999,4867,84,1,138.31
1000,1948,86,3,27.74
1001,703,70,1,211.98
1002,2129,7,2,240.61
1003,927,14,5,107.32
1004,4234,11,4,63.95
1005,3505,12,4,14.64
1006,2518,5,3,66.95
1007,2398,5,4,177.98
1008,1150,20,3,228.78
1009,3381,54,5,32.44
1010,1879,55,1,142.78
1011,1254,58,2,176.93
1012,1484,79,5,76.33
1013,310,90,5,146.78
1014,3953,97,4,181.66
1015,3050,30,4,211.05
1016,1565,24,2,118.6
1017,1501,87,1,189.49
1018,4866,73,5,82.43
1019,16,3,4,61.13
1020,606,100,5,54.96
1021,1382,48,1,96.13
1022,4909,71,3,18.61
1023,3384,22,1,77.92
1024,895,14,5,166.53
1025,1568,48,5,165.5
1026,414,29,2,27.65
1027,4121,50,5,78.98
1028,2005,80,4,146.69
1029,316,98,2,86.45
1030,4667,10,5,110.32
1031,4821,71,1,181.07
1032,3056,89,5,12.22
1033,1850,27,1,76.33
1034,1954,79,1,44.17
1035,389,96,5,40.63
1036,2770,28,1,240.17
1037,4540,9,3,100.37
1038,3047,71,2,136.5
1039,2416,80,5,186.12
1040,2390,26,3,21.39
1041,304,99,1,67.85
1042,764,81,1,209.72
1043,1974,87,2,216.88
1044,816,8,3,99.51
1045,878,2,3,99.97
1046,4799,95,5,191.66
1047,2327,57,1,80.82
1048,2430,52,4,38.1
1049,2061,58,5,71.81
1050,4399,96,5,102.96
1051,1580,93,5,22.53
1052,4256,3,2,124.88
1053,2202,8,2,187.6
1054,3598,59,5,133.3
1055,1204,2,4,27.25
1056,2425,95,3,115.64
1057,3876,62,3,180.14
1058,2824,49,1,23.94
1059,3286,20,3,24.36
1060,2064,29,3,98.94
1061,1980,17,4,56.79
1062,4349,74,3,234.35
1063,3132,22,4,149.52
1064,3093,6,2,78.96
1065,4827,62,4,179.15
1066,3665,98,2,99.98
1067,2337,31,4,41.71
1068,3615,62,5,66.94
1069,498,12,2,164.26
1070,3818,12,2,22.45
1071,4644,63,3,75.45
1072,132,16,2,59.99
1073,858,25,4,58.27
1074,521,22,5,173.86
1075,30,91,5,208.2
1076,3397,88,3,181.81
1077,4605,76,4,164.97
1078,1261,18,4,229.95
1079,1559,45,1,24.01
1080,16,80,2,50.2
1081,3606,68,3,109.46
1082,1608,12,5,99.39
1083,3518,49,1,110.33
1084,2017,33,4,59.55
1085,3575,86,2,45.88
1086,1744,63,5,132.21
1087,3792,18,1,232.73
1088,3635,54,4,104.07
1089,1089,97,5,20.4
1090,1362,27,5,179.48
1091,3373,83,4,79.87
1092,4474,78,4,68.82
1093,476,25,3,87.82
1094,1290,34,5,183.72
1095,329,88,4,206.52
1096,4045,60,1,151.13
1097,1840,54,2,87.39
1098,1187,87,3,84.51
1099,4534,5,4,39.83
1100,3415,36,2,233.99
1101,3537,54,3,163.15
1102,1774,88,5,16.47
1103,2064,36,2,168.97
1104,1845,69,3,117.32
1105,4964,39,4,243.41
1106,2559,70,4,206.58
1107,1263,100,3,51.12
1108,3292,4,5,182.83
1109,1019,74,3,126.54
1110,1790,65,1,54.89
1111,3525,85,3,177.7
1112,3505,40,3,141.37
1113,807,37,4,17.29
1114,2667,67,5,165.18
1115,405,31,3,162.4
1116,594,91,2,44.58
1117,3950,81,4,93.76
1118,4108,87,4,150.62
1119,3281,77,3,43.31
1120,2213,47,2,214.65
1121,1543,27,3,16.6
1122,614,51,2,34.68
1123,869,20,4,37.87
1124,812,13,2,136.75
1125,1823,63,3,158.83
1126,4863,44,1,106.9
1127,4178,24,1,79.28
1128,1745,3,2,204.24
1129,2257,10,3,26.39
1130,4043,65,5,77.27
1131,3668,49,1,19.39
1132,522,58,4,13.33
1133,1526,77,3,94.81
1134,1470,78,3,56.76
1135,2676,97,1,74.41
1136,1514,2,5,207.03
1137,4877,66,4,49.12
1138,1452,31,5,197.26
1139,4655,68,4,172.01
1140,3431,98,1,88.35
1141,3008,83,3,141.17
1142,3125,37,4,116.66
1143,1754,73,3,40.81
1144,4956,24,2,227.72
1145,1613,77,2,146.71
1146,3276,44,1,221.26
1147,556,94,1,207.72
1148,4252,83,1,29.15
1149,2050,41,2,59.74
1150,825,74,4,44.86
1151,2850,51,5,209.39
1152,3031,42,1,216.99
1153,1082,78,5,136.71
1154,3326,40,5,35.0
1155,493,48,2,42.55
1156,4765,84,4,205.25
1157,75,4,2,233.01
1158,2992,60,1,57.87
1159,3361,39,2,12.67
1160,371,5,2,89.43
1161,4683,96,2,17.32
1162,329,6,1,208.71
1163,4686,14,1,127.96
1164,1791,70,2,164.05
1165,777,78,2,108.76
1166,2023,12,5,92.92
1167,4675,62,4,63.33
1168,4317,27,5,194.93
1169,1188,54,4,176.93
1170,1504,90,4,96.57
1171,3292,12,2,87.07
1172,3326,8,5,10.3
1173,188,74,4,25.25
1174,1215,16,4,159.58
1175,3287,52,1,133.51
1176,3447,26,4,114.35
1177,1110,8,2,208.6
1178,2522,45,3,130.94
1179,4940,93,1,102.28
1180,3880,84,3,48.7
1181,531,81,2,206.97
1182,1071,19,3,148.3
1183,3137,17,4,32.19
1184,963,65,3,165.74
1185,1406,29,5,112.02
1186,3138,14,2,204.73
1187,517,17,5,230.54
1188,3165,13,3,154.11
1189,1492,93,5,185.59
1190,3690,98,1,23.58
1191,4229,91,3,144.46
1192,4410,63,5,191.28
1193,591,33,4,129.22
1194,1544,29,3,152.45
1195,3057,37,1,225.75
1196,2207,83,4,57.54
1197,3340,46,3,33.58
1198,2709,24,4,175.75
1199,4030,14,3,207.48
1200,748,5,3,214.12
1201,801,53,2,163.99
1202,1498,88,5,209.97
1203,1380,98,3,178.16
1204,680,95,1,30.97
1205,3771,30,5,192.89
1206,3343,60,2,53.05
1207,897,73,5,66.79
1208,1547,91,5,104.72
1209,3127,28,3,85.5
1210,684,26,1,87.2
1211,1296,18,3,50.62
1212,1386,36,1,80.53
1213,943,8,1,14.72
1214,3281,18,4,123.5
1215,1034,84,3,194.46
1216,2787,58,2,216.94
1217,2234,32,5,206.9
1218,3646,93,4,109.95
1219,1621,49,2,185.3
1220,3536,48,3,79.09
1221,3206,82,1,23.33
1222,2883,71,3,172.23
1223,4905,65,3,165.71
1224,171,92,4,202.39
1225,1554,33,2,157.87
1226,3898,50,4,47.65
1227,1596,4,2,214.76
1228,1624,84,4,160.54
1229,4123,36,5,203.83
1230,1092,95,1,195.79
1231,2838,28,1,81.49
1232,408,3,1,27.89
1233,4170,6,5,52.36
1234,680,45,5,32.29
1235,4945,23,1,68.42
1236,4966,7,1,120.29
1237,237,61,2,227.63
1238,2775,100,2,219.28
1239,3438,65,3,182.46
1240,3358,6,4,15.79
1241,2878,24,2,91.93
1242,2424,37,2,173.76
1243,4715,45,2,40.97
1244,3148,51,2,202.26
1245,1033,100,5,229.5
1246,2855,88,3,94.99
1247,2941,45,2,179.4
1248,3702,63,4,45.57
1249,4071,29,2,175.8
1250,3133,96,5,15.15
1251,3461,25,1,46.19
1252,4943,10,1,180.37
1253,1924,35,3,180.84
1254,634,55,1,163.88
1255,4104,25,2,124.57
1256,1393,91,5,171.98
1257,3447,45,3,195.71
1258,3099,96,2,241.96
1259,4945,12,1,223.27
1260,62,4,4,200.69
1261,2470,90,2,176.74
1262,1818,67,4,147.8
1263,633,17,4,38.95
1264,4888,73,3,49.73
1265,2599,93,5,206.87
1266,3452,65,1,202.8
1267,1301,82,1,157.47
1268,2654,53,2,115.32
1269,1455,84,1,16.25
1270,1139,57,3,88.52
1271,3193,98,1,110.95
1272,4621,28,2,126.6
1273,4995,99,1,233.04
1274,2211,16,5,36.09
1275,4883,21,4,134.53
1276,3760,77,4,98.3
1277,3030,99,4,247.62
1278,1361,42,5,216.85
1279,2427,54,3,115.31
1280,4269,32,2,249.93
1281,64,38,5,133.38
1282,1346,70,2,50.11
1283,975,38,3,143.41
1284,4162,54,5,64.29
1285,3629,60,1,162.72
1286,1623,77,3,234.99
1287,458,77,4,198.69
1288,3331,47,5,75.56
1289,1741,12,3,81.25
1290,3027,53,3,26.63
1291,1955,33,5,78.61
1292,280,28,4,32.23
1293,2392,3,4,129.87
1294,1041,82,3,180.0
1295,962,26,2,190.28
1296,3846,54,3,24.29
1297,1218,40,5,91.59
1298,3221,66,5,79.16
1299,375,68,5,35.03
1300,4131,92,4,96.99
1301,1393,92,1,81.84
1302,2077,89,5,162.28
1303,775,90,5,221.99
1304,4317,47,2,119.16
1305,3425,2,2,189.2
1306,2124,42,3,45.04
1307,4590,34,3,224.79
1308,3594,94,3,46.62
1309,280,21,5,56.1
1310,4842,44,2,35.55
1311,2812,87,3,84.32
1312,2343,97,2,142.58
1313,1475,2,5,247.12
1314,1858,91,5,200.41
1315,2890,59,3,101.3
1316,1060,86,5,148.2
1317,1923,98,5,159.59
1318,3800,16,2,207.45
1319,4593,20,1,186.75
1320,2474,26,4,146.63
1321,4140,16,3,170.6
1322,1852,70,1,189.02
1323,3542,23,3,41.95
1324,4550,42,1,58.11
1325,595,37,5,175.26
1326,507,72,3,214.1
1327,4890,6,1,108.22
1328,21,37,4,245.17
1329,1400,22,5,61.86
1330,3202,6,3,110.01
1331,2462,32,3,100.85
1332,3679,17,1,233.27
1333,337,38,3,78.49
1334,1668,17,5,122.99
1335,3577,37,2,54.94
1336,910,23,1,135.1
1337,276,49,4,215.78
1338,892,61,3,82.97
1339,13,49,5,204.59
1340,4058,61,3,228.71
1341,3026,77,4,27.51
1342,974,32,5,191.54
1343,4271,86,4,71.28
1344,3971,63,5,52.08
1345,1409,7,2,154.27
1346,1944,22,5,179.34
1347,2289,85,4,104.74
1348,547,6,1,19.4
1349,1219,61,2,228.09
1350,1421,14,3,185.38
1351,1455,16,2,75.2
1352,3378,3,2,129.25
1353,2773,9,3,16.67
1354,4099,47,5,91.43
1355,2739,85,2,135.41
1356,3748,94,2,134.13
1357,1843,94,1,59.96
1358,747,42,1,196.42
1359,2817,42,4,81.73
1360,872,96,3,149.3
1361,495,23,5,75.17
1362,3445,3,5,112.04
1363,4724,1,4,59.8
1364,1076,67,5,161.92
1365,3995,71,5,112.14
1366,4238,3,1,13.87
1367,46,100,5,16.76
1368,3057,49,5,123.07
1369,2058,67,4,53.97
1370,664,55,4,150.41
1371,4669,4,2,107.97
1372,2030,31,5,167.06
1373,2697,66,5,238.57
1374,640,78,5,136.9
1375,2664,64,1,198.97
1376,2746,31,5,190.73
1377,4965,63,1,231.23
1378,4949,66,2,61.36
1379,4403,31,3,208.56
1380,2596,47,5,227.32
1381,3428,22,4,104.26
1382,395,74,4,85.32
1383,3598,94,5,238.49
1384,4845,97,1,160.63
1385,2333,83,4,101.36
1386,330,46,4,200.04
1387,2098,89,2,83.07
1388,773,58,2,52.34
1389,1646,61,2,140.55
1390,1733,46,4,145.89
1391,4474,1,4,208.18
1392,1788,96,5,119.69
1393,1624,25,5,205.5
1394,1000,61,1,84.72
1395,1849,81,4,148.09
1396,1562,14,5,60.03
1397,774,45,5,102.51
1398,1804,77,2,215.81
1399,1099,39,2,61.84
1400,2051,66,2,204.46
1401,1599,32,3,77.89
1402,748,96,5,18.28
1403,3974,58,2,36.38
1404,2323,56,2,189.01
1405,1554,6,4,72.9
1406,1616,89,2,166.99
1407,3755,67,4,177.81
1408,4425,82,1,92.83
1409,2303,50,2,123.98
1410,4222,38,4,106.9
1411,4863,3,2,237.36
1412,3656,5,1,86.79
1413,3396,24,2,54.0
1414,217,54,4,97.74
1415,3317,34,1,170.68
1416,1360,39,1,177.37
1417,3775,88,1,231.77
1418,4928,100,3,221.62
1419,4278,92,4,79.2
1420,4430,48,3,119.24
1421,4607,49,1,189.34
1422,4479,34,3,229.97
1423,1897,80,2,90.92
1424,4428,100,3,116.67
1425,900,7,5,225.87
1426,642,18,1,96.04
1427,4730,70,1,125.32
1428,3628,92,4,227.08
1429,196,34,2,202.54
1430,1894,51,4,68.42
1431,3276,93,3,87.95
1432,4051,68,5,94.71
1433,4554,14,5,229.06
1434,4926,69,5,249.74
1435,2305,89,5,195.76
1436,3601,8,2,126.24
1437,3344,15,3,12.44
1438,2057,83,5,177.4
1439,2809,59,1,103.45
1440,1225,11,3,161.92
1441,887,20,2,155.61
1442,393,55,5,125.4
1443,1676,36,2,236.65
1444,3191,82,5,15.56
1445,2447,14,1,180.91
1446,3906,58,3,108.36
1447,3339,38,1,181.31
1448,3592,89,5,172.05
1449,3767,80,4,12.46
1450,2528,82,3,78.48
1451,2182,1,2,55.38
1452,3765,65,5,50.08
1453,355,1,1,184.83
1454,2632,85,4,67.49
1455,1522,60,5,123.94
1456,2673,25,2,69.28
1457,3179,91,1,149.26
1458,2338,10,3,182.94
1459,629,50,4,89.46
1460,2680,12,5,154.73
1461,4423,92,5,207.97
1462,1439,32,5,32.61
1463,1422,33,5,180.56
1464,1127,72,1,87.55
1465,2684,26,3,39.44
1466,1781,42,2,140.96
1467,1532,50,4,64.3
1468,1915,61,5,207.13
1469,1233,41,5,20.3
1470,1957,57,3,33.68
1471,393,2,3,135.04
1472,826,99,1,151.35
1473,2964,98,1,185.17
1474,2396,70,1,72.22
1475,4146,31,4,212.02
1476,4896,23,1,238.75
1477,1793,76,5,129.77
1478,3065,54,1,192.53
1479,1364,28,4,135.96
1480,2349,79,1,26.67
1481,3552,19,1,88.27
1482,3629,76,5,31.0
1483,3337,48,5,247.33
1484,1566,2,5,64.97
1485,3668,11,1,162.62
1486,2214,44,5,78.24
1487,4097,59,3,166.78
1488,1020,59,2,60.5
1489,1285,38,2,198.46
1490,63,25,5,36.59
1491,2531,21,4,224.84
1492,3393,42,5,211.7
1493,3273,36,5,172.91
1494,2270,9,1,26.18
1495,4248,12,4,60.06
1496,644,10,5,216.25
1497,4722,59,3,39.27
1498,217,5,2,47.42
1499,196,33,3,140.56
1500,3865,69,3,75.8
1501,3274,80,3,63.3
1502,2695,63,4,148.2
1503,3213,29,4,99.42
1504,2756,18,4,43.73
1505,1522,93,2,138.36
1506,1081,6,1,102.88
1507,722,53,5,186.28
1508,1563,82,5,34.66
1509,640,32,1,158.95
1510,4261,42,5,114.76
1511,4311,47,3,107.45
1512,3788,31,2,65.75
1513,3737,62,5,17.3
1514,90,56,2,213.45
1515,2922,11,1,88.34
1516,1252,26,5,173.46
1517,1103,92,2,237.42
1518,4704,27,3,145.6
1519,349,83,3,105.32
1520,3914,57,1,74.39
1521,4053,27,4,234.17
1522,2942,59,5,173.7
1523,246,62,3,169.67
1524,272,20,3,112.28
1525,2031,3,1,212.81
1526,4499,16,3,181.28
1527,3188,44,5,77.96
1528,3507,93,1,153.9
1529,1466,79,2,113.25
1530,1196,30,1,11.58
1531,3088,40,5,203.83
1532,3009,65,5,39.48
1533,3824,29,2,132.39
1534,1615,30,1,90.69
1535,1127,32,5,92.1
1536,4380,10,5,124.57
1537,517,91,2,249.29
1538,2666,51,4,108.01
1539,1302,8,1,53.76
1540,612,51,5,157.27
1541,750,36,3,66.71
1542,1857,55,2,35.33
1543,400,35,4,22.04
1544,1527,36,4,15.49
1545,2025,56,2,113.48
1546,320,36,4,112.41
1547,336,89,5,54.53
1548,2099,84,4,198.16
1549,174,61,1,41.02
1550,4020,62,3,229.68
1551,1642,81,5,151.02
1552,501,87,2,16.63
1553,3647,25,3,241.11
1554,2364,64,5,83.91
1555,1857,60,3,117.99
1556,3153,57,4,78.22
1557,1897,95,2,184.82
1558,1719,70,2,126.56
1559,1779,99,1,41.77
1560,4793,52,4,35.01
1561,3058,56,1,184.09
1562,4828,63,1,66.9
1563,2714,68,4,43.07
1564,3829,20,5,129.86
1565,4748,54,1,202.66
1566,1095,1,3,76.91
1567,46,90,5,76.34
1568,1446,98,4,210.13
1569,2197,10,2,45.48
1570,3202,23,5,158.01
1571,456,51,1,239.2
1572,1663,24,3,211.91
1573,2925,13,4,24.84
1574,966,29,2,86.78
1575,4965,58,3,44.17
1576,1529,91,2,237.82
1577,2977,95,4,246.63
1578,3072,43,5,66.4
1579,4870,10,1,170.73
1580,2522,31,4,211.99
1581,1127,74,3,66.08
1582,3405,88,5,55.04
1583,4493,97,2,12.69
1584,2344,14,5,108.87
1585,107,99,5,225.86
1586,2578,34,3,226.72
1587,3155,17,1,40.66
1588,4384,21,5,59.04
1589,4054,96,5,107.93
1590,4802,67,1,197.35
1591,215,58,1,156.84
1592,4440,79,2,133.32
1593,4290,8,2,152.06
1594,4254,96,1,33.09
1595,465,38,4,124.64
1596,2373,26,1,248.1
1597,592,64,2,31.23
1598,2189,30,3,134.62
1599,884,9,3,80.96
1600,4159,32,5,139.58
1601,304,11,3,147.72
1602,4492,86,2,148.59
1603,334,34,3,214.53
1604,2834,18,4,103.54
1605,4507,19,1,133.92
1606,2332,54,1,12.62
1607,4562,82,2,199.49
1608,80,37,5,72.28
1609,3764,82,1,205.97
1610,2832,12,3,73.75
1611,1978,4,4,12.59
1612,733,43,5,47.16
1613,3977,27,5,246.56
1614,1818,51,5,86.75
1615,1385,5,1,36.12
1616,2125,6,5,38.5
1617,1199,77,2,84.48
1618,2293,87,3,19.03
1619,4218,56,4,132.76
1620,185,89,3,61.3
1621,4128,68,2,134.63
1622,998,96,2,43.78
1623,1987,44,3,113.17
1624,2810,15,1,153.5
1625,4665,90,2,24.88
1626,2358,42,5,105.7
1627,1680,11,4,82.61
1628,4926,73,4,67.69
1629,3040,11,2,155.09
1630,4887,66,5,151.25
1631,2512,27,3,161.37
1632,3528,58,4,48.13
1633,3027,90,5,78.57
1634,2746,72,5,60.32
1635,4174,21,1,139.72
1636,2582,21,2,120.66
1637,4204,72,5,89.27
1638,2812,1,3,198.64
1639,4091,58,4,32.55
1640,370,13,1,243.98
1641,3744,73,3,37.97
1642,2005,92,4,195.54
1643,1704,6,2,98.38
1644,3325,87,3,217.66
1645,441,100,4,27.8
1646,3258,58,1,99.93
1647,2907,17,4,90.51
1648,227,73,5,248.36
1649,2402,12,1,246.53
1650,4719,86,3,55.55
1651,1025,52,2,161.19
1652,3492,76,1,138.52
1653,4257,70,1,47.05
1654,871,73,1,50.27
1655,3200,52,4,247.42
1656,1746,37,5,118.66
1657,444,3,2,40.19
1658,4559,98,2,61.55
1659,473,8,5,74.4
1660,80,10,4,132.62
1661,240,47,4,90.53
1662,4653,41,5,119.2
1663,590,64,5,49.96
1664,1361,42,3,88.41
1665,1885,43,4,26.88
1666,2317,9,1,223.53
1667,4431,14,2,57.7
1668,312,91,4,191.66
1669,1077,96,5,93.89
1670,34,4,1,123.86
1671,1842,2,3,79.9
1672,4482,97,3,177.15
1673,249,85,1,212.69
1674,1135,1,1,78.7
1675,4890,75,5,68.13
1676,4948,65,5,173.55
1677,376,46,2,56.84
1678,724,59,2,163.56
1679,1914,75,3,32.66
1680,4298,7,1,158.83
1681,2493,66,3,133.22
1682,1943,15,5,37.34
1683,4005,72,4,165.78
1684,2345,47,5,117.17
1685,1332,90,4,62.11
1686,4589,40,1,94.81
1687,338,42,1,128.1
1688,1866,51,1,31.97
1689,3138,35,2,239.83
1690,792,41,2,169.73
1691,3612,85,4,34.61
1692,3701,57,3,207.49
1693,1517,38,3,87.41
1694,3954,72,4,153.23
1695,3909,96,2,76.51
1696,2674,8,5,186.02
1697,2123,74,4,183.52
1698,3786,63,3,142.49
1699,59,87,4,67.82
1700,2434,4,4,70.89
1701,2063,48,1,101.89
1702,1255,52,2,44.8
1703,3689,38,1,91.04
1704,3749,94,2,174.25
1705,4131,87,4,209.4
1706,4258,5,2,89.82
1707,3030,85,3,66.06
1708,2847,70,1,209.83
1709,4991,81,4,223.77
1710,471,89,3,108.41
1711,4036,24,2,16.46
1712,2900,86,2,176.79
1713,1447,77,3,198.17
1714,4444,17,2,14.33
1715,4790,78,1,152.81
1716,913,98,5,151.21
1717,4243,90,2,100.89
1718,1712,83,4,189.94
1719,675,26,2,112.76
1720,1440,3,4,172.43
1721,2735,2,2,134.11
1722,3631,92,2,69.63
1723,686,2,4,155.56
1724,1127,22,1,186.86
1725,4217,71,5,243.74
1726,2467,4,5,101.23
1727,2398,38,1,25.47
1728,4138,84,2,247.11
1729,3439,70,5,159.71
1730,4125,73,1,237.15
1731,966,52,1,34.92
1732,920,31,5,92.09
1733,4914,26,4,42.14
1734,2873,36,3,210.52
1735,1509,26,4,221.28
1736,1213,28,2,130.31
1737,872,5,4,54.79
1738,4391,74,3,40.51
1739,3255,18,3,151.16
1740,864,15,1,131.53
1741,3954,57,2,176.75
1742,3109,97,1,83.25
1743,3056,5,4,106.57
1744,3995,37,4,15.13
1745,2683,86,5,156.43
1746,4691,86,1,111.55
1747,614,22,1,230.74
1748,1873,52,1,164.03
1749,3155,15,1,105.69
1750,4561,17,3,73.26
1751,3374,51,5,227.27
1752,3192,45,2,13.9
1753,568,63,2,88.46
1754,4134,28,2,236.44
1755,245,59,3,166.97
1756,21,86,5,137.85
1757,394,21,5,58.85
1758,3815,42,3,210.01
1759,2056,81,1,59.01
1760,3516,69,4,69.58
1761,2376,82,1,56.04
1762,1911,17,2,47.96
1763,290,68,1,238.79
1764,2559,7,3,154.49
1765,361,89,2,163.08
1766,1623,40,4,239.04
1767,4315,40,2,65.34
1768,4095,43,1,11.42
1769,2454,73,5,153.73
1770,2016,83,5,131.88
1771,2041,51,5,124.64
1772,2045,73,2,24.85
1773,2801,23,5,119.06
1774,2971,95,3,79.01
1775,832,32,4,75.9
1776,1794,31,5,63.37
1777,3693,17,3,89.81
1778,1792,58,3,94.75
1779,2842,86,2,84.11
1780,4691,35,2,244.9
1781,2155,30,4,233.86
1782,581,64,4,147.88
1783,2854,53,1,245.45
1784,2237,51,4,247.89
1785,4177,37,2,95.43
1786,2156,90,3,116.85
1787,1345,6,1,240.17
1788,346,34,4,156.07
1789,1887,56,3,61.1
1790,555,96,2,175.45
1791,3771,25,5,59.38
1792,4398,13,1,91.45
1793,200,63,3,64.61
1794,2941,66,2,68.8
1795,3491,5,2,11.12
1796,307,75,1,221.37
1797,3076,11,1,81.04
1798,1657,88,4,30.73
1799,2693,78,4,30.88
1800,1765,94,1,143.44
1801,276,44,1,248.3
1802,3362,99,3,44.81
1803,1402,85,4,33.91
1804,4734,69,2,115.19
1805,1776,2,4,145.2
1806,3382,40,4,80.65
1807,4051,37,1,82.61
1808,3461,49,1,111.87
1809,1881,98,4,85.39
1810,3836,75,5,229.68
1811,4279,36,5,20.07
1812,1845,75,4,66.3
1813,3378,73,5,204.05
1814,72,70,4,210.15
1815,1677,34,1,36.77
1816,1296,58,1,243.7
1817,1044,37,1,176.41
1818,2626,96,2,75.42
1819,3043,60,1,119.45
1820,815,12,1,81.31
1821,2195,32,4,46.01
1822,3501,81,5,79.88
1823,310,4,5,149.22
1824,2062,33,1,208.23
1825,4228,43,1,97.25
1826,1878,9,1,93.5
1827,2803,98,4,122.32
1828,2487,51,4,164.69
1829,4836,94,4,190.39
1830,3746,20,5,88.43
1831,795,39,2,150.72
1832,4015,23,5,103.45
1833,4354,41,4,181.94
1834,3408,44,3,49.52
1835,2457,35,2,71.66
1836,1852,23,1,112.25
1837,975,58,5,223.46
1838,1048,48,2,147.6
1839,4367,87,3,241.7
1840,4238,58,2,34.79
1841,3790,57,5,120.44
1842,4998,87,4,110.58
1843,3022,39,1,154.05
1844,4370,28,4,204.87
1845,4030,64,4,211.95
1846,465,62,5,170.85
1847,288,83,4,163.97
1848,3196,62,4,237.77
1849,876,94,5,102.08
1850,1993,85,5,209.87
1851,2926,88,3,231.16
1852,1121,85,4,127.97
1853,447,26,2,184.98
1854,2833,51,1,100.48
1855,3569,50,1,48.13
1856,2897,36,5,150.76
1857,722,26,5,57.15
1858,2164,33,3,119.82
1859,2583,100,4,219.49
1860,1352,68,5,30.64
1861,3981,73,5,17.3
1862,4503,8,1,155.55
1863,3385,66,4,89.45
1864,1726,93,3,110.31
1865,694,23,5,107.37
1866,3414,70,5,30.79
1867,495,55,5,10.86
1868,948,43,1,225.62
1869,23,100,5,62.27
1870,1129,21,5,112.26
1871,558,22,1,243.26
1872,1617,9,5,208.42
1873,3731,34,4,35.9
1874,1657,59,4,132.04
1875,4174,26,1,185.22
1876,807,1,4,177.61
1877,3313,100,3,192.6
1878,4864,5,5,119.79
1879,454,41,3,52.22
1880,2976,63,4,121.57
1881,2325,22,1,165.49
1882,1448,68,1,156.06
1883,2562,48,3,26.93
1884,2512,66,4,25.59
1885,2872,16,5,241.66
1886,363,80,4,46.43
1887,3455,53,4,80.67
1888,2799,86,1,194.23
1889,4621,65,2,108.32
1890,3454,79,5,53.55
1891,3256,64,5,122.14
1892,1218,88,1,146.55
1893,1486,68,4,118.66
1894,2104,63,1,230.55
1895,2537,62,4,78.33
1896,1856,82,2,168.72
1897,4818,81,2,36.95
1898,1208,71,3,104.15
1899,1449,45,4,187.84
1900,1508,52,1,63.96
1901,1004,74,1,151.55
1902,926,65,1,46.82
1903,4952,2,3,34.65
1904,84,49,5,135.58
1905,3743,22,1,172.0
1906,3928,96,2,37.21
1907,1543,29,1,230.27
1908,986,35,1,64.19
1909,4232,81,1,38.79
1910,909,76,5,58.65
1911,2909,24,1,50.7
1912,4686,94,5,31.76
1913,2738,30,5,201.48
1914,2587,84,3,128.93
1915,1144,42,2,103.24
1916,1332,71,1,238.15
1917,3349,50,1,99.04
1918,1554,71,1,50.07
1919,2343,60,5,75.77
1920,1807,30,4,67.35
1921,2101,12,2,129.7
1922,806,49,1,79.96
1923,4148,95,4,133.85
1924,2776,82,4,170.63
1925,72,46,4,196.55
1926,28,43,2,180.44
1927,469,2,4,59.34
1928,3984,97,1,37.82
1929,764,75,1,140.19
1930,1425,98,3,57.74
1931,2249,80,5,30.38
1932,3833,54,4,136.5
1933,4916,35,5,88.43
1934,4061,52,5,191.48
1935,4071,33,5,85.41
1936,1676,85,5,244.89
1937,560,84,5,192.05
1938,4475,72,1,23.85
1939,3832,51,2,132.13
1940,1919,26,4,145.03
1941,79,97,4,176.87
1942,4930,62,1,129.47
1943,3648,61,1,126.03
1944,1032,26,5,98.31
1945,2073,37,2,75.15
1946,4546,30,4,237.09
1947,1485,95,3,86.22
1948,2246,97,1,25.22
1949,1551,11,3,50.15
1950,4786,53,4,215.75
1951,4683,41,1,150.79
1952,1830,5,4,196.91
1953,3752,66,1,204.11
1954,4723,13,4,207.58
1955,2032,63,3,142.15
1956,4460,82,2,52.51
1957,3857,90,1,45.58
1958,2183,25,3,147.76
1959,4470,44,4,97.96
1960,2095,14,3,143.93
1961,3904,69,1,129.63
1962,3033,59,3,154.53
1963,1549,56,4,17.71
1964,368,52,5,17.88
1965,65,66,2,183.18
1966,3300,68,2,56.35
1967,4850,12,5,166.53
1968,2036,75,1,141.18
1969,2864,68,3,245.63
1970,1877,43,3,210.5
1971,4852,73,5,109.15
1972,2229,74,5,157.94
1973,597,91,4,38.15
1974,3607,6,4,102.73
1975,2675,15,2,186.13
1976,3890,42,1,159.44
1977,3507,31,1,126.27
1978,1835,86,5,52.37
1979,1396,53,2,202.76
1980,1587,6,2,75.56
1981,112,33,4,206.91
1982,453,29,3,156.79
1983,2804,21,1,99.46
1984,2632,54,2,19.75
1985,2187,56,4,65.78
1986,4349,94,4,223.38
1987,2005,21,4,206.31
1988,1460,100,3,147.96
1989,1943,55,2,121.92
1990,3494,58,5,165.31
1991,1858,64,5,121.9
1992,62,86,4,164.63
1993,1495,46,4,83.78
1994,1181,84,3,211.24
1995,4902,22,4,178.46
1996,2789,60,2,89.19
1997,1876,11,4,209.36
1998,2209,47,4,126.96
1999,4637,31,2,51.91
2000,4722,77,1,28.65
2001,106,18,5,177.91
2002,1155,22,4,217.63
2003,3429,56,2,203.79
2004,4088,17,5,167.36
2005,1709,38,3,43.93
2006,2824,25,1,32.57
2007,3926,32,4,92.81
2008,1909,15,1,215.18
2009,2050,13,4,240.82
2010,4465,58,4,67.93
2011,1275,90,4,192.9
2012,946,50,1,147.73
2013,3905,11,3,17.63
2014,2228,13,2,140.3
2015,3797,97,2,203.43
2016,293,50,3,76.27
2017,4680,38,3,225.37
2018,2223,1,4,66.7
2019,3974,39,4,28.35
2020,2492,27,2,48.39
2021,2476,36,4,210.88
2022,4861,32,4,110.15
2023,3730,41,3,201.27
2024,428,15,1,137.5
2025,2973,31,5,125.33
2026,107,6,5,203.66
2027,3620,89,4,111.64
2028,4755,52,4,202.49
2029,3334,82,5,34.16
2030,3993,22,3,162.71
2031,1226,31,5,178.62
2032,4005,100,5,225.78
2033,4251,73,5,63.84
2034,3369,46,4,155.01
2035,896,67,4,113.98
2036,3906,97,5,101.87
2037,1621,91,4,35.61
2038,3864,43,5,42.22
2039,2293,1,3,210.88
2040,1386,44,4,189.94
2041,3900,57,1,101.76
2042,3593,9,4,208.84
2043,2434,5,3,29.38
2044,2807,79,3,159.95
2045,3384,9,4,218.36
2046,1302,45,2,211.33
2047,759,92,5,99.47
2048,747,77,5,188.86
2049,593,24,3,112.59
2050,2887,74,4,211.63
2051,4112,42,2,137.38
2052,1069,22,1,193.57
2053,3308,60,5,28.86
2054,703,86,2,151.61
2055,4709,37,5,142.07
2056,105,39,4,156.39
2057,1498,84,5,176.95
2058,3834,74,1,230.35
2059,396,74,4,198.56
2060,3518,90,3,62.71
2061,2654,89,2,208.22
2062,3292,53,5,39.3
2063,2011,28,4,159.33
2064,3882,77,4,221.86
2065,4947,15,5,34.27
2066,1989,60,3,213.93
2067,4538,60,5,201.67
2068,1669,6,3,130.91
2069,4969,52,5,84.14
2070,4763,12,4,107.31
2071,1052,19,1,242.48
2072,2842,96,1,58.41
2073,4724,75,4,149.11
2074,3585,97,1,29.98
2075,348,2,3,62.29
2076,1264,55,4,193.2
2077,4666,15,3,82.62
2078,2743,64,4,246.58
2079,2074,100,3,130.2
2080,3149,69,3,133.97
2081,1352,15,1,18.72
2082,2822,43,4,239.57
2083,3828,74,5,51.82
2084,670,17,1,139.2
2085,4814,98,3,104.96
2086,2647,24,3,109.74
2087,267,74,5,164.39
2088,1439,30,5,168.9
2089,2694,67,3,47.03
2090,1023,51,5,129.9
2091,2038,60,2,199.71
2092,565,3,1,116.39
2093,1060,5,4,49.79
2094,1425,28,5,85.17
2095,4124,78,5,60.97
2096,220,11,2,40.2
2097,406,72,4,100.62
2098,1638,72,2,139.82
2099,2319,76,4,27.46
2100,1760,15,1,154.92
2101,1675,83,5,248.33
2102,792,48,1,241.39
2103,3583,46,4,209.0
2104,1310,28,5,73.92
2105,3834,7,2,15.38
2106,4930,71,3,210.05
2107,4413,94,2,23.37
2108,1331,82,3,59.35
2109,4447,88,2,140.67
2110,511,6,4,52.81
2111,2573,58,1,210.11
2112,3930,68,3,196.52
2113,492,55,4,191.38
2114,1618,67,1,205.87
2115,2057,49,1,62.73
2116,1521,51,5,184.93
2117,1584,59,5,95.27
2118,1576,6,5,170.04
2119,3947,90,3,39.29
2120,1762,51,3,179.34
2121,1992,38,1,243.31
2122,3180,11,3,20.46
2123,3327,52,1,32.52
2124,1047,93,4,39.67
2125,2893,20,2,113.34
2126,2614,10,1,79.79
2127,3893,26,1,203.66
2128,4145,48,4,123.71
2129,462,91,5,126.29
2130,4432,14,5,182.09
2131,1382,100,5,96.87
2132,1146,59,1,94.77
2133,3516,12,1,191.66
2134,4455,23,3,197.21
2135,193,85,3,13.46
2136,3535,72,2,44.51
2137,756,39,2,61.14
2138,1685,9,3,94.38
2139,2526,88,1,79.95
2140,828,95,4,170.44
2141,890,25,3,208.75
2142,4749,17,1,56.1
2143,2456,42,3,145.12
2144,2334,29,5,98.28
2145,4947,60,3,131.39
2146,111,67,5,158.98
2147,4716,85,1,224.46
2148,793,57,5,56.15
2149,4684,72,3,30.88
2150,2644,14,5,160.53
2151,3415,39,4,104.59
2152,1310,16,5,49.1
2153,297,18,5,38.1
2154,1630,95,2,144.14
2155,569,75,4,82.11
2156,4928,20,1,249.38
2157,4706,46,5,107.42
2158,4112,45,4,60.95
2159,72,4,1,160.92
2160,4366,84,4,68.62
2161,4383,95,2,128.58
2162,66,20,1,125.82
2163,880,11,1,118.85
2164,68,65,5,201.06
2165,1217,18,3,61.99
2166,3028,39,1,227.03
2167,3240,44,1,199.92
2168,3481,97,2,89.95
2169,508,100,2,53.34
2170,3715,18,2,77.09
2171,2885,47,5,89.83
2172,1126,31,1,143.66
2173,886,99,2,21.13
2174,2842,39,2,229.45
2175,3878,38,4,33.68
2176,4871,79,4,77.03
2177,2526,47,2,36.23
2178,926,70,5,71.6
2179,4216,8,3,211.04
2180,1939,86,4,157.64
2181,3815,65,4,64.56
2182,3363,13,1,219.22
2183,4584,55,1,202.17
2184,3233,88,2,190.88
2185,3745,85,1,213.43
2186,3466,43,1,158.72
2187,441,4,3,130.34
2188,3612,71,5,99.74
2189,462,60,2,63.7
2190,612,12,3,143.78
2191,3472,59,2,223.48
2192,3164,77,5,152.56
2193,6,54,2,230.71
2194,4777,44,1,95.66
2195,3971,16,5,176.83
2196,2859,6,3,165.68
2197,2607,14,3,170.9
2198,99,58,4,164.81
2199,526,31,3,63.2
2200,1181,100,4,44.46
2201,1690,41,1,244.87
2202,1139,35,3,20.87
2203,4492,10,5,122.26
2204,4866,81,4,112.02
2205,3072,30,3,96.4
2206,2928,44,1,197.68
2207,2793,55,5,188.88
2208,4779,71,5,227.25
2209,15,18,1,104.92
2210,2416,83,3,145.4
2211,2686,79,2,224.15
2212,2901,86,3,248.52
2213,1237,39,4,242.63
2214,4101,42,4,182.28
2215,3221,54,3,44.37
2216,1608,30,4,15.56
2217,3564,20,2,208.05
2218,3298,96,2,211.83
2219,2634,42,5,189.13
2220,3891,89,4,77.18
2221,4265,87,3,163.56
2222,2809,5,5,85.9
2223,792,50,2,118.16
2224,1000,41,5,101.78
2225,152,94,1,229.27
2226,3064,39,4,66.2
2227,4600,57,3,148.63
2228,2092,91,2,96.64
2229,4600,57,5,169.14
2230,4083,37,3,145.5
2231,4027,7,4,231.75
2232,2978,5,3,34.39
2233,843,79,4,62.95
2234,4447,51,4,193.92
2235,3794,8,4,98.51
2236,2071,56,5,49.79
2237,1660,73,4,130.8
2238,598,11,3,166.51
2239,2514,22,1,20.76
2240,4136,98,3,79.99
2241,4271,99,5,204.26
2242,3604,77,4,134.86
2243,1217,11,1,18.49
2244,2292,60,5,77.67
2245,4932,96,2,163.39
2246,3812,15,2,57.85
2247,4994,38,2,208.57
2248,932,1,1,172.38
2249,2139,46,3,123.13
2250,4003,88,1,229.75
2251,2979,43,1,104.03
2252,3893,22,1,66.42
2253,4596,3,2,168.74
2254,2919,14,3,147.59
2255,2565,2,1,90.46
2256,1764,61,3,92.48
2257,2171,32,4,105.57
2258,336,38,1,79.87
2259,1177,97,1,180.46
2260,3022,46,1,166.33
2261,779,42,4,115.79
2262,1186,6,4,105.49
2263,3286,41,2,97.61
2264,3448,25,5,78.03
2265,3992,98,3,30.57
2266,2471,11,5,74.37
2267,939,41,1,87.09
2268,4900,71,1,141.44
2269,4007,57,2,195.71
2270,1936,46,5,104.97
2271,634,86,1,236.74
2272,1254,48,5,208.56
2273,1083,63,2,246.35
2274,2144,39,5,220.29
2275,1286,10,3,158.01
2276,354,85,2,153.64
2277,1886,70,5,41.09
2278,1819,65,1,183.38
2279,2521,98,4,154.05
2280,4009,59,4,131.66
2281,3023,78,2,176.39
2282,2585,36,4,116.57
2283,1548,27,3,135.73
2284,4019,73,2,105.6
2285,4205,55,1,182.17
2286,1369,70,1,220.39
2287,3338,95,2,211.8
2288,1758,81,4,198.65
2289,1518,53,4,13.31
2290,4918,60,1,228.85
2291,3485,61,3,75.97
2292,3686,36,4,223.11
2293,3053,85,3,57.27
2294,2697,27,4,115.51
2295,191,41,2,189.86
2296,933,28,5,163.67
2297,4238,16,1,109.82
2298,3239,35,2,172.87
2299,2216,36,4,141.75
2300,566,56,1,76.18
2301,1135,99,5,165.12
2302,744,19,5,59.02
2303,673,57,4,176.56
2304,2912,85,1,10.75
2305,531,33,4,141.71
2306,3022,23,5,106.26
2307,562,63,2,82.74
2308,302,70,2,133.77
2309,3768,96,3,164.87
2310,4281,22,5,241.67
2311,510,67,5,209.94
2312,3446,99,4,182.12
2313,2204,80,3,124.95
2314,2835,59,3,104.11
2315,795,25,1,17.81
2316,2480,17,4,96.18
2317,1524,39,2,213.61
2318,4857,77,1,102.17
2319,2195,92,3,120.78
2320,2529,75,2,75.24
2321,435,74,5,75.79
2322,2039,39,4,24.85
2323,1707,24,3,157.31
2324,69,38,5,117.54
2325,1905,88,3,155.43
2326,3960,97,2,141.25
2327,2952,81,1,201.72
2328,4650,57,2,190.24
2329,2714,44,4,195.15
2330,3370,36,4,129.82
2331,4596,99,3,94.93
2332,3728,70,2,234.02
2333,2405,80,1,23.02
2334,3326,45,4,46.63
2335,3547,92,1,110.7
2336,2304,96,5,157.35
2337,3682,26,3,11.97
2338,3222,11,1,182.64
2339,4375,52,3,144.09
2340,1083,25,5,126.33
2341,446,31,1,111.64
2342,4932,85,1,134.68
2343,4851,45,5,48.83
2344,1593,67,2,36.09
2345,2776,76,1,79.51
2346,3817,40,1,180.28
2347,3054,46,4,151.19
2348,1591,54,2,125.23
2349,2232,41,1,147.17
2350,1562,89,5,144.22
2351,4273,81,3,83.69
2352,3647,38,5,33.39
2353,4943,100,2,225.23
2354,3239,36,4,153.98
2355,1601,83,4,177.46
2356,2057,44,4,121.36
2357,4332,57,5,191.56
2358,710,66,3,150.28
2359,2972,81,3,22.91
2360,2733,30,1,223.62
2361,794,10,3,83.33
2362,3100,99,3,43.09
2363,2856,61,1,31.13
2364,27,63,5,182.91
2365,3268,36,5,178.95
2366,85,54,2,178.04
2367,3102,97,5,229.78
2368,1123,65,4,93.75
2369,12,82,4,144.67
2370,1749,4,2,158.68
2371,3110,55,3,245.08
2372,1877,54,2,84.96
2373,2620,91,1,239.52
2374,180,89,2,45.7
2375,797,64,2,193.36
2376,3814,92,4,161.89
2377,2025,22,1,206.06
2378,3218,25,1,16.88
2379,887,81,2,28.75
2380,2469,59,1,26.73
2381,3388,57,1,152.31
2382,1520,54,5,154.7
2383,2433,44,1,227.47
2384,4867,52,3,122.22
2385,917,76,1,26.33
2386,2071,16,4,60.29
2387,3977,16,5,11.94
2388,1782,81,4,196.41
2389,339,55,4,205.74
2390,1517,61,3,249.51
2391,2871,95,5,108.93
2392,3583,79,2,14.63
2393,915,77,1,66.34
2394,3291,40,3,151.06
2395,4571,91,3,240.87
2396,1447,21,2,34.86
2397,1380,66,3,39.18
2398,1484,8,2,178.42
2399,2075,71,2,170.13
2400,801,10,2,70.12
2401,1247,57,3,205.15
2402,4960,4,2,40.91
2403,2738,43,3,232.18
2404,3496,100,5,58.25
2405,4835,99,2,29.52
2406,3258,63,3,91.49
2407,3878,43,3,55.08
2408,982,67,3,136.47
2409,2477,82,1,174.84
2410,2089,51,1,127.82
2411,2953,56,2,168.55
2412,1012,43,5,97.58
2413,3465,24,2,16.7
2414,2751,96,4,243.78
2415,2127,34,4,206.66
2416,4813,59,5,27.62
2417,3862,2,5,117.8
2418,2592,2,5,162.4
2419,1474,10,1,55.74
2420,2522,23,1,148.72
2421,1166,15,4,138.08
2422,3323,76,5,59.98
2423,610,17,3,43.89
2424,2184,82,4,192.15
2425,2532,14,5,87.42
2426,2862,81,3,68.57
2427,4651,79,5,187.09
2428,1656,76,2,186.66
2429,1756,16,3,76.34
2430,46,32,2,219.42
2431,1260,23,1,175.18
2432,4639,34,4,92.98
2433,3233,98,5,112.6
2434,1452,16,4,184.41
2435,2119,34,5,60.78
2436,2568,71,2,122.5
2437,1993,33,3,166.85
2438,3124,68,3,139.48
2439,2341,43,5,156.0
2440,4908,64,2,141.09
2441,1489,71,5,57.81
2442,1574,18,5,108.45
2443,4963,68,5,137.68
2444,2428,61,3,197.22
2445,1767,75,5,166.94
2446,3550,20,3,112.38
2447,2310,11,1,243.86
2448,4676,79,2,35.87
2449,2405,46,1,59.63
2450,1443,64,5,91.92
2451,4794,81,3,64.86
2452,1977,98,2,160.11
2453,3974,76,4,19.49
2454,2491,28,2,52.58
2455,726,48,2,80.4
2456,3804,35,5,174.0
2457,4382,8,1,220.21
2458,3828,91,1,201.64
2459,4666,22,4,53.7
2460,3620,24,5,145.7
2461,2888,66,2,17.21
2462,498,95,1,84.53
2463,3977,86,1,203.44
2464,705,64,3,119.6
2465,4658,65,2,45.99
2466,4128,14,5,115.25
2467,3682,25,1,57.53
2468,4139,100,5,104.37
2469,1917,100,2,127.08
2470,1375,3,2,93.89
2471,1846,5,1,234.87
2472,4655,65,4,145.01
2473,1437,54,5,212.29
2474,3091,19,5,192.57
2475,1371,97,3,168.68
2476,1929,54,2,129.25
2477,1637,94,2,10.52
2478,92,76,1,157.23
2479,1844,10,1,95.43
2480,185,98,1,38.26
2481,4824,16,3,116.71
2482,1572,46,4,186.53
2483,832,29,1,240.8
2484,4441,15,1,99.79
2485,2126,48,1,140.25
2486,4263,11,3,214.3
2487,264,34,5,90.16
2488,1287,36,4,44.14
2489,1530,30,5,77.65
2490,1809,99,2,225.79
2491,1878,73,2,48.25
2492,1750,82,1,89.01
2493,1910,19,5,121.51
2494,2624,68,3,213.31
2495,1198,70,4,235.05
2496,2479,33,5,112.19
2497,4864,96,5,233.67
2498,2511,80,4,48.75
2499,101,75,5,47.64
2500,3088,22,5,237.82
2501,1920,36,4,132.32
2502,2292,23,3,54.62
2503,3321,63,4,127.12
2504,105,26,1,197.97
2505,694,60,1,208.46
2506,3241,95,1,217.35
2507,3492,93,1,146.7
2508,3393,5,2,218.07
2509,4914,54,3,132.41
2510,2269,38,2,155.69
2511,3784,62,5,192.09
2512,3513,25,5,112.1
2513,890,98,4,27.66
2514,790,12,1,94.04
2515,4649,22,4,159.75
2516,4940,9,5,56.16
2517,659,84,1,45.61
2518,1019,29,3,80.34
2519,1954,44,5,17.71
2520,1191,93,4,188.42
2521,3707,27,4,72.09
2522,3658,55,5,39.82
2523,4847,81,2,177.79
2524,2297,5,3,212.3
2525,775,52,5,14.77
2526,2812,13,5,66.06
2527,1381,42,4,236.86
2528,3183,15,1,102.46
2529,4788,79,1,235.26
2530,4815,18,1,75.81
2531,4330,50,4,62.34
2532,3098,2,1,61.39
2533,1405,87,5,30.45
2534,3802,13,2,225.14
2535,1370,68,2,245.16
2536,2065,47,2,239.08
2537,2293,89,1,214.49
2538,2766,75,2,213.25
2539,2818,50,1,168.66
2540,717,12,5,208.29
2541,4041,13,5,60.0
2542,1712,9,4,103.1
2543,1226,59,4,163.8
2544,9,45,3,219.95
2545,598,70,5,168.51
2546,4119,43,1,211.37
2547,1609,74,3,123.75
2548,3032,23,5,182.15
2549,3668,79,1,245.2
2550,2247,45,5,46.84
2551,3627,23,5,232.46
2552,4072,34,1,135.37
2553,2823,16,5,164.37
2554,92,63,5,220.69
2555,851,51,5,108.32
2556,1108,32,4,110.49
2557,300,38,2,136.52
2558,2344,56,5,14.58
2559,1478,69,1,129.2
2560,1083,17,5,79.86
2561,2957,86,4,232.71
2562,2919,39,4,31.06
2563,1366,41,5,120.24
2564,2801,48,3,237.39
2565,3537,82,2,226.25
2566,3952,28,1,178.32
2567,2110,77,1,151.45
2568,776,50,1,77.38
2569,1453,1,1,98.07
2570,1682,50,4,31.63
2571,2304,19,2,198.67
2572,1852,98,5,87.73
2573,1898,59,5,170.27
2574,3419,68,3,95.82
2575,3598,67,5,121.44
2576,1328,41,2,143.2
2577,615,10,5,202.44
2578,245,28,4,60.68
2579,757,34,5,105.7
2580,824,39,1,41.22
2581,2828,83,1,28.18
2582,3808,56,1,155.12
2583,2780,52,1,55.38
2584,1847,100,4,24.35
2585,1241,3,4,225.3
2586,4612,23,4,138.24
2587,474,17,5,42.31
2588,4132,71,1,22.82
2589,3250,26,3,38.77
2590,1793,18,3,123.12
2591,1735,46,1,170.43
2592,4926,70,2,163.91
2593,3943,31,5,44.66
2594,945,93,3,162.04
2595,1512,9,4,107.17
2596,4082,35,2,121.54
2597,4527,81,4,202.34
2598,859,60,2,89.8
2599,3561,76,2,45.28
2600,230,63,5,219.63
2601,2418,100,4,60.91
2602,178,52,4,80.57
2603,3929,48,3,179.58
2604,2616,61,1,174.05
2605,1614,24,1,202.1
2606,2841,74,3,54.13
2607,2948,58,2,94.55
2608,1775,64,3,40.21
2609,3872,30,3,139.85
2610,82,29,4,80.22
2611,846,10,3,175.34
2612,2810,39,2,10.08
2613,1217,55,1,24.32
2614,4714,28,5,113.81
2615,3261,18,3,239.96
2616,3146,41,3,223.8
2617,2264,81,4,248.56
2618,2338,75,4,110.04
2619,445,65,3,21.18
2620,923,81,3,83.43
2621,4289,100,2,172.19
2622,4385,100,1,42.44
2623,2631,46,1,81.99
2624,1168,60,5,23.48
2625,3964,9,1,123.99
2626,3442,45,5,60.14
2627,3513,60,4,31.9
2628,896,28,5,108.69
2629,3723,97,5,94.29
2630,2061,3,1,139.0
2631,3035,51,3,189.77
2632,2388,8,4,37.02
2633,1898,70,2,199.87
2634,1800,59,5,16.31
2635,4408,61,5,116.34
2636,2781,58,5,150.98
2637,1128,70,3,239.68
2638,339,93,2,147.74
2639,4455,12,1,48.1
2640,1173,9,4,134.21
2641,2809,49,3,104.99
2642,4864,83,2,125.05
2643,3030,17,4,57.3
2644,2090,54,1,130.2
2645,4298,44,4,46.01
2646,3018,32,5,188.57
2647,4560,35,5,152.54
2648,449,78,3,28.85
2649,4894,49,4,223.51
2650,794,54,5,157.93
2651,437,16,3,85.87
2652,4627,85,3,20.95
2653,4661,12,3,161.73
2654,1621,88,1,99.63
2655,3502,98,5,227.83
2656,2920,8,5,18.37
2657,4309,21,2,19.38
2658,949,48,1,237.83
2659,3945,8,5,241.57
2660,1128,28,5,16.66
2661,192,80,2,181.85
2662,4013,10,4,63.16
2663,3761,52,4,178.33
2664,3731,15,1,218.5
2665,1404,4,3,34.2
2666,1991,90,2,67.3
2667,1105,79,2,15.78
2668,4801,100,5,20.52
2669,549,96,5,17.11
2670,3449,62,2,202.16
2671,1862,4,3,81.59
2672,4250,41,4,128.37
2673,571,73,1,199.08
2674,1785,99,4,128.79
2675,2288,55,1,113.01
2676,2422,28,3,12.78
2677,3973,47,2,146.33
2678,805,9,3,39.94
2679,799,2,2,193.52
2680,3276,67,5,71.86
2681,611,48,1,171.8
2682,1807,69,5,165.09
2683,4239,74,2,158.0
2684,3261,28,1,74.07
2685,4368,79,1,74.1
2686,3372,14,5,217.13
2687,2474,46,1,13.07
2688,2094,87,2,53.57
2689,2143,13,2,156.44
2690,4002,16,5,206.09
2691,3081,94,3,96.0
2692,4555,40,2,166.83
2693,1433,72,2,143.72
2694,2518,81,1,25.49
2695,2858,30,1,159.22
2696,506,81,2,205.34
2697,1097,99,5,248.19
2698,4180,65,3,17.11
2699,4155,58,1,168.41
2700,1045,88,1,109.49
2701,2205,48,3,12.35
2702,3903,49,1,157.45
2703,1353,89,5,39.38
2704,1597,2,1,100.86
2705,576,89,1,72.73
2706,680,14,2,96.68
2707,4299,97,5,128.25
2708,3713,17,5,96.21
2709,3829,31,2,142.66
2710,1130,10,4,67.28
2711,3905,70,3,162.49
2712,3194,89,5,214.9
2713,318,37,4,63.78
2714,3697,64,3,131.89
2715,4502,30,5,165.69
2716,2997,34,1,145.51
2717,3595,18,5,97.76
2718,3210,88,3,164.13
2719,2543,63,4,16.78
2720,679,49,1,98.78
2721,1890,56,3,137.83
2722,1644,91,3,14.95
2723,835,58,5,131.84
2724,2242,27,2,167.02
2725,2356,55,2,192.21
2726,1669,85,1,37.21
2727,2554,19,3,247.74
2728,281,23,4,155.48
2729,2763,47,1,97.17
2730,4704,79,1,69.78
2731,4579,66,5,147.5
2732,1247,99,4,221.61
2733,1773,51,3,134.94
2734,2165,84,3,168.75
2735,192,28,3,95.85
2736,2836,57,1,103.16
2737,2666,58,5,78.68
2738,2564,15,1,179.35
2739,307,16,2,96.21
2740,532,97,2,55.77
2741,4218,47,3,98.66
2742,2697,63,5,214.92
2743,4688,12,3,187.18
2744,59,43,3,90.31
2745,1574,84,1,227.63
2746,1141,29,3,27.96
2747,1811,49,3,21.94
2748,3199,3,5,40.59
2749,3477,69,5,37.95
2750,4495,60,5,31.08
2751,2563,66,3,168.72
2752,2853,87,5,154.2
2753,942,90,5,165.43
2754,4624,26,4,175.21
2755,1775,71,4,191.65
2756,1422,74,2,59.72
2757,436,69,1,159.35
2758,840,47,1,149.21
2759,4002,76,5,236.48
2760,4456,96,2,65.77
2761,4960,42,2,24.09
2762,2682,31,4,166.84
2763,1651,22,2,187.64
2764,1246,17,3,77.97
2765,2262,84,5,147.0
2766,916,20,3,24.29
2767,2640,8,1,240.41
2768,3890,98,4,36.38
2769,4482,49,3,26.22
2770,1327,87,5,20.59
2771,3359,38,3,112.55
2772,1586,53,3,33.32
2773,3369,28,2,188.72
2774,389,77,4,225.73
2775,2792,29,1,72.45
2776,3333,72,5,160.91
2777,704,11,5,20.16
2778,2821,47,1,102.78
2779,4960,45,5,80.31
2780,1060,18,2,64.87
2781,4175,50,3,164.73
2782,1299,89,2,41.25
2783,1302,49,2,216.57
2784,674,22,2,169.56
2785,2360,45,1,180.58
2786,4300,61,4,234.48
2787,4113,99,1,236.17
2788,4572,93,1,142.4
2789,3583,21,2,128.89
2790,1017,71,4,90.49
2791,210,61,1,181.74
2792,499,76,4,139.17
2793,429,36,2,233.89
2794,3640,24,1,67.27
2795,3152,32,4,84.46
2796,2106,91,5,85.86
2797,1554,96,1,203.44
2798,3207,59,1,33.77
2799,2570,96,1,119.36
2800,2629,96,4,112.62
2801,1877,90,3,27.55
2802,4995,75,1,108.59
2803,1068,82,5,133.21
2804,1507,5,5,25.63
2805,3014,16,2,132.37
2806,1668,11,3,240.22
2807,4589,35,3,244.94
2808,4701,75,4,137.6
2809,4067,42,2,133.62
2810,948,87,4,78.52
2811,4390,98,2,249.31
2812,1172,81,3,75.82
2813,172,10,4,118.7
2814,4627,82,2,10.7
2815,1144,8,3,93.82
2816,1860,26,3,27.15
2817,2189,3,1,188.52
2818,2494,59,4,144.64
2819,3578,88,1,147.32
2820,189,3,3,78.76
2821,4077,38,4,205.58
2822,158,2,4,10.79
2823,2718,99,5,90.06
2824,1971,17,2,168.28
2825,246,73,5,227.9
2826,2904,36,5,66.31
2827,2796,86,3,139.86
2828,3825,95,2,139.12
2829,2378,98,5,219.8
2830,850,88,5,22.12
2831,1811,73,4,111.87
2832,3987,2,3,53.79
2833,2127,85,5,15.17
2834,4265,34,2,45.29
2835,3031,27,1,244.35
2836,2308,37,1,61.56
2837,3077,71,3,234.41
2838,2345,22,1,59.26
2839,620,68,4,233.51
2840,2903,14,4,167.11
2841,2408,98,2,37.17
2842,4453,23,3,149.66
2843,3005,44,3,86.44
2844,3915,89,1,101.96
2845,2487,65,5,115.64
2846,3403,79,5,111.45
2847,3597,96,5,169.39
2848,1678,78,2,194.41
2849,4040,61,3,89.0
2850,1305,85,1,231.85
2851,4094,55,2,235.23
2852,1964,71,4,19.77
2853,3308,100,4,13.58
2854,1362,85,4,112.02
2855,4295,50,3,151.75
2856,1788,12,4,76.7
2857,1074,79,5,72.26
2858,1166,15,4,172.8
2859,3600,17,2,154.41
2860,2718,34,4,50.12
2861,3154,35,5,222.28
2862,4127,39,4,173.19
2863,3056,78,1,97.02
2864,660,55,5,174.07
2865,4643,59,3,37.04
2866,2583,5,4,122.38
2867,1130,30,2,50.56
2868,2275,4,4,19.94
2869,4467,15,2,91.2
2870,1469,35,1,46.18
2871,2103,74,3,162.04
2872,3267,55,5,171.78
2873,2472,66,5,45.69
2874,1152,60,3,15.91
2875,93,24,1,200.27
2876,2567,92,1,10.49
2877,1282,22,4,92.54
2878,2901,44,1,128.7
2879,2800,32,4,206.47
2880,3178,95,2,211.25
2881,4512,83,3,183.99
2882,2605,51,2,69.33
2883,3882,85,2,182.84
2884,2414,3,2,69.17
2885,1545,70,2,61.51
2886,3531,32,5,141.31
2887,2647,2,1,172.93
2888,4785,88,3,22.73
2889,2059,59,3,24.41
2890,4515,91,2,198.2
2891,1146,73,3,216.28
2892,911,77,4,155.07
2893,3307,14,3,112.92
2894,1567,51,2,212.88
2895,2396,11,3,184.92
2896,3006,78,1,149.1
2897,4508,80,2,86.74
2898,4249,10,5,57.52
2899,92,84,1,110.48
2900,3993,80,3,78.84
2901,331,58,5,91.42
2902,955,34,1,133.75
2903,3781,80,4,50.58
2904,2602,78,1,203.48
2905,2978,53,5,44.93
2906,4290,28,4,125.44
2907,530,18,3,189.03
2908,2893,26,2,126.4
2909,1267,7,3,96.65
2910,1474,45,2,123.97
2911,4735,98,2,213.68
2912,1598,45,5,247.7
2913,2526,71,4,161.47
2914,4794,97,4,200.43
2915,3762,35,1,13.48
2916,2743,52,3,221.29
2917,4636,21,5,238.97
2918,4426,28,3,148.04
2919,470,96,1,190.91
2920,3831,44,1,133.06
2921,534,80,5,78.69
2922,4563,56,1,214.54
2923,4056,10,5,153.24
2924,3680,23,1,149.05
2925,4088,48,4,168.19
2926,762,52,5,215.44
2927,891,15,4,185.66
2928,2356,55,4,60.67
2929,1956,43,5,122.04
2930,2972,50,3,245.27
2931,1673,6,2,143.09
2932,2837,33,1,235.18
2933,4928,62,1,205.21
2934,4940,55,3,169.85
2935,3645,39,2,93.85
2936,2298,12,3,83.04
2937,4062,100,2,164.42
2938,3167,31,5,113.81
2939,1320,74,5,201.7
2940,184,53,4,192.51
2941,1284,34,4,84.91
2942,2847,41,5,178.65
2943,2234,10,4,128.69
2944,4089,52,5,87.59
2945,1433,75,3,109.11
2946,3141,57,1,224.88
2947,1797,78,5,96.28
2948,4723,3,5,78.98
2949,2056,57,5,94.43
2950,3337,33,4,61.51
2951,783,7,4,140.71
2952,1508,4,4,45.38
2953,4871,39,4,206.19
2954,3855,48,3,64.14
2955,677,74,5,153.53
2956,1831,79,3,40.01
2957,4091,16,4,244.83
2958,4307,38,3,119.1
2959,1361,4,5,207.32
2960,4586,4,5,194.48
2961,2687,100,4,181.29
2962,191,27,5,208.57
2963,843,86,3,34.11
2964,335,86,2,172.84
2965,1111,17,5,73.8
2966,579,98,3,198.61
2967,62,96,3,239.65
2968,387,70,3,226.36
2969,1170,54,5,37.59
2970,2201,97,2,98.69
2971,4715,8,4,97.44
2972,1684,53,4,39.35
2973,487,100,5,33.55
2974,3733,5,5,102.37
2975,541,69,1,248.1
2976,2061,47,2,146.55
2977,4247,74,3,159.23
2978,1239,40,3,123.04
2979,991,7,4,168.96
2980,4468,12,5,239.6
2981,2300,94,2,151.29
2982,3908,25,4,25.61
2983,4289,28,2,128.29
2984,1081,43,5,248.26
2985,198,77,3,102.98
2986,2195,47,1,152.53
2987,1599,49,2,35.59
2988,1601,86,3,43.88
2989,3693,54,2,219.92
2990,3866,18,2,82.08
2991,684,27,2,83.31
2992,3084,72,5,102.93
2993,3990,6,4,241.95
2994,333,75,2,30.25
2995,1772,93,5,206.5
2996,4201,69,1,91.97
2997,2722,71,4,213.87
2998,807,22,5,248.02
2999,1065,59,1,93.68
3000,889,47,4,41.05
3001,2924,68,5,44.65
3002,321,32,1,192.1
3003,3958,83,5,44.78
3004,2383,97,1,72.5
3005,3232,1,2,59.06
3006,2312,54,2,95.36
3007,3602,46,4,27.85
3008,1501,41,1,215.62
3009,1569,41,2,216.44
3010,3282,8,4,109.1
3011,1520,32,3,156.9
3012,1919,30,2,164.07
3013,4090,46,2,189.82
3014,1866,92,5,134.97
3015,1406,52,3,132.48
3016,2724,96,1,161.51
3017,5,89,4,178.73
3018,1169,98,3,93.21
3019,2399,61,1,89.29
3020,2631,97,2,74.73
3021,348,13,4,141.72
3022,4221,89,4,96.44
3023,1814,40,3,139.68
3024,3343,61,5,107.44
3025,2575,44,1,210.82
3026,3826,62,3,27.55
3027,4594,44,5,147.33
3028,53,48,5,148.15
3029,149,74,5,102.09
3030,503,59,4,111.05
3031,870,57,1,202.03
3032,3522,95,1,77.36
3033,4315,11,3,219.14
3034,3872,25,2,225.12
3035,1301,61,3,166.15
3036,2500,46,1,195.49
3037,4034,54,4,157.11
3038,3290,34,3,136.06
3039,4834,84,2,242.0
3040,3854,7,3,77.84
3041,2452,97,5,47.0
3042,4386,62,2,79.0
3043,339,57,5,157.51
3044,2825,99,4,54.44
3045,1694,93,1,228.12
3046,987,76,3,108.65
3047,3491,5,3,213.99
3048,2734,76,5,69.82
3049,3768,93,5,85.16
3050,4077,35,1,24.21
3051,2007,84,3,71.86
3052,3108,37,1,127.68
3053,4469,60,5,237.07
3054,3331,65,5,103.34
3055,3042,16,2,163.54
3056,531,30,5,112.65
3057,924,73,5,21.23
3058,4119,42,1,130.85
3059,241,61,2,25.82
3060,1897,74,2,222.09
3061,3325,77,3,190.73
3062,814,48,4,100.88
3063,4751,62,3,163.65
3064,783,84,3,36.89
3065,4056,93,3,178.61
3066,8,64,2,207.46
3067,3774,57,1,207.22
3068,4671,68,5,78.23
3069,3140,46,2,73.3
3070,3790,28,5,135.14
3071,4052,77,5,242.27
3072,518,3,4,230.93
3073,3191,37,3,96.31
3074,3103,48,4,197.16
3075,4579,19,3,231.12
3076,2717,92,2,72.62
3077,579,83,5,209.27
3078,4483,17,4,74.29
3079,4508,82,2,92.39
3080,1866,82,2,57.72
3081,1377,87,3,131.7
3082,2939,40,5,212.39
3083,906,50,3,136.73
3084,965,73,3,39.63
3085,1977,29,2,70.43
3086,4760,51,3,145.09
3087,4921,42,1,149.96
3088,1888,29,5,148.46
3089,2448,66,3,28.48
3090,992,17,3,190.89
3091,3557,31,4,228.26
3092,3960,92,5,132.52
3093,3605,52,5,182.52
3094,1084,39,3,229.36
3095,435,60,1,164.23
3096,21,94,4,171.84
3097,2923,99,1,183.14
3098,1926,51,3,72.52
3099,1473,84,5,149.84
3100,1100,16,5,212.12
3101,2638,98,1,81.08
3102,390,14,2,225.32
3103,3414,90,3,158.89
3104,2616,84,5,111.56
3105,1355,42,2,159.56
3106,4522,51,5,106.45
3107,6,24,5,211.13
3108,191,82,2,125.76
3109,148,43,1,226.29
3110,4501,73,3,132.35
3111,4354,19,2,168.49
3112,3551,84,2,249.46
3113,4920,61,5,45.27
3114,4106,94,2,186.81
3115,1111,63,3,43.33
3116,3834,26,1,211.33
3117,4934,95,1,153.15
3118,625,35,1,235.16
3119,4126,67,3,217.83
3120,2176,56,5,27.97
3121,3150,40,3,42.95
3122,1079,29,2,154.28
3123,3552,6,4,134.4
3124,2353,52,4,50.46
3125,546,1,4,41.05
3126,1196,52,1,145.36
3127,2070,24,3,21.74
3128,3359,34,3,219.7
3129,2439,7,1,203.7
3130,617,75,2,198.49
3131,4245,11,4,13.84
3132,3344,36,4,21.43
3133,1812,20,1,141.96
3134,172,63,4,248.66
3135,4143,80,5,92.16
3136,626,63,3,92.65
3137,4064,69,4,42.23
3138,2255,88,4,171.84
3139,453,30,5,165.2
3140,1419,30,2,34.32
3141,754,97,2,122.18
3142,3373,84,5,170.1
3143,2724,22,2,128.44
3144,3011,61,1,171.85
3145,2912,21,5,205.9
3146,1226,37,3,174.6
3147,168,27,3,157.87
3148,3686,35,3,214.86
3149,86,38,4,226.14
3150,1678,60,5,103.33
3151,1983,70,5,51.58
3152,4945,32,2,206.29
3153,1487,80,5,61.3
3154,442,92,5,232.95
3155,271,80,2,15.49
3156,344,27,5,231.11
3157,1207,3,5,151.4
3158,3082,49,1,195.94
3159,1258,85,2,105.64
3160,2292,30,1,248.01
3161,1533,22,4,64.61
3162,3423,19,2,73.44
3163,4363,31,5,22.34
3164,1654,20,5,235.71
3165,4989,19,1,119.45
3166,239,2,1,171.96
3167,915,40,4,174.99
3168,1439,39,4,219.88
3169,3017,91,5,169.58
3170,1461,72,3,144.89
3171,3080,54,4,180.48
3172,2259,27,5,190.23
3173,367,79,4,54.62
3174,2992,12,2,36.32
3175,3742,78,1,27.96
3176,86,71,5,99.77
3177,2494,17,4,129.52
3178,4716,90,1,157.76
3179,132,84,3,239.93
3180,904,10,4,89.39
3181,3457,19,5,192.61
3182,1222,82,2,137.53
3183,1764,30,1,62.82
3184,2805,30,1,157.67
3185,1227,25,2,242.12
3186,1285,88,5,39.83
3187,690,74,3,131.75
3188,4783,66,2,22.39
3189,4882,96,3,87.09
3190,4436,35,5,158.94
3191,4508,51,4,211.85
3192,1997,71,4,185.28
3193,4382,71,5,121.09
3194,1110,27,3,228.21
3195,4946,10,2,82.65
3196,430,97,5,190.96
3197,4127,43,5,123.76
3198,3782,55,4,225.67
3199,603,71,2,201.38
3200,440,6,4,226.35
3201,985,6,3,61.42
3202,1919,77,3,170.36
3203,4508,48,1,187.23
3204,528,77,5,188.18
3205,4406,2,2,130.96
3206,2997,83,2,12.7
3207,3468,51,4,72.74
3208,1362,61,4,87.59
3209,704,19,2,214.49
3210,663,2,4,211.81
3211,365,51,1,35.12
3212,923,26,5,237.96
3213,3857,70,1,53.79
3214,176,20,3,109.45
3215,936,23,2,61.64
3216,382,54,1,216.48
3217,306,15,1,189.86
3218,4698,6,4,94.85
3219,2391,92,4,173.65
3220,2204,35,4,54.25
3221,4808,75,3,101.75
3222,1466,8,1,100.51
3223,3272,57,5,67.1
3224,403,50,4,220.31
3225,4710,49,3,172.92
3226,2671,88,3,77.19
3227,1802,21,4,68.11
3228,2651,36,2,14.31
3229,177,71,1,93.18
3230,4545,69,4,136.43
3231,743,58,5,76.65
3232,2349,63,1,178.11
3233,4403,93,3,108.82
3234,751,16,5,85.92
3235,869,6,1,235.37
3236,4063,78,5,73.07
3237,3968,52,3,105.58
3238,214,2,4,101.75
3239,1618,89,5,67.89
3240,2531,95,4,62.19
3241,3334,77,3,82.57
3242,1598,18,3,217.42
3243,512,81,5,194.1
3244,253,92,5,173.44
3245,4134,76,3,119.7
3246,629,35,5,131.86
3247,3477,86,5,74.11
3248,987,39,5,27.84
3249,1726,1,5,89.45
3250,2094,37,1,128.94
3251,1702,21,3,23.76
3252,305,1,3,31.18
3253,4079,4,2,73.13
3254,2281,96,4,98.1
3255,4341,58,2,104.4
3256,2808,1,5,38.29
3257,2887,13,5,64.2
3258,3455,46,1,72.8
3259,1025,47,1,26.23
3260,4313,81,1,88.26
3261,2976,76,1,27.33
3262,507,7,1,178.83
3263,4857,51,1,102.65
3264,2952,3,1,88.42
3265,1054,50,1,40.37
3266,2675,26,1,64.36
3267,2568,31,3,65.85
3268,1905,100,1,246.45
3269,4371,62,4,210.48
3270,4588,26,1,13.66
3271,4923,67,5,158.04
3272,2895,55,5,71.42
3273,1101,28,1,35.05
3274,3662,44,1,179.34
3275,1637,81,5,41.59
3276,1456,38,4,116.5
3277,3614,30,2,161.72
3278,39,66,3,143.08
3279,3085,8,5,244.63
3280,4240,14,1,198.58
3281,2732,99,3,195.81
3282,2416,62,1,95.34
3283,759,75,2,12.01
3284,4343,63,2,186.26
3285,3117,79,5,249.94
3286,765,66,3,107.41
3287,2423,96,3,246.52
3288,1315,40,2,44.01
3289,4303,13,1,81.16
3290,3996,17,5,50.97
3291,4030,15,4,124.04
3292,3694,33,2,201.28
3293,3186,16,2,91.76
3294,2867,13,5,227.49
3295,1318,86,1,140.76
3296,701,23,3,121.7
3297,4384,36,2,198.89
3298,2202,43,5,34.35
3299,1594,50,5,195.7
3300,3988,74,5,68.31
3301,4946,81,3,77.4
3302,4146,94,2,153.87
3303,1231,13,5,226.46
3304,2613,30,3,148.82
3305,3138,57,1,165.75
3306,1909,30,4,196.38
3307,1791,71,2,72.24
3308,2929,10,3,208.54
3309,1089,99,4,110.31
3310,2382,66,4,52.16
3311,4128,94,3,94.03
3312,4964,83,3,69.07
3313,2946,39,3,64.89
3314,3570,37,5,77.82
3315,1166,3,1,53.42
3316,601,89,5,170.25
3317,2026,34,4,149.2
3318,1585,86,4,165.63
3319,988,38,4,92.49
3320,1966,14,3,194.74
3321,1440,64,2,41.11
3322,4616,39,5,147.07
3323,869,54,2,76.11
3324,2064,2,1,136.63
3325,1130,96,1,87.67
3326,4379,43,5,199.72
3327,4457,53,4,223.91
3328,3730,3,1,188.22
3329,1935,41,2,52.14
3330,1077,8,2,75.97
3331,1640,90,3,230.65
3332,1393,96,4,114.93
3333,31,75,3,235.88
3334,704,63,5,104.19
3335,869,65,1,238.43
3336,233,79,3,232.18
3337,951,4,3,168.53
3338,59,68,5,12.12
3339,2819,92,2,106.08
3340,3601,10,2,228.7
3341,3150,75,5,222.43
3342,302,50,2,54.97
3343,2851,23,5,105.8
3344,2945,61,2,210.52
3345,1924,47,5,148.69
3346,317,3,2,213.35
3347,1889,17,3,208.38
3348,2716,22,3,227.8
3349,4786,91,2,38.13
3350,1882,16,5,44.85
3351,3899,80,3,29.87
3352,4114,3,1,234.46
3353,1179,52,2,124.04
3354,3856,33,1,25.44
3355,4874,42,1,87.17
3356,4456,2,4,94.34
3357,332,39,1,204.29
3358,528,46,1,186.51
3359,2060,48,4,175.45
3360,1099,27,4,15.25
3361,212,15,4,228.57
3362,1715,7,5,61.73
3363,2689,57,4,160.97
3364,2331,42,5,24.84
3365,3267,9,2,29.57
3366,1033,6,5,12.3
3367,1333,57,2,145.82
3368,1841,76,4,161.05
3369,4687,30,4,22.11
3370,2139,55,2,79.72
3371,4552,84,3,214.35
3372,4092,84,5,34.31
3373,444,54,1,61.97
3374,4175,27,4,111.85
3375,1499,84,5,212.15
3376,927,59,5,71.16
3377,623,7,4,249.31
3378,1480,40,2,95.26
3379,3038,94,4,102.75
3380,3386,72,5,39.31
3381,3319,2,3,173.25
3382,234,14,2,68.43
3383,1618,10,4,160.93
3384,2692,50,1,63.56
3385,2031,18,4,103.09
3386,387,18,5,215.6
3387,1635,16,5,187.34
3388,4134,52,1,47.1
3389,1185,69,2,155.85
3390,1968,52,5,160.87
3391,241,31,2,31.74
3392,562,84,2,121.79
3393,2000,23,4,72.56
3394,4902,96,2,122.11
3395,1930,42,5,196.5
3396,4901,81,5,47.98
3397,2780,62,3,39.59
3398,1676,77,2,74.64
3399,2516,50,3,238.55
3400,1678,77,4,189.48
3401,4142,81,3,14.67
3402,3747,15,2,106.24
3403,3357,90,5,71.78
3404,1652,44,4,163.15
3405,4178,92,2,120.23
3406,3842,42,4,241.48
3407,2442,45,1,62.55
3408,4886,94,2,151.09
3409,595,35,1,178.05
3410,2613,22,3,208.14
3411,4097,74,2,107.67
3412,1497,75,1,174.86
3413,3556,38,5,82.77
3414,4862,97,3,114.51
3415,4767,70,2,224.95
3416,3359,64,2,237.98
3417,1602,7,5,182.52
3418,915,44,5,99.84
3419,1845,76,1,206.81
3420,1996,7,1,16.21
3421,95,66,1,34.66
3422,493,60,4,168.73
3423,3070,1,3,79.9
3424,150,62,2,238.33
3425,1047,87,3,114.65
3426,2804,89,5,113.05
3427,399,18,3,172.74
3428,4951,7,3,194.22
3429,4477,54,1,124.13
3430,552,67,5,61.36
3431,295,93,3,195.59
3432,1144,10,2,86.88
3433,456,61,1,52.03
3434,1554,59,3,161.59
3435,169,59,5,31.71
3436,4806,69,2,243.12
3437,1947,63,5,161.78
3438,254,98,5,246.61
3439,2377,8,5,91.33
3440,1321,78,4,243.09
3441,2884,55,2,44.93
3442,3608,6,5,19.77
3443,2126,1,4,17.92
3444,3497,56,1,121.57
3445,2241,97,4,29.92
3446,401,75,1,132.92
3447,2157,88,4,88.6
3448,2377,10,5,90.55
3449,363,23,4,162.55
3450,3939,16,4,49.14
3451,3852,16,5,193.97
3452,3413,56,1,149.69
3453,2307,95,5,229.59
3454,85,6,2,97.56
3455,1825,30,4,245.85
3456,3886,63,2,148.2
3457,308,1,5,243.62
3458,4358,51,5,16.49
3459,1922,89,3,184.71
3460,631,46,2,205.99
3461,4776,21,3,22.76
3462,4961,99,2,148.95
3463,2372,38,3,202.47
3464,3301,69,3,144.65
3465,3668,63,2,25.32
3466,727,50,5,176.43
3467,1649,12,1,24.54
3468,4313,69,5,206.19
3469,1270,73,1,20.33
3470,4544,44,2,42.98
3471,319,52,4,76.03
3472,3476,9,5,162.01
3473,2779,99,3,244.33
3474,3059,65,5,38.28
3475,4135,10,2,44.25
3476,1603,46,4,98.53
3477,2257,100,4,210.69
3478,830,58,5,122.14
3479,856,37,5,87.19
3480,2649,52,5,144.69
3481,1859,99,2,72.53
3482,1103,81,1,106.28
3483,2482,13,1,89.83
3484,1821,6,3,202.99
3485,4938,58,2,231.82
3486,2080,48,4,192.3
3487,3159,32,3,115.38
3488,2441,11,4,131.04
3489,3685,81,4,40.02
3490,1256,5,5,189.25
3491,2958,6,4,153.15
3492,3652,74,4,226.59
3493,2240,97,2,58.15
3494,1940,94,5,192.33
3495,270,21,5,174.32
3496,4831,42,3,73.8
3497,4065,81,5,170.17
3498,4980,27,1,231.85
3499,3776,3,2,230.42
3500,1113,60,3,182.71
3501,649,93,1,21.54
3502,1180,66,4,219.34
3503,2143,93,1,167.87
3504,17,49,3,84.5
3505,117,100,5,54.94
3506,1546,34,2,37.89
3507,3152,37,3,22.06
3508,2694,42,1,190.98
3509,4090,65,1,66.6
3510,1277,60,3,15.82
3511,3241,90,3,105.34
3512,4943,1,3,125.83
3513,3789,59,5,50.62
3514,372,4,3,20.57
3515,2808,14,4,55.39
3516,156,18,2,172.98
3517,2662,34,2,29.74
3518,465,1,4,143.21
3519,4879,53,1,45.14
3520,4900,22,1,56.97
3521,4316,80,1,104.34
3522,1774,61,1,34.2
3523,117,22,5,51.57
3524,2104,50,4,93.75
3525,1375,16,2,89.12
3526,3204,28,4,189.83
3527,4404,92,2,27.95
3528,3547,86,1,216.51
3529,3978,70,5,205.9
3530,4318,89,3,193.84
3531,1197,42,3,84.25
3532,3412,66,1,207.49
3533,797,71,1,53.87
3534,3893,81,4,39.86
3535,151,35,5,20.79
3536,3250,20,5,235.43
3537,112,2,4,83.92
3538,683,7,5,230.23
3539,1162,96,5,75.43
3540,2380,49,3,227.82
3541,4989,83,5,226.94
3542,161,76,1,231.68
3543,1426,9,3,129.08
3544,3662,27,1,217.83
3545,278,78,1,238.18
3546,3392,2,4,87.91
3547,1557,85,5,110.53
3548,4593,68,5,182.62
3549,1916,60,5,82.09
3550,4751,85,5,190.91
3551,3108,86,3,27.73
3552,303,49,2,135.64
3553,4534,2,1,39.36
3554,2774,17,2,80.4
3555,4282,83,2,72.07
3556,3246,88,2,211.34
3557,4769,20,3,56.44
3558,1001,76,2,204.03
3559,3835,89,3,200.55
3560,4007,87,4,129.73
3561,4779,98,4,66.12
3562,1719,32,4,64.46
3563,3831,51,3,121.58
3564,3182,88,3,12.11
3565,2883,42,1,137.52
3566,999,63,2,238.67
3567,285,89,5,47.13
3568,421,61,5,147.6
3569,2161,62,2,240.83
3570,3066,3,5,216.53
3571,2276,89,5,214.09
3572,1495,92,5,207.24
3573,3885,76,3,84.17
3574,4624,26,3,223.75
3575,2544,48,3,235.92
3576,4127,8,2,128.99
3577,4258,5,4,95.1
3578,1842,11,5,109.41
3579,4801,42,1,90.21
3580,722,99,3,60.98
3581,1402,91,1,158.43
3582,446,41,5,145.02
3583,2792,19,4,121.02
3584,4523,48,1,33.0
3585,3768,53,5,201.25
3586,2552,55,5,51.98
3587,1968,61,3,37.49
3588,3889,32,4,159.54
3589,4817,46,5,105.67
3590,2732,92,4,24.35
3591,2630,36,3,95.34
3592,1965,18,1,195.23
3593,1058,74,2,157.66
3594,4832,96,2,97.07
3595,758,18,2,56.03
3596,1796,12,4,161.63
3597,1644,72,2,223.01
3598,4850,97,1,165.11
3599,24,46,5,205.1
3600,1240,55,4,135.17
3601,4151,38,1,182.31
3602,3098,78,4,225.09
3603,1305,2,4,195.56
3604,2543,9,4,228.36
3605,3713,5,3,113.47
3606,3956,98,5,227.01
3607,4530,19,2,159.18
3608,4304,71,3,218.81
3609,4229,39,5,19.45
3610,1306,42,2,167.88
3611,4465,17,3,213.51
3612,3175,63,3,51.81
3613,3629,90,1,168.83
3614,782,46,3,207.99
3615,567,91,4,79.11
3616,4623,92,3,107.26
3617,4133,20,4,146.68
3618,4274,70,5,134.6
3619,639,8,5,19.41
3620,3701,96,4,33.68
3621,4168,19,1,34.11
3622,2400,32,1,72.94
3623,2671,19,5,69.01
3624,1173,24,3,188.13
3625,1721,24,5,147.46
3626,105,56,5,193.35
3627,1683,81,4,26.78
3628,4317,18,1,126.45
3629,1850,12,4,87.71
3630,863,41,5,213.99
3631,3446,87,2,179.87
3632,2566,48,3,218.62
3633,299,82,5,21.14
3634,2909,64,4,183.0
3635,4138,16,2,139.6
3636,771,80,2,208.0
3637,2540,100,5,131.72
3638,1463,23,1,139.65
3639,3855,86,2,22.42
3640,3119,39,3,170.45
3641,2133,33,4,75.55
3642,1710,24,4,14.73
3643,991,61,4,25.94
3644,711,55,5,239.75
3645,4305,61,4,93.06
3646,39,84,4,218.34
3647,1276,97,3,240.32
3648,4858,95,1,236.38
3649,1437,40,5,221.61
3650,2994,58,5,224.76
3651,1470,72,4,79.36
3652,2100,74,3,46.35
3653,374,1,2,163.42
3654,4252,85,4,127.15
3655,4026,25,4,33.7
3656,1114,96,5,172.61
3657,2727,53,5,145.09
3658,2399,61,4,217.14
3659,3235,46,5,156.2
3660,1266,74,3,147.75
3661,3124,60,2,115.78
3662,654,51,2,121.07
3663,4159,73,2,239.05
3664,509,84,4,43.23
3665,2340,48,4,117.09
3666,3163,84,4,167.4
3667,1688,40,3,113.92
3668,1389,7,2,77.97
3669,2198,75,5,78.97
3670,3912,85,5,66.08
3671,2929,19,1,92.54
3672,4800,15,1,219.2
3673,516,70,5,131.25
3674,3659,61,2,67.66
3675,1834,56,4,102.29
3676,30,10,5,35.4
3677,3215,46,5,226.97
3678,326,80,1,107.97
3679,3767,75,2,245.29
3680,4112,57,5,93.41
3681,111,35,4,210.73
3682,107,72,4,71.53
3683,2427,92,3,28.28
3684,4379,3,4,17.62
3685,4365,66,5,155.48
3686,2532,53,5,84.78
3687,3145,78,4,116.44
3688,4694,52,1,206.48
3689,799,93,2,69.55
3690,2438,53,5,84.08
3691,2012,54,4,212.88
3692,426,47,4,128.26
3693,3045,3,5,208.64
3694,3289,65,3,99.87
3695,2915,15,2,105.61
3696,1240,84,5,50.11
3697,3392,86,4,229.92
3698,4214,34,3,225.23
3699,3998,50,5,246.21
3700,3007,33,2,106.59
3701,3040,73,3,206.47
3702,599,3,4,109.59
3703,2088,2,1,119.03
3704,1185,4,2,209.2
3705,2751,16,3,52.57
3706,2585,54,5,62.87
3707,4760,33,5,85.53
3708,3514,9,3,199.16
3709,4746,57,5,99.44
3710,4055,40,3,95.96
3711,4384,52,2,249.72
3712,3937,82,5,102.11
3713,1700,16,2,69.46
3714,4508,8,4,159.57
3715,2576,87,4,202.45
3716,136,60,4,26.71
3717,2026,36,4,158.53
3718,3536,3,5,18.58
3719,4855,15,3,136.32
3720,2891,97,5,71.68
3721,2758,82,5,83.59
3722,3774,23,2,122.1
3723,381,3,3,232.51
3724,1529,30,1,180.56
3725,4902,45,1,234.84
3726,4572,17,3,168.39
3727,3629,58,1,11.71
3728,849,58,3,73.74
3729,4993,96,2,227.39
3730,4128,57,2,164.43
3731,1928,7,5,245.6
3732,2166,39,1,47.43
3733,4287,78,3,81.22
3734,2122,58,2,96.97
3735,4719,56,5,88.37
3736,2919,15,1,70.48
3737,4682,44,1,116.43
3738,473,12,1,164.15
3739,1788,8,2,84.7
3740,114,80,2,29.13
3741,1337,41,1,180.05
3742,339,34,2,120.16
3743,2286,46,1,143.56
3744,1197,88,4,119.3
3745,79,29,2,223.69
3746,4560,16,3,144.1
3747,2653,5,2,231.59
3748,4658,5,1,132.54
3749,4381,30,3,80.22
3750,4319,50,5,95.31
3751,2641,5,3,135.31
3752,1257,13,3,137.2
3753,828,99,2,174.96
3754,2719,49,3,63.88
3755,4924,89,3,168.12
3756,2811,50,1,196.86
3757,3386,14,2,172.38
3758,1966,46,1,125.64
3759,2428,90,2,248.0
3760,2842,82,5,107.16
3761,614,84,3,35.58
3762,563,34,2,207.16
3763,4827,71,3,60.93
3764,4353,47,3,181.19
3765,185,60,4,52.95
3766,2193,74,1,14.05
3767,4066,79,2,48.35
3768,246,81,5,100.48
3769,4087,11,4,35.59
3770,2235,98,1,57.44
3771,866,91,5,193.51
3772,2088,85,5,194.77
3773,601,95,3,206.2
3774,3034,50,1,211.88
3775,2057,4,4,110.9
3776,2132,41,2,218.21
3777,533,59,2,136.22
3778,2043,60,4,122.94
3779,358,81,3,182.45
3780,378,62,3,61.32
3781,2220,84,5,199.48
3782,4489,25,1,113.07
3783,4798,87,5,40.55
3784,3308,79,2,38.63
3785,2597,33,4,49.58
3786,784,19,1,223.74
3787,2380,57,4,247.83
3788,3604,15,1,95.67
3789,983,41,2,80.11
3790,3943,69,2,62.51
3791,2591,80,1,207.72
3792,1043,60,3,60.21
3793,2539,96,1,231.78
3794,862,22,2,170.16
3795,1877,43,4,225.31
3796,1836,32,5,142.96
3797,4209,13,4,175.76
3798,3527,38,2,158.67
3799,1686,26,4,209.49
3800,3402,81,3,210.61
3801,1623,5,3,151.55
3802,4958,49,1,161.8
3803,2658,97,4,231.25
3804,1933,91,4,233.17
3805,508,5,2,169.42
3806,4562,71,1,11.86
3807,3479,48,1,35.06
3808,2657,18,4,215.91
3809,1122,95,5,30.33
3810,290,6,4,61.24
3811,2830,66,4,65.33
3812,2210,77,4,154.06
3813,4813,42,3,148.39
3814,1401,52,1,79.46
3815,567,11,3,59.83
3816,1474,26,5,193.49
3817,1988,21,2,234.51
3818,3788,66,5,22.67
3819,3866,40,1,41.96
3820,3261,56,2,164.12
3821,3548,51,5,203.07
3822,3252,20,1,199.89
3823,1717,81,5,182.72
3824,1013,80,2,222.98
3825,1311,57,2,62.16
3826,4571,5,5,35.75
3827,618,14,3,157.69
3828,4737,24,5,207.35
3829,4258,68,5,149.69
3830,1983,52,5,241.12
3831,2229,48,3,200.94
3832,4821,88,4,178.19
3833,469,47,2,24.46
3834,4117,60,1,35.86
3835,4356,73,2,198.36
3836,1140,3,2,57.58
3837,1437,9,4,16.92
3838,537,82,2,228.58
3839,952,100,2,223.79
3840,2814,83,3,62.44
3841,3007,24,3,197.25
3842,3995,4,3,21.52
3843,1841,9,3,78.41
3844,851,97,3,159.68
3845,1972,1,1,193.16
3846,1192,35,4,12.5
3847,3921,74,5,88.29
3848,4629,12,3,61.44
3849,2063,18,4,249.71
3850,3047,78,5,171.04
3851,4400,10,2,107.36
3852,3559,74,2,28.16
3853,4512,18,4,153.68
3854,305,24,1,164.01
3855,4909,1,1,205.94
3856,2848,94,4,79.26
3857,2436,79,1,245.54
3858,2805,72,1,115.47
3859,1985,99,2,81.03
3860,3937,82,1,93.63
3861,713,16,1,134.7
3862,2896,85,4,234.81
3863,1682,15,1,186.44
3864,1334,62,3,148.51
3865,3199,5,3,49.07
3866,175,45,4,45.84
3867,3206,52,3,130.53
3868,1417,71,2,184.89
3869,1988,7,4,190.24
3870,4854,27,1,64.22
3871,1773,89,3,34.02
3872,4267,86,2,102.27
3873,1075,13,4,230.36
3874,4761,17,4,140.89
3875,592,44,1,86.82
3876,2979,13,5,87.67
3877,3983,90,3,41.7
3878,2411,73,2,123.57
3879,848,5,4,199.93
3880,494,33,3,242.45
3881,546,4,2,130.38
3882,5000,92,2,50.13
3883,2287,26,4,173.91
3884,2698,68,3,191.63
3885,3838,16,2,27.21
3886,1541,22,4,214.03
3887,884,36,3,209.04
3888,3957,58,3,123.41
3889,3095,55,4,144.5
3890,2366,35,3,181.22
3891,3348,25,5,172.42
3892,3072,72,2,13.97
3893,3676,81,2,39.38
3894,4716,61,3,49.02
3895,953,18,4,191.36
3896,3301,58,1,115.62
3897,3736,76,3,140.92
3898,3180,57,1,195.44
3899,2964,97,3,91.84
3900,4028,87,1,189.73
3901,3248,63,3,116.15
3902,4416,12,4,100.52
3903,3358,11,1,89.93
3904,4972,13,5,241.59
3905,4849,35,4,195.27
3906,2705,27,3,14.85
3907,1038,89,1,239.78
3908,71,67,2,196.11
3909,2875,89,4,45.8
3910,106,45,1,28.32
3911,770,74,4,83.97
3912,2010,81,1,159.8
3913,2941,67,2,157.97
3914,2193,22,5,76.2
3915,3496,78,2,116.96
3916,4312,91,3,60.85
3917,4356,42,4,22.14
3918,934,20,5,134.07
3919,575,48,4,93.28
3920,3931,18,1,140.29
3921,4381,77,3,237.16
3922,4088,70,3,44.41
3923,2532,74,4,10.47
3924,2420,93,3,28.45
3925,70,6,4,121.05
3926,4475,39,1,179.66
3927,1303,11,1,149.38
3928,3815,25,4,128.77
3929,2350,94,2,94.95
3930,255,55,2,84.39
3931,1708,84,1,100.31
3932,4788,58,5,156.79
3933,834,37,2,50.26
3934,2765,16,4,195.13
3935,2472,95,1,148.06
3936,3743,93,3,74.6
3937,2036,70,3,130.28
3938,1968,93,2,241.07
3939,100,96,5,14.92
3940,1853,73,2,57.89
3941,3184,37,5,117.61
3942,2356,53,2,163.23
3943,112,87,3,60.93
3944,3159,16,5,233.54
3945,183,18,3,164.22
3946,3853,19,4,220.58
3947,165,44,4,89.04
3948,2138,2,1,208.95
3949,2024,58,3,100.77
3950,455,10,3,70.66
3951,2286,76,1,228.8
3952,4823,46,4,32.13
3953,542,82,4,236.29
3954,2666,19,5,120.04
3955,2450,38,5,248.23
3956,4938,37,4,139.5
3957,3934,91,2,191.8
3958,2887,78,3,11.7
3959,4615,45,5,129.2
3960,4293,34,2,186.99
3961,3905,2,5,197.88
3962,1689,44,1,47.93
3963,1638,97,3,110.55
3964,4729,83,5,110.58
3965,4671,27,4,34.87
3966,4083,48,1,116.33
3967,1891,94,1,203.7
3968,3206,7,4,82.04
3969,478,27,1,113.82
3970,2367,85,3,240.63
3971,2527,71,5,17.61
3972,367,89,1,151.97
3973,1837,18,3,188.42
3974,1716,33,4,192.61
3975,13,33,5,181.83
3976,536,96,4,184.35
3977,3240,25,5,24.16
3978,2318,14,1,138.19
3979,4043,38,1,197.91
3980,376,38,5,32.58
3981,1725,4,3,12.89
3982,257,62,3,205.49
3983,2265,82,3,180.95
3984,450,10,2,108.93
3985,894,35,3,235.7
3986,3213,99,1,193.98
3987,1185,23,2,242.29
3988,3224,89,3,233.04
3989,1309,65,1,125.51
3990,4706,82,2,191.13
3991,917,79,1,170.61
3992,148,25,5,204.75
3993,4752,96,1,199.05
3994,2115,53,2,46.78
3995,4017,84,3,66.1
3996,3941,17,2,73.78
3997,4072,57,3,206.44
3998,2796,75,3,204.58
3999,443,77,4,128.88
4000,2945,89,5,149.4
4001,3937,20,4,208.46
4002,399,25,2,85.02
4003,1152,42,4,22.04
4004,3793,45,3,125.82
4005,2996,31,2,229.29
4006,2217,65,4,199.71
4007,1708,52,1,97.99
4008,3332,80,5,25.55
4009,1988,92,1,162.86
4010,4603,21,2,210.28
4011,2569,30,4,169.59
4012,161,3,3,112.02
4013,4436,98,4,39.6
4014,3905,70,2,228.59
4015,3574,43,2,76.23
4016,3178,29,2,63.83
4017,1826,3,2,205.83
4018,3925,58,4,245.49
4019,1624,33,1,168.44
4020,1177,75,3,159.95
4021,4919,45,3,86.66
4022,3721,69,5,14.9
4023,4881,32,2,56.03
4024,3221,82,2,150.26
4025,3260,84,2,46.32
4026,131,52,1,222.12
4027,3563,64,2,55.15
4028,1500,40,5,135.31
4029,2789,92,5,132.88
4030,4877,13,1,154.95
4031,3709,90,2,88.58
4032,1708,80,4,219.65
4033,1770,89,4,116.63
4034,1319,74,3,178.04
4035,3380,29,1,162.62
4036,2774,63,4,38.12
4037,2991,84,3,159.43
4038,3045,26,5,142.17
4039,376,96,3,225.66
4040,3037,59,2,221.41
4041,661,49,2,46.23
4042,1404,53,5,29.6
4043,741,88,1,80.7
4044,304,31,2,246.79
4045,1086,12,2,15.18
4046,4882,58,3,171.49
4047,3180,36,3,156.04
4048,1211,10,3,165.18
4049,3035,6,4,62.39
4050,229,7,5,64.41
4051,3120,31,1,113.35
4052,1855,91,3,33.01
4053,268,72,1,27.91
4054,2775,3,3,31.21
4055,2850,47,2,147.52
4056,4350,85,1,105.46
4057,4966,1,4,80.47
4058,2135,45,3,85.8
4059,3460,54,5,59.75
4060,2270,50,2,108.76
4061,990,79,3,58.73
4062,4493,7,1,177.53
4063,938,63,3,39.74
4064,440,15,2,237.58
4065,2359,89,5,31.56
4066,2008,67,5,236.43
4067,3346,30,5,209.99
4068,4131,78,2,173.37
4069,4817,68,3,228.95
4070,3744,36,2,43.41
4071,519,67,2,52.32
4072,269,5,3,70.52
4073,4734,25,4,68.75
4074,4186,95,5,84.6
4075,1389,11,1,148.15
4076,1695,72,1,16.76
4077,3274,90,3,101.75
4078,1390,66,1,69.13
4079,3866,28,4,155.59
4080,3030,60,2,246.44
4081,2336,10,5,134.24
4082,3675,50,1,112.16
4083,4577,39,1,98.38
4084,501,37,3,198.39
4085,1662,63,3,27.28
4086,2100,61,2,240.34
4087,103,85,5,110.3
4088,2747,92,1,85.29
4089,3277,38,2,243.78
4090,3086,33,5,234.61
4091,3538,75,2,164.06
4092,1328,45,1,14.44
4093,2475,44,3,189.65
4094,1680,1,3,90.53
4095,3747,53,3,103.19
4096,2563,47,4,48.1
4097,4164,33,2,135.63
4098,3318,67,1,188.69
4099,2437,90,2,75.52
4100,308,15,3,235.3
4101,3997,14,2,56.74
4102,1090,23,5,25.9
4103,4556,54,2,164.65
4104,2395,8,4,213.84
4105,4005,54,4,238.75
4106,667,36,3,194.12
4107,4164,84,1,57.92
4108,2235,52,5,244.64
4109,1237,6,1,230.66
4110,1624,97,1,49.16
4111,1375,28,5,144.11
4112,3312,50,4,143.32
4113,177,38,3,116.21
4114,1354,30,2,246.23
4115,2929,81,4,24.31
4116,626,73,3,160.53
4117,2655,92,4,59.27
4118,3609,54,5,136.56
4119,3716,71,1,197.14
4120,4275,46,5,69.21
4121,395,28,2,104.41
4122,1169,17,5,238.18
4123,4972,48,1,192.76
4124,198,44,4,147.45
4125,969,60,3,63.28
4126,3909,60,2,112.07
4127,3156,5,4,195.77
4128,4765,69,3,206.93
4129,2505,78,1,68.71
4130,1277,70,5,168.89
4131,4168,7,4,32.8
4132,4319,53,3,15.57
4133,1270,17,3,141.68
4134,1365,59,5,63.85
4135,924,9,4,28.94
4136,471,95,4,185.16
4137,3017,22,1,129.51
4138,2055,45,4,201.11
4139,4284,73,5,169.35
4140,2052,59,4,185.15
4141,2955,80,1,83.77
4142,1149,100,3,73.19
4143,3087,98,4,154.21
4144,960,13,5,58.02
4145,630,83,4,205.7
4146,775,12,2,135.5
4147,360,36,1,64.48
4148,518,10,3,160.04
4149,1344,16,2,236.81
4150,1970,92,5,29.7
4151,3228,19,4,36.24
4152,2900,6,1,212.52
4153,935,4,4,36.3
4154,1987,30,4,19.45
4155,4997,95,4,93.5
4156,377,46,4,122.01
4157,3561,27,1,146.67
4158,1775,45,2,131.75
4159,1506,85,5,229.16
4160,2655,37,2,194.48
4161,1011,9,1,246.11
4162,3478,61,5,124.35
4163,1231,35,3,30.24
4164,1178,47,2,239.33
4165,3858,21,1,10.99
4166,2096,17,1,196.26
4167,1673,55,1,17.51
4168,1929,88,5,192.69
4169,3840,95,4,235.11
4170,3179,6,3,103.42
4171,4269,35,5,67.83
4172,2554,50,5,64.31
4173,2446,37,2,128.01
4174,4390,13,3,51.01
4175,552,25,1,171.5
4176,2898,96,5,98.4
4177,1040,1,3,87.55
4178,885,49,2,120.71
4179,3052,35,4,140.22
4180,4230,83,3,44.06
4181,4867,53,1,179.86
4182,3598,52,5,221.91
4183,2556,54,4,76.72
4184,1090,76,2,53.29
4185,4576,47,1,192.52
4186,4959,43,4,54.05
4187,459,20,2,19.9
4188,4722,33,1,158.62
4189,4255,93,5,67.54
4190,2008,16,2,51.23
4191,1921,78,4,245.58
4192,4528,7,1,80.05
4193,1004,70,3,226.83
4194,3084,21,1,52.77
4195,2115,36,4,206.55
4196,2590,86,4,130.48
4197,2144,54,3,28.86
4198,4311,19,4,186.07
4199,2242,25,1,224.1
4200,4981,67,2,49.12
4201,2087,100,1,184.14
4202,939,53,4,116.81
4203,4302,98,3,190.93
4204,3971,75,3,181.34
4205,4000,48,5,16.38
4206,4651,42,3,52.89
4207,3409,47,3,123.05
4208,771,91,4,234.06
4209,249,42,2,92.1
4210,373,2,2,160.93
4211,2927,6,4,12.9
4212,3858,46,3,180.67
4213,4931,66,1,154.74
4214,702,81,2,181.69
4215,2186,40,4,227.12
4216,942,58,1,45.16
4217,3915,78,3,72.78
4218,794,74,4,248.99
4219,678,33,2,47.51
4220,1562,62,1,182.95
4221,4054,12,1,184.02
4222,453,96,2,173.92
4223,2467,49,1,64.59
4224,3657,88,2,61.63
4225,4147,78,4,169.92
4226,3755,5,5,54.7
4227,210,51,3,168.78
4228,4984,69,4,128.21
4229,1927,32,3,102.79
4230,4946,49,3,82.06
4231,3967,97,2,237.42
4232,1878,60,5,131.94
4233,627,46,3,144.7
4234,2727,68,3,237.82
4235,1459,94,4,166.93
4236,2825,41,5,239.88
4237,1251,81,5,35.53
4238,4759,67,3,213.19
4239,4364,13,5,90.5
4240,2164,100,4,204.52
4241,1624,18,2,215.35
4242,1854,87,3,75.16
4243,754,99,1,108.12
4244,1869,97,3,184.24
4245,182,51,3,33.77
4246,1514,36,2,191.33
4247,903,81,1,36.51
4248,3345,34,1,229.47
4249,3454,12,1,76.32
4250,3608,5,2,148.14
4251,2557,48,5,38.12
4252,2140,91,1,74.68
4253,4245,40,5,106.95
4254,2165,13,4,126.89
4255,2613,26,2,10.02
4256,2022,14,5,223.28
4257,2822,96,1,11.84
4258,2282,11,1,195.68
4259,1571,38,5,122.94
4260,1973,80,5,135.73
4261,3987,57,4,59.98
4262,2245,22,2,155.77
4263,2443,16,3,138.94
4264,714,77,4,49.42
4265,3546,76,4,67.15
4266,223,82,4,26.06
4267,864,29,1,25.91
4268,4626,82,5,13.31
4269,1426,2,2,62.91
4270,2305,54,1,173.12
4271,654,2,4,85.89
4272,1160,3,2,92.26
4273,1843,93,1,41.66
4274,444,56,3,148.11
4275,2466,72,4,92.11
4276,4670,11,1,172.32
4277,4437,76,1,187.95
4278,2858,32,4,150.33
4279,1281,4,3,76.26
4280,3040,9,5,132.07
4281,3796,88,3,70.46
4282,3638,56,4,226.7
4283,3759,16,5,193.93
4284,100,81,1,128.32
4285,2087,86,3,241.71
4286,2311,71,3,141.22
4287,4246,10,5,88.85
4288,2738,93,1,32.91
4289,1608,36,3,140.5
4290,2954,24,5,216.5
4291,3982,64,3,218.01
4292,3195,56,1,155.1
4293,4340,78,1,104.43
4294,4683,78,2,166.07
4295,3093,89,5,192.91
4296,2963,22,4,108.79
4297,2663,52,3,124.3
4298,856,50,1,173.35
4299,2147,47,3,220.4
4300,4926,23,3,199.84
4301,1387,96,4,15.37
4302,1717,90,1,39.85
4303,4152,91,2,214.67
4304,1726,76,5,210.12
4305,1954,83,3,103.31
4306,185,19,4,150.23
4307,522,52,4,227.4
4308,2312,34,5,228.77
4309,1249,96,5,197.94
4310,1659,29,1,60.3
4311,1003,61,3,185.27
4312,3228,85,3,34.26
4313,3139,35,5,224.55
4314,1929,5,2,45.8
4315,394,76,3,168.96
4316,1618,7,4,156.46
4317,3642,41,5,196.46
4318,661,2,3,142.38
4319,4165,89,1,24.3
4320,320,10,5,179.4
4321,2225,44,4,101.96
4322,584,70,1,86.87
4323,3601,91,5,248.0
4324,582,35,5,151.7
4325,3697,62,3,180.57
4326,1768,74,1,136.32
4327,1557,73,5,194.79
4328,1799,20,4,190.5
4329,4207,35,1,167.72
4330,999,37,3,249.46
4331,758,72,2,120.35
4332,283,54,5,179.49
4333,4897,95,2,201.47
4334,131,80,5,100.25
4335,1294,28,3,119.72
4336,61,70,3,242.6
4337,2212,32,3,17.75
4338,1549,92,3,90.47
4339,4368,11,1,126.69
4340,1782,42,1,10.35
4341,38,23,5,225.79
4342,3632,30,1,78.7
4343,2665,9,5,71.85
4344,474,92,1,206.88
4345,59,88,1,76.72
4346,2637,59,1,167.83
4347,2615,28,4,207.16
4348,2615,88,3,200.19
4349,5000,79,4,197.67
4350,4479,33,1,31.27
4351,1412,47,1,29.16
4352,85,98,4,83.62
4353,1534,22,5,18.63
4354,3798,29,3,130.1
4355,2675,34,5,104.75
4356,2874,42,3,143.69
4357,3121,52,2,81.71
4358,1091,47,3,126.58
4359,2835,74,5,90.34
4360,4225,51,3,56.85
4361,2077,45,2,165.85
4362,3191,94,2,171.62
4363,4788,75,1,209.02
4364,4229,34,2,219.94
4365,1209,21,4,179.07
4366,3578,13,5,175.0
4367,4742,54,4,23.6
4368,2582,25,4,36.35
4369,3788,21,5,205.02
4370,516,1,4,65.91
4371,2213,58,4,95.34
4372,2975,69,4,44.87
4373,933,86,2,56.84
4374,1664,71,5,196.1
4375,557,13,5,72.85
4376,1672,52,5,117.77
4377,993,23,4,46.4
4378,1629,21,2,172.7
4379,1692,6,5,184.78
4380,4853,20,3,96.81
4381,1105,76,5,198.34
4382,1271,40,1,67.58
4383,2903,9,3,176.06
4384,4745,50,5,185.19
4385,1410,28,4,242.48
4386,3647,11,5,65.76
4387,1331,96,2,32.49
4388,4724,75,2,73.13
4389,2055,88,5,39.49
4390,954,56,4,50.73
4391,1843,79,4,90.19
4392,2803,35,4,109.36
4393,10,81,5,226.89
4394,2610,25,5,56.95
4395,122,99,1,243.22
4396,4783,19,2,204.44
4397,2561,31,3,221.55
4398,3038,81,3,233.07
4399,441,50,2,190.78
4400,2750,87,1,199.31
4401,591,63,2,115.08
4402,1369,47,1,132.51
4403,1990,1,1,233.8
4404,1362,58,4,100.78
4405,3774,10,2,20.07
4406,2065,8,3,193.06
4407,2416,26,5,147.56
4408,2952,34,5,205.57
4409,2769,19,2,28.13
4410,3417,78,5,159.1
4411,1577,72,1,69.45
4412,115,1,5,226.78
4413,1369,48,1,36.38
4414,139,25,1,212.34
4415,4924,24,3,31.25
4416,4942,47,5,16.02
4417,3374,84,3,66.41
4418,1316,94,5,89.93
4419,74,69,1,160.37
4420,3847,67,5,41.61
4421,484,32,3,114.96
4422,4112,17,4,59.02
4423,1550,61,3,215.27
4424,1360,69,4,20.79
4425,1897,11,2,95.43
4426,4225,38,3,161.53
4427,511,68,5,229.14
4428,423,19,4,218.32
4429,2433,87,5,224.85
4430,1907,17,4,25.08
4431,4328,13,3,211.82
4432,959,91,3,197.18
4433,825,1,5,226.58
4434,65,2,3,84.78
4435,4929,82,5,228.82
4436,4711,100,1,106.63
4437,3349,97,4,162.18
4438,801,100,5,111.8
4439,278,66,4,112.64
4440,1718,68,1,141.19
4441,2414,16,4,95.42
4442,1239,4,5,200.26
4443,4524,57,3,162.07
4444,1487,73,4,175.54
4445,4682,85,4,65.45
4446,3299,23,1,242.7
4447,4471,2,2,168.44
4448,2996,67,3,57.33
4449,93,87,5,190.12
4450,3532,26,1,51.69
4451,1841,7,5,25.21
4452,3528,100,5,136.61
4453,1622,44,4,142.85
4454,1562,33,1,55.35
4455,1417,64,1,93.61
4456,2965,36,3,236.98
4457,4191,4,2,78.4
4458,1131,23,5,47.34
4459,1414,25,3,248.21
4460,3598,90,3,82.55
4461,3745,92,5,173.26
4462,2119,92,4,65.57
4463,664,85,4,142.03
4464,2635,74,5,102.71
4465,2775,27,1,240.78
4466,3970,51,2,113.87
4467,3491,79,4,150.2
4468,1572,81,2,236.74
4469,1524,99,3,247.42
4470,988,69,3,34.4
4471,3239,80,5,210.24
4472,3846,23,5,101.71
4473,3694,9,5,152.76
4474,99,33,4,100.01
4475,2289,35,2,106.27
4476,1515,50,3,48.13
4477,4298,24,2,147.46
4478,634,88,4,141.21
4479,4842,24,2,55.45
4480,4586,19,2,140.02
4481,579,39,5,243.54
4482,3960,61,2,181.46
4483,273,25,2,125.44
4484,4882,95,2,229.86
4485,3955,25,1,148.08
4486,3928,27,3,42.41
4487,453,32,3,141.4
4488,1176,11,2,53.43
4489,4912,69,5,194.2
4490,414,33,5,242.12
4491,1551,19,5,96.6
4492,4527,16,3,114.38
4493,4991,99,4,111.16
4494,1947,11,2,78.47
4495,192,75,3,200.6
4496,41,74,5,158.25
4497,1860,98,3,25.37
4498,1333,69,3,211.31
4499,3450,87,3,54.9
4500,136,55,5,245.0
4501,4202,25,4,100.4
4502,4615,93,1,157.95
4503,1942,77,2,28.68
4504,1566,96,2,92.72
4505,4222,34,3,202.56
4506,389,12,4,124.53
4507,1559,88,5,227.1
4508,2122,21,1,148.03
4509,1029,29,1,232.86
4510,3535,51,3,245.83
4511,82,23,3,118.93
4512,776,33,5,145.64
4513,3039,8,5,210.38
4514,4374,42,5,63.17
4515,2888,77,3,216.79
4516,1879,69,4,152.06
4517,2272,41,3,184.12
4518,1608,74,3,29.16
4519,3140,63,1,193.89
4520,606,14,5,84.59
4521,4736,88,2,203.26
4522,3415,62,5,132.2
4523,3666,75,4,75.91
4524,2145,46,4,238.66
4525,4271,67,5,193.61
4526,3766,93,5,246.56
4527,1377,53,3,97.47
4528,3463,52,2,165.81
4529,348,94,3,156.78
4530,1,7,1,175.01
4531,63,81,1,19.2
4532,1784,84,4,80.01
4533,3815,54,4,228.24
4534,226,11,2,111.72
4535,1043,25,4,240.55
4536,845,59,1,61.24
4537,2681,88,2,249.38
4538,4120,66,1,177.42
4539,1235,27,5,196.33
4540,1985,83,5,105.25
4541,4257,58,2,227.68
4542,1279,93,3,140.91
4543,1595,11,4,173.43
4544,2552,55,2,32.75
4545,1953,19,4,161.6
4546,1696,92,1,220.98
4547,955,39,3,52.79
4548,3292,85,4,187.05
4549,357,90,5,16.1
4550,3596,86,5,232.29
4551,969,70,1,245.9
4552,242,11,2,95.0
4553,3447,14,4,35.7
4554,4235,60,1,168.06
4555,2145,36,5,17.16
4556,147,41,5,125.8
4557,543,2,5,75.23
4558,692,57,3,123.6
4559,1026,60,3,14.39
4560,4051,20,5,22.39
4561,4006,22,2,13.83
4562,3360,4,3,158.59
4563,2952,56,4,144.42
4564,730,93,3,65.96
4565,4500,58,4,165.19
4566,2556,88,3,222.21
4567,1151,65,5,76.56
4568,1736,88,4,209.68
4569,1039,58,2,169.0
4570,2913,30,3,18.12
4571,4841,76,3,100.04
4572,2541,19,5,131.86
4573,4415,62,4,185.61
4574,1243,68,5,78.91
4575,773,79,4,245.86
4576,1917,84,3,174.29
4577,3413,44,3,99.48
4578,2500,84,3,33.29
4579,3441,61,3,53.53
4580,3546,21,1,127.03
4581,1214,10,3,128.73
4582,2932,30,3,194.25
4583,419,24,4,184.28
4584,3782,48,3,58.31
4585,4961,55,3,152.79
4586,789,52,4,14.95
4587,1872,38,3,105.65
4588,4591,67,3,193.39
4589,2026,93,5,105.88
4590,2447,8,1,210.54
4591,4824,29,4,244.28
4592,561,10,5,155.73
4593,2652,69,2,44.8
4594,3905,75,2,101.12
4595,540,68,1,12.28
4596,4756,49,2,154.65
4597,3137,58,1,207.18
4598,3290,35,2,161.19
4599,2611,50,2,198.66
4600,4913,40,5,201.98
4601,1945,12,2,214.24
4602,3146,85,1,74.0
4603,2759,16,3,219.1
4604,3261,78,3,166.98
4605,4108,85,3,79.53
4606,1896,48,1,246.95
4607,2501,91,1,238.04
4608,2830,100,3,147.87
4609,3874,1,2,212.37
4610,48,65,3,72.76
4611,2365,22,4,109.85
4612,2257,15,1,54.15
4613,4673,84,4,134.82
4614,754,67,4,129.04
4615,2803,14,1,61.08
4616,4650,73,3,171.47
4617,3653,19,5,38.27
4618,403,40,4,24.81
4619,2087,98,3,102.38
4620,2228,4,5,108.36
4621,3411,33,4,86.74
4622,2991,43,3,71.91
4623,4644,37,4,91.31
4624,1150,66,3,49.21
4625,63,27,2,106.83
4626,4940,45,2,227.1
4627,3154,81,1,63.86
4628,1009,50,5,174.27
4629,2032,95,4,44.03
4630,1323,63,4,94.94
4631,2082,6,3,87.08
4632,752,95,5,234.89
4633,4145,67,4,112.72
4634,658,67,5,175.71
4635,1661,97,5,154.59
4636,701,59,2,43.85
4637,1081,13,4,235.49
4638,2157,21,4,93.01
4639,1541,64,1,20.74
4640,3033,37,5,82.11
4641,1984,80,3,90.55
4642,315,85,2,32.26
4643,3082,48,1,158.79
4644,4734,56,2,93.22
4645,2315,44,3,160.99
4646,2136,13,1,11.62
4647,1650,4,2,245.69
4648,3220,95,3,50.92
4649,3801,73,1,168.24
4650,2479,33,3,181.79
4651,4068,37,1,51.19
4652,1776,53,4,36.81
4653,1967,24,4,46.62
4654,1768,89,2,69.24
4655,3816,51,5,50.38
4656,242,41,5,171.76
4657,4798,29,3,111.0
4658,2950,59,1,139.07
4659,4837,40,4,21.36
4660,4877,51,5,216.7
4661,2257,50,4,50.94
4662,4112,36,3,96.44
4663,3369,79,3,27.26
4664,367,60,1,42.83
4665,2828,18,5,169.79
4666,1253,20,3,176.22
4667,2488,5,3,172.47
4668,4786,18,4,142.51
4669,3604,40,2,238.61
4670,3522,1,5,131.72
4671,4943,19,1,117.86
4672,4518,87,1,69.41
4673,1644,26,4,33.72
4674,1213,29,1,141.56
4675,4704,59,3,85.57
4676,20,63,5,135.77
4677,676,98,1,59.47
4678,4478,83,5,211.16
4679,609,62,1,249.93
4680,62,48,2,87.38
4681,1266,62,2,212.16
4682,2286,18,5,219.52
4683,1155,66,2,249.06
4684,1629,27,2,92.25
4685,1627,6,3,191.45
4686,3717,70,1,64.91
4687,1443,59,2,159.95
4688,1654,6,5,179.16
4689,2503,31,3,187.87
4690,3270,94,2,59.72
4691,282,56,5,213.69
4692,4982,54,1,111.03
4693,1025,85,2,61.93
4694,4819,41,5,140.21
4695,3404,18,5,217.21
4696,1236,87,4,242.1
4697,4183,23,5,189.57
4698,4761,92,4,11.35
4699,4958,36,1,42.33
4700,786,25,1,28.31
4701,3318,7,3,34.29
4702,1668,82,4,101.93
4703,3009,20,5,91.24
4704,3195,5,3,37.28
4705,4790,18,3,221.74
4706,3776,33,1,157.7
4707,2447,79,5,201.15
4708,3791,35,4,99.17
4709,534,65,1,108.46
4710,402,63,3,86.23
4711,3664,85,2,115.22
4712,130,72,3,156.49
4713,2340,71,2,128.32
4714,4372,41,1,211.1
4715,2960,50,4,226.03
4716,1859,30,5,122.72
4717,2974,38,2,67.54
4718,4151,35,5,236.85
4719,3650,66,1,186.41
4720,2787,46,1,163.63
4721,3098,8,1,188.9
4722,3513,68,4,28.24
4723,4861,37,2,26.23
4724,1221,85,5,46.75
4725,642,13,3,45.39
4726,3315,73,1,110.96
4727,724,45,5,47.78
4728,4898,29,5,215.09
4729,738,41,4,148.74
4730,4854,56,2,98.38
4731,1300,88,4,26.71
4732,3481,16,4,151.85
4733,340,12,5,37.97
4734,153,66,2,188.37
4735,1422,62,2,202.66
4736,3052,19,2,140.55
4737,427,30,1,45.9
4738,3559,16,2,198.85
4739,1136,88,5,83.88
4740,2373,13,1,63.44
4741,3330,69,3,122.93
4742,950,23,4,231.44
4743,1374,62,2,81.37
4744,957,31,3,227.34
4745,1702,53,2,22.88
4746,2942,17,4,30.05
4747,2483,49,5,177.65
4748,1304,49,5,55.74
4749,371,67,4,85.99
4750,2981,26,3,42.73
4751,2297,13,1,89.74
4752,4799,38,1,77.31
4753,2126,22,2,186.72
4754,2967,85,4,178.49
4755,4146,29,4,239.18
4756,2743,45,1,183.86
4757,4022,46,3,176.76
4758,2365,39,4,176.61
4759,763,69,5,221.91
4760,4063,78,5,81.1
4761,1005,82,4,82.02
4762,3756,68,3,187.89
4763,2847,97,5,64.89
4764,350,39,3,228.88
4765,2965,20,1,138.35
4766,687,77,2,82.03
4767,4638,100,1,196.26
4768,3127,68,2,84.96
4769,4457,35,5,241.19
4770,2756,8,2,245.92
4771,3525,52,2,170.03
4772,3625,40,4,37.27
4773,2733,36,2,73.17
4774,1694,6,4,133.7
4775,2893,86,2,214.35
4776,3812,70,4,54.37
4777,4181,100,5,35.06
4778,685,73,5,27.87
4779,4341,16,2,131.67
4780,2920,46,3,222.33
4781,3757,59,5,20.17
4782,3284,38,1,60.96
4783,4692,97,1,176.38
4784,4027,18,4,208.21
4785,1157,12,3,203.78
4786,3062,54,4,198.42
4787,4446,91,2,41.15
4788,2330,47,5,105.34
4789,1293,1,3,246.34
4790,1885,15,4,247.33
4791,1561,91,4,154.58
4792,984,80,1,180.22
4793,2068,21,2,238.31
4794,1864,1,4,117.98
4795,1980,93,1,42.85
4796,1737,67,3,170.55
4797,2453,12,4,240.42
4798,1919,28,1,177.33
4799,701,39,2,202.8
4800,4047,37,5,111.46
4801,2074,95,3,33.15
4802,4662,60,4,50.53
4803,3754,31,1,245.84
4804,395,58,4,128.36
4805,1957,97,5,12.88
4806,3049,97,4,239.29
4807,3453,11,4,129.47
4808,523,29,1,210.7
4809,1563,89,5,141.63
4810,2910,13,3,34.41
4811,2850,51,1,157.74
4812,550,54,5,249.38
4813,1469,19,5,18.34
4814,833,58,4,212.03
4815,4483,36,2,66.52
4816,1422,28,2,104.53
4817,286,68,3,99.45
4818,2746,3,4,225.71
4819,3766,89,2,131.08
4820,4465,41,1,117.32
4821,1446,35,3,206.33
4822,1467,93,4,21.74
4823,1777,93,1,30.75
4824,3656,76,2,15.21
4825,915,99,2,175.12
4826,288,84,2,136.15
4827,4191,81,2,220.25
4828,2089,76,5,129.65
4829,4427,50,3,63.24
4830,1805,100,3,203.24
4831,1179,74,2,80.64
4832,2552,82,3,234.57
4833,4371,30,1,70.1
4834,1589,72,1,50.25
4835,1957,77,3,128.4
4836,1776,95,2,22.12
4837,4863,70,4,18.74
4838,988,54,2,129.04
4839,1204,71,5,61.63
4840,3331,85,4,12.24
4841,1120,51,5,81.05
4842,197,28,3,124.57
4843,3976,64,5,104.63
4844,526,85,3,42.51
4845,4728,21,5,149.12
4846,1411,88,4,180.48
4847,4504,27,5,172.13
4848,1293,27,2,104.5
4849,1195,77,3,43.02
4850,1949,50,1,129.88
4851,3656,29,5,223.7
4852,4787,39,3,122.49
4853,2218,57,1,56.96
4854,4255,92,3,32.33
4855,3581,37,3,236.54
4856,1018,93,1,188.32
4857,3154,64,1,85.11
4858,3591,48,4,80.88
4859,4208,22,5,224.85
4860,4070,100,5,52.62
4861,48,30,3,138.41
4862,3664,28,2,181.24
4863,4472,23,2,105.13
4864,828,97,3,19.58
4865,4723,4,4,64.66
4866,2090,3,1,226.43
4867,2057,61,3,135.55
4868,819,96,5,205.71
4869,4753,4,2,143.36
4870,3985,65,2,236.46
4871,3681,12,2,228.19
4872,1812,13,4,125.89
4873,4886,34,5,86.39
4874,3115,59,4,154.4
4875,1630,93,1,171.97
4876,1544,73,3,129.61
4877,3580,31,3,207.35
4878,1905,71,2,54.0
4879,1437,13,2,90.26
4880,3318,54,1,174.73
4881,3521,2,4,69.2
4882,3060,33,5,115.56
4883,4117,50,1,241.3
4884,999,7,3,160.21
4885,1432,18,3,237.77
4886,4553,51,4,183.39
4887,3062,8,1,183.92
4888,265,55,5,152.05
4889,3732,76,1,44.13
4890,2275,43,1,134.73
4891,3876,59,4,70.64
4892,3318,30,5,249.68
4893,2047,59,3,74.07
4894,3145,9,2,65.36
4895,3222,92,5,159.73
4896,3141,68,3,132.63
4897,4901,39,4,15.12
4898,1254,81,5,41.09
4899,723,11,5,204.65
4900,84,2,3,126.09
4901,4836,23,3,45.04
4902,3371,63,1,121.66
4903,3820,22,1,70.76
4904,3365,61,5,63.66
4905,1758,26,2,239.85
4906,4319,12,4,96.89
4907,2781,32,3,21.14
4908,3288,9,1,242.88
4909,2453,69,4,200.76
4910,329,90,5,71.06
4911,426,71,3,108.13
4912,770,93,3,216.95
4913,3976,33,1,95.78
4914,608,24,2,146.18
4915,1853,89,3,138.37
4916,2673,95,2,106.31
4917,2125,93,4,163.48
4918,1301,69,3,123.59
4919,466,38,3,15.1
4920,1965,11,2,205.45
4921,1946,32,1,37.16
4922,2540,64,5,121.38
4923,2361,72,4,149.18
4924,2040,20,3,179.32
4925,1185,34,1,108.59
4926,3935,42,3,186.53
4927,3218,8,4,41.52
4928,2783,66,5,166.83
4929,778,21,3,208.32
4930,3380,79,2,223.47
4931,2419,70,1,149.1
4932,4078,5,5,85.09
4933,4263,67,3,49.21
4934,2440,43,5,92.93
4935,4832,16,2,139.59
4936,1990,99,3,57.12
4937,1067,73,5,238.6
4938,945,35,3,225.31
4939,29,83,3,17.91
4940,1898,43,5,144.87
4941,1698,98,3,199.43
4942,2815,39,2,68.89
4943,3366,10,5,135.74
4944,2489,74,5,107.44
4945,1666,20,2,57.17
4946,4620,1,2,157.54
4947,1571,6,2,248.49
4948,1734,53,3,97.67
4949,760,46,3,142.57
4950,2158,66,4,88.69
4951,1352,38,3,220.47
4952,3477,33,2,217.5
4953,1269,67,4,52.91
4954,1786,100,2,225.99
4955,3950,77,1,46.36
4956,2608,35,5,32.91
4957,399,79,1,166.7
4958,2631,45,2,102.62
4959,2447,22,3,137.38
4960,1670,68,5,166.62
4961,239,17,3,22.68
4962,3537,5,3,80.31
4963,3862,85,5,120.62
4964,3104,57,5,73.98
4965,1147,88,1,21.75
4966,1558,95,2,30.8
4967,3739,40,3,202.42
4968,2158,30,2,228.73
4969,3452,42,2,46.54
4970,300,7,4,69.82
4971,3699,71,1,166.54
4972,4054,91,3,239.03
4973,4860,88,5,81.9
4974,249,19,5,215.25
4975,2569,41,2,131.45
4976,4130,34,1,239.57
4977,4324,22,1,42.7
4978,4681,52,3,243.68
4979,2861,91,3,115.83
4980,724,6,2,238.71
4981,570,74,2,120.09
4982,220,95,2,137.22
4983,1395,25,4,203.15
4984,2835,66,1,183.43
4985,2123,10,2,158.7
4986,4232,74,1,110.08
4987,4001,26,5,200.19
4988,4350,5,5,237.57
4989,3090,86,1,12.35
4990,50,68,5,151.08
4991,515,98,5,217.84
4992,2792,71,5,166.75
4993,2779,50,3,202.2
4994,2619,17,3,224.81
4995,1838,11,1,190.23
4996,4672,53,1,182.08
4997,1166,50,4,241.54
4998,4999,8,3,217.28
4999,2250,92,1,205.69
5000,415,97,3,30.74
5001,2269,62,4,67.37
5002,1105,89,1,143.62
5003,4859,85,1,180.29
5004,4659,76,1,82.77
5005,3357,90,1,32.4
5006,2417,29,2,84.66
5007,1935,99,3,195.05
5008,204,44,3,220.58
5009,69,45,3,229.1
5010,516,29,4,100.93
5011,3564,88,2,99.41
5012,4457,59,3,107.61
5013,1465,15,3,100.19
5014,1653,70,1,169.89
5015,707,96,1,96.0
5016,1626,44,1,14.88
5017,4753,98,3,115.37
5018,3786,36,1,63.8
5019,1346,84,3,16.91
5020,344,57,4,123.0
5021,3787,64,4,59.43
5022,536,76,5,118.66
5023,355,99,2,76.66
5024,3543,38,1,154.89
5025,983,17,1,247.81
5026,1346,27,2,141.34
5027,3010,17,2,165.26
5028,527,63,5,230.63
5029,931,11,2,99.76
5030,2757,64,3,49.97
5031,2283,39,1,77.87
5032,1947,2,2,106.67
5033,3928,66,3,164.8
5034,2542,54,2,11.1
5035,1917,29,3,214.81
5036,3361,45,4,28.26
5037,1594,88,3,226.16
5038,2926,88,5,237.86
5039,3626,80,3,247.62
5040,1224,31,2,204.28
5041,1960,49,4,44.05
5042,966,9,4,179.48
5043,4993,27,3,58.8
5044,3679,56,2,225.31
5045,4313,78,4,85.99
5046,623,45,3,88.43
5047,4449,89,3,230.24
5048,4788,43,3,13.18
5049,4727,22,4,56.55
5050,2373,99,1,111.26
5051,2949,33,2,178.17
5052,3300,27,5,165.42
5053,1169,40,5,170.66
5054,4750,26,2,221.21
5055,392,83,1,39.05
5056,3810,45,2,135.32
5057,2408,45,3,184.11
5058,4865,26,2,162.67
5059,4893,70,2,117.6
5060,4261,67,4,14.11
5061,4829,6,5,24.51
5062,581,28,5,38.55
5063,821,67,3,92.37
5064,1248,13,3,38.24
5065,124,63,4,112.26
5066,4440,13,3,52.87
5067,1875,77,1,197.0
5068,524,1,4,219.16
5069,3124,40,4,103.52
5070,4225,37,2,132.72
5071,3199,31,2,238.84
5072,2786,17,1,138.52
5073,2119,9,4,248.82
5074,1211,64,4,44.11
5075,1027,57,2,216.93
5076,4118,13,5,129.33
5077,4262,37,5,15.45
5078,498,14,2,243.33
5079,4530,75,3,241.61
5080,2806,25,4,101.99
5081,4933,95,1,238.99
5082,1694,78,5,43.84
5083,4759,57,3,173.23
5084,725,71,4,56.06
5085,376,88,3,69.2
5086,4399,100,4,197.04
5087,2453,42,4,100.57
5088,3860,42,2,11.71
5089,1687,47,2,109.42
5090,4804,44,1,64.74
5091,257,41,1,174.0
5092,4495,3,3,56.67
5093,3601,90,2,212.14
5094,51,90,4,74.1
5095,595,1,2,104.33
5096,4914,79,4,81.53
5097,4732,11,2,164.54
5098,3874,7,4,34.28
5099,3437,12,3,124.74
5100,1073,38,2,90.27
5101,1477,54,5,222.19
5102,4871,67,5,27.62
5103,3021,53,4,209.13
5104,1665,90,3,50.24
5105,4493,94,4,31.26
5106,2731,32,3,58.56
5107,1396,100,1,34.64
5108,3898,45,2,135.04
5109,4625,51,3,247.17
5110,4781,37,4,18.24
5111,4046,59,1,120.67
5112,2661,54,4,102.66
5113,2234,18,5,91.51
5114,3323,1,5,89.65
5115,4198,21,2,224.8
5116,4219,28,2,14.55
5117,2102,16,1,195.98
5118,1307,48,5,70.7
5119,1638,28,3,101.99
5120,1141,22,5,110.84
5121,616,83,2,83.14
5122,4653,1,4,32.45
5123,4210,95,1,37.44
5124,1567,42,5,81.55
5125,977,98,3,207.23
5126,4797,70,3,42.31
5127,1317,92,3,188.23
5128,2340,3,1,79.33
5129,4357,95,3,222.03
5130,2097,80,3,112.8
5131,379,81,5,51.21
5132,3466,44,1,246.6
5133,2272,27,4,52.39
5134,1047,51,4,146.23
5135,1008,24,3,146.63
5136,110,20,2,99.48
5137,2772,32,1,238.36
5138,3884,99,2,212.53
5139,2601,13,1,209.16
5140,3244,43,1,243.8
5141,1006,20,5,119.71
5142,4794,2,3,33.32
5143,306,68,5,193.71
5144,959,91,2,101.4
5145,954,60,2,55.68
5146,2669,89,4,125.98
5147,3539,4,5,232.17
5148,2678,96,5,51.13
5149,1631,17,5,213.69
5150,1792,1,4,110.37
5151,2604,33,5,42.83
5152,1972,30,5,213.61
5153,67,5,5,242.71
5154,835,12,5,79.9
5155,206,32,2,82.85
5156,2834,38,3,103.73
5157,4251,17,2,205.39
5158,1715,58,5,12.5
5159,1533,40,1,63.75
5160,3146,96,1,179.42
5161,3121,24,4,107.35
5162,708,12,2,89.27
5163,179,95,4,219.35
5164,113,19,4,230.16
5165,757,29,1,237.52
5166,897,85,2,75.41
5167,2869,90,3,229.0
5168,159,52,2,186.87
5169,786,92,4,47.01
5170,1804,17,5,156.46
5171,1840,73,4,16.32
5172,3169,21,2,180.01
5173,2299,60,1,186.06
5174,4079,98,2,199.44
5175,1543,75,3,51.41
5176,4209,20,5,160.78
5177,4355,53,5,52.93
5178,2155,80,4,237.2
5179,575,63,2,172.0
5180,3039,57,1,32.88
5181,1382,29,3,54.89
5182,1223,1,4,169.23
5183,2475,82,2,124.4
5184,1502,59,1,186.71
5185,859,64,2,77.39
5186,3575,86,1,167.9
5187,3730,72,2,52.47
5188,2966,71,2,140.49
5189,3192,89,4,239.87
5190,1597,94,2,160.77
5191,1562,98,2,22.0
5192,2523,44,4,247.3
5193,2600,48,4,47.65
5194,2392,75,5,182.34
5195,2676,15,5,137.81
5196,2184,35,4,80.65
5197,277,23,3,52.55
5198,3883,53,1,52.65
5199,3605,45,4,216.02
5200,2079,85,5,219.5
5201,4343,92,2,121.63
5202,4507,13,4,34.87
5203,4078,34,4,222.2
5204,4169,38,5,126.88
5205,1121,70,5,115.3
5206,4769,68,3,107.77
5207,2524,5,5,97.6
5208,3371,40,5,136.24
5209,4383,70,5,155.09
5210,1909,21,2,121.94
5211,3521,28,4,225.2
5212,4308,3,4,86.24
5213,4497,23,5,148.79
5214,4751,72,3,81.99
5215,3106,19,5,190.8
5216,498,75,3,34.51
5217,3588,50,4,55.29
5218,4194,74,3,202.29
5219,2414,58,3,53.97
5220,3801,92,1,160.18
5221,463,20,3,242.86
5222,2761,92,3,135.49
5223,3458,93,2,54.98
5224,273,72,4,86.97
5225,1151,83,5,207.63
5226,3390,53,1,94.4
5227,19,85,3,183.64
5228,1617,82,2,196.56
5229,3179,9,2,130.28
5230,4082,4,5,197.97
5231,412,41,5,86.06
5232,742,25,4,133.88
5233,2672,34,3,174.77
5234,2780,73,2,50.34
5235,2625,9,1,75.67
5236,515,82,4,166.49
5237,207,75,3,167.29
5238,948,13,5,128.39
5239,2442,9,3,200.94
5240,1829,80,5,125.69
5241,3599,4,3,221.52
5242,2168,34,1,186.62
5243,1657,7,4,85.53
5244,602,15,5,104.86
5245,712,38,1,170.24
5246,1204,75,2,224.67
5247,1392,96,1,52.89
5248,2697,91,1,133.52
5249,3273,94,1,38.51
5250,4926,52,5,77.07
5251,3132,81,2,174.64
5252,3731,100,4,28.66
5253,2667,83,1,168.97
5254,550,7,5,226.19
5255,4742,45,5,242.65
5256,3983,59,4,61.99
5257,1245,21,3,189.74
5258,3887,28,2,232.33
5259,4013,3,2,31.93
5260,2550,14,1,109.37
5261,3205,2,3,230.66
5262,846,29,2,58.67
5263,4546,18,1,234.1
5264,44,37,3,136.53
5265,659,45,5,33.97
5266,4824,45,1,117.97
5267,3931,24,3,88.3
5268,2868,46,4,77.73
5269,3648,12,2,139.95
5270,2783,53,1,126.06
5271,1692,45,5,125.67
5272,2226,32,1,31.15
5273,3067,18,2,202.56
5274,1948,13,2,125.55
5275,1366,4,3,207.02
5276,3131,23,5,207.9
5277,4534,62,3,86.11
5278,4522,54,5,11.04
5279,968,74,1,228.7
5280,1405,55,1,192.57
5281,486,69,3,35.74
5282,1756,40,4,178.41
5283,3631,14,2,14.81
5284,2969,98,3,16.66
5285,1580,28,3,136.2
5286,2796,72,1,33.05
5287,51,80,2,241.44
5288,1660,95,3,224.52
5289,4301,71,1,165.95
5290,2788,67,1,25.29
5291,4629,29,3,87.96
5292,2156,100,3,99.21
5293,4347,61,1,125.41
5294,4231,68,3,50.54
5295,3162,9,2,148.6
5296,1615,17,1,114.58
5297,2737,49,1,237.35
5298,407,63,3,234.69
5299,3380,84,3,145.71
5300,4198,78,3,164.64
5301,1385,46,2,43.07
5302,3696,93,1,63.6
5303,4500,13,4,226.17
5304,4910,100,2,177.8
5305,2903,45,2,55.46
5306,1630,53,1,146.85
5307,3263,17,4,234.34
5308,1027,47,1,92.84
5309,2990,62,2,54.6
5310,2225,50,3,236.09
5311,2921,43,1,120.7
5312,4316,68,1,110.14
5313,4269,84,3,74.22
5314,2784,75,4,223.98
5315,1414,86,4,212.95
5316,4598,72,1,106.72
5317,3649,28,3,17.35
5318,2809,45,1,117.2
5319,3332,41,3,53.41
5320,2179,94,2,44.26
5321,798,97,3,104.34
5322,2847,97,1,33.78
5323,930,36,5,239.79
5324,4819,91,4,21.41
5325,3092,84,1,106.33
5326,2263,33,3,49.05
5327,1334,25,3,175.31
5328,1275,19,4,28.91
5329,4584,47,1,141.23
5330,3481,85,5,195.54
5331,3343,33,2,238.01
5332,1218,67,5,177.65
5333,1465,14,2,33.88
5334,4409,79,2,31.24
5335,4175,33,1,185.58
5336,4771,42,2,61.68
5337,14,86,3,117.34
5338,2294,65,2,244.39
5339,2046,95,2,206.78
5340,1038,47,4,213.18
5341,4129,35,4,216.58
5342,1460,84,1,158.69
5343,257,32,1,188.54
5344,4130,55,3,96.15
5345,4074,54,4,249.63
5346,1284,76,5,77.11
5347,3488,51,1,151.6
5348,2185,80,1,77.69
5349,359,59,4,36.9
5350,3792,72,4,146.22
5351,4850,14,3,94.8
5352,3188,18,4,149.97
5353,4500,55,2,144.08
5354,1226,94,5,140.14
5355,2298,97,2,39.59
5356,278,98,2,115.64
5357,4208,56,2,204.88
5358,1987,49,1,85.63
5359,3545,98,2,116.52
5360,2794,60,1,128.52
5361,392,53,4,217.06
5362,969,71,5,167.34
5363,2191,6,5,34.05
5364,2229,70,2,217.64
5365,2627,86,5,209.7
5366,2846,8,1,190.88
5367,4365,15,4,121.85
5368,3308,26,2,191.81
5369,2601,39,3,124.9
5370,2681,3,5,186.79
5371,4371,57,5,221.23
5372,4839,10,2,223.73
5373,86,3,5,119.1
5374,3135,94,5,216.24
5375,4500,46,3,34.35
5376,2240,22,1,34.44
5377,3365,67,2,141.58
5378,2046,65,2,166.44
5379,1055,97,3,46.72
5380,3402,19,3,123.32
5381,3730,100,1,32.65
5382,2670,62,4,154.5
5383,276,98,2,215.22
5384,4747,57,5,187.03
5385,4091,95,1,100.79
5386,1106,88,2,248.51
5387,4682,76,1,169.1
5388,2933,13,4,205.66
5389,129,16,2,170.73
5390,4352,16,5,247.46
5391,4327,52,2,207.13
5392,3569,84,1,134.66
5393,2403,41,4,98.05
5394,1648,48,1,173.72
5395,3557,91,1,151.65
5396,3892,39,3,161.04
5397,2194,13,1,92.32
5398,2048,4,4,112.89
5399,3105,96,5,143.94
5400,4356,98,3,211.43
5401,2135,43,1,193.1
5402,843,81,2,38.48
5403,1972,88,3,68.93
5404,4361,93,4,16.4
5405,3904,46,2,11.91
5406,3614,92,4,63.85
5407,392,47,2,201.84
5408,2280,86,5,227.14
5409,901,92,4,104.02
5410,4684,53,2,145.17
5411,2495,25,4,179.45
5412,1153,41,3,238.7
5413,1295,3,4,229.1
5414,466,77,4,23.73
5415,2176,95,2,69.56
5416,3246,13,4,21.79
5417,488,18,5,157.97
5418,2939,37,1,180.52
5419,2627,43,3,83.99
5420,950,34,2,214.92
5421,4502,81,4,118.68
5422,1050,55,4,249.61
5423,4076,52,4,10.1
5424,4460,85,3,36.28
5425,1391,36,1,82.43
5426,1084,54,5,16.12
5427,4647,59,5,197.76
5428,1659,52,2,22.67
5429,4388,19,1,189.76
5430,1818,12,1,22.62
5431,191,92,3,70.65
5432,461,11,4,211.91
5433,2522,48,1,238.26
5434,3477,92,4,109.49
5435,2706,99,3,242.79
5436,4367,79,2,160.45
5437,1158,16,2,109.8
5438,4267,71,4,202.67
5439,28,47,4,80.88
5440,4232,67,1,73.79
5441,2973,31,3,167.57
5442,3025,76,2,103.72
5443,4984,8,1,42.62
5444,1265,89,5,26.07
5445,856,61,1,199.08
5446,4026,44,4,172.22
5447,1252,50,5,108.83
5448,4605,35,1,225.09
5449,3871,76,3,108.61
5450,1327,61,2,180.47
5451,1026,85,5,228.19
5452,362,90,3,211.77
5453,1219,55,1,132.67
5454,606,66,4,173.35
5455,1671,14,4,109.28
5456,4812,4,3,165.33
5457,2298,17,4,71.81
5458,2195,69,2,114.34
5459,4444,24,3,60.29
5460,1278,49,3,19.16
5461,399,55,4,151.25
5462,2173,71,3,217.46
5463,2811,23,1,16.14
5464,2653,81,5,57.05
5465,2940,12,5,120.44
5466,822,11,4,169.82
5467,4998,75,2,51.1
5468,945,98,2,23.61
5469,3479,29,4,134.57
5470,2780,62,4,206.49
5471,4430,53,3,18.46
5472,4451,48,2,93.85
5473,1197,100,5,169.24
5474,1213,91,4,41.38
5475,824,86,5,66.63
5476,1897,66,5,138.52
5477,4264,100,2,238.78
5478,2416,48,5,78.96
5479,536,94,3,127.01
5480,3011,59,3,105.98
5481,2628,71,2,225.38
5482,3778,57,3,27.25
5483,950,76,4,145.88
5484,3509,3,2,213.07
5485,4303,81,5,247.15
5486,544,32,4,177.69
5487,3901,8,2,101.18
5488,3754,87,5,108.84
5489,4225,30,5,94.4
5490,2083,15,5,154.87
5491,2867,74,5,187.46
5492,2247,55,5,206.67
5493,1837,38,2,109.98
5494,77,15,3,182.01
5495,369,30,5,229.89
5496,4622,46,4,231.0
5497,349,64,2,178.97
5498,4602,26,1,162.86
5499,4739,78,3,137.57
5500,4334,67,4,53.97
5501,1456,36,5,39.67
5502,2186,90,2,126.57
5503,3812,78,2,48.27
5504,3273,31,5,148.48
5505,3683,78,4,164.97
5506,1847,40,2,136.15
5507,1855,74,3,18.74
5508,2986,73,4,23.85
5509,4451,46,5,37.2
5510,2626,42,4,46.87
5511,2895,18,4,247.57
5512,559,100,1,92.68
5513,2897,36,5,80.07
5514,1918,76,3,22.54
5515,1255,50,5,162.48
5516,1682,61,1,166.53
5517,1815,40,5,52.11
5518,663,3,5,230.62
5519,4117,82,3,202.12
5520,3326,7,1,65.28
5521,1242,31,5,126.6
5522,3144,65,5,120.01
5523,3038,95,2,93.64
5524,162,64,5,206.23
5525,4226,77,3,36.22
5526,1951,93,2,109.68
5527,4321,3,1,112.73
5528,1782,93,4,122.49
5529,4676,35,3,216.72
5530,1478,15,1,62.36
5531,3031,21,2,34.7
5532,3987,62,4,158.27
5533,107,83,1,51.72
5534,2669,28,3,27.98
5535,4936,4,2,112.4
5536,1165,13,3,62.72
5537,1158,79,3,96.69
5538,2247,51,2,72.33
5539,667,48,5,32.23
5540,2127,39,3,144.48
5541,2942,96,2,16.48
5542,512,67,3,241.93
5543,250,94,5,91.92
5544,889,58,2,176.84
5545,1024,84,1,204.49
5546,4695,2,1,76.99
5547,4849,25,1,189.7
5548,600,11,4,209.78
5549,3023,1,3,67.92
5550,2531,48,3,248.2
5551,2884,48,2,14.97
5552,2065,10,4,62.08
5553,1759,81,3,197.2
5554,3570,30,2,56.59
5555,1243,35,5,177.58
5556,4330,19,3,215.33
5557,2296,53,3,240.21
5558,1926,34,5,123.82
5559,2063,32,5,243.07
5560,3396,76,3,108.79
5561,441,81,5,62.35
5562,2744,6,2,133.34
5563,7,13,3,165.96
5564,1587,86,3,119.91
5565,826,75,1,146.07
5566,3825,64,3,109.94
5567,1269,7,1,135.94
5568,3437,45,5,238.62
5569,3439,45,5,129.96
5570,1311,85,2,70.76
5571,4034,65,1,192.1
5572,1628,94,3,91.02
5573,1037,19,1,205.89
5574,478,47,5,23.64
5575,2679,46,5,89.72
5576,715,29,2,32.65
5577,1677,99,5,30.48
5578,2163,84,1,168.01
5579,509,100,3,102.48
5580,382,61,3,219.15
5581,1181,65,1,133.94
5582,1846,23,2,80.88
5583,4371,95,3,183.01
5584,1719,51,1,159.76
5585,1101,63,1,201.9
5586,1861,99,5,164.46
5587,2092,22,5,50.08
5588,718,71,2,170.87
5589,318,33,2,103.97
5590,4630,100,2,121.15
5591,1777,44,1,231.18
5592,2285,7,1,96.39
5593,1245,91,5,156.87
5594,1334,2,3,97.24
5595,3670,17,2,32.73
5596,1201,65,4,118.85
5597,1795,58,2,153.29
5598,2702,30,5,107.8
5599,1455,86,1,103.76
5600,1934,92,5,206.89
5601,747,97,5,17.12
5602,841,26,5,80.94
5603,2496,35,4,204.82
5604,1089,63,4,230.93
5605,793,75,2,108.95
5606,1268,71,1,223.31
5607,1551,28,5,57.74
5608,2691,25,3,63.14
5609,293,61,2,213.09
5610,4023,31,2,226.78
5611,1405,54,5,63.47
5612,1649,67,2,24.24
5613,2817,97,5,31.68
5614,3911,51,2,72.73
5615,2919,58,1,192.75
5616,1398,34,2,132.4
5617,1694,59,2,119.34
5618,1038,21,3,150.19
5619,3853,56,1,223.65
5620,1563,37,1,31.7
5621,1113,64,1,176.73
5622,1292,19,2,232.43
5623,1162,85,4,61.2
5624,1030,78,2,211.07
5625,4338,74,5,177.53
5626,4258,53,3,13.47
5627,2740,71,1,65.59
5628,979,93,5,155.4
5629,518,63,5,130.58
5630,4994,62,4,136.7
5631,783,72,1,65.66
5632,2832,77,2,172.0
5633,4181,19,1,73.94
5634,138,75,3,103.46
5635,754,2,1,98.54
5636,2954,6,5,171.29
5637,4809,29,5,31.66
5638,2456,41,2,59.33
5639,2835,51,2,58.12
5640,580,5,2,36.02
5641,3256,41,3,59.82
5642,3267,62,1,155.69
5643,4650,30,4,185.72
5644,396,62,1,168.47
5645,1938,100,2,124.05
5646,4906,27,3,22.58
5647,2590,50,1,240.16
5648,3035,82,5,50.34
5649,170,52,1,170.42
5650,2338,49,5,229.09
5651,3240,62,1,177.47
5652,3416,100,1,62.33
5653,3569,60,1,85.79
5654,3217,80,2,17.25
5655,3485,54,5,157.06
5656,4836,5,3,157.12
5657,1842,9,4,184.12
5658,3761,34,5,12.64
5659,4553,98,2,206.28
5660,3027,36,5,187.29
5661,3966,95,3,43.81
5662,1602,20,5,93.43
5663,1147,81,2,163.25
5664,4327,84,2,128.99
5665,2685,92,4,37.62
5666,112,85,3,30.96
5667,593,83,4,197.55
5668,2440,63,1,47.43
5669,1239,67,2,51.3
5670,2795,30,4,209.42
5671,2415,69,2,156.91
5672,2130,70,2,155.13
5673,2854,3,1,125.04
5674,2870,49,2,146.56
5675,3599,42,4,154.42
5676,3804,24,3,242.28
5677,1527,44,5,63.51
5678,1970,1,4,61.49
5679,952,54,1,23.73
5680,1503,52,5,167.97
5681,4468,36,2,141.77
5682,3337,79,4,36.7
5683,110,38,5,97.49
5684,3987,44,4,52.88
5685,2355,82,2,89.56
5686,226,87,4,238.3
5687,3012,47,1,174.0
5688,4127,29,5,11.82
5689,614,51,5,70.6
5690,99,41,5,12.49
5691,811,86,4,181.57
5692,3338,64,2,122.66
5693,2700,88,4,248.56
5694,4910,48,4,186.06
5695,1020,77,5,134.3
5696,3026,97,2,203.13
5697,3529,22,3,179.15
5698,3887,99,2,68.51
5699,2980,17,4,137.26
5700,3341,86,1,143.44
5701,797,5,2,118.3
5702,1958,61,5,53.01
5703,3067,89,1,63.61
5704,3021,6,3,77.45
5705,2681,53,3,12.46
5706,4442,81,1,230.07
5707,4820,95,3,174.66
5708,2949,17,1,175.51
5709,3732,59,4,147.36
5710,1102,97,1,175.43
5711,1038,39,4,245.65
5712,4232,54,5,102.44
5713,792,48,5,181.01
5714,4175,37,3,96.29
5715,1779,48,1,215.03
5716,4801,68,4,215.93
5717,982,78,5,226.54
5718,1266,77,5,11.31
5719,744,27,5,81.57
5720,2432,88,3,42.14
5721,375,27,5,118.96
5722,1754,72,2,128.91
5723,3898,63,3,71.42
5724,2537,52,1,183.63
5725,1992,47,2,74.74
5726,2929,21,3,214.93
5727,3447,57,3,52.64
5728,592,75,4,98.14
5729,4629,95,2,159.34
5730,2570,91,2,155.28
5731,2873,42,2,28.73
5732,1177,48,5,213.1
5733,1336,27,5,153.54
5734,4694,72,1,218.77
5735,113,33,1,218.23
5736,3773,76,1,141.02
5737,1846,35,5,228.59
5738,1988,98,4,213.62
5739,4830,16,1,239.95
5740,1986,36,3,214.12
5741,3293,66,5,207.09
5742,3243,76,4,122.65
5743,253,91,3,60.89
5744,124,56,3,228.57
5745,1237,17,5,183.41
5746,624,20,2,77.62
5747,3157,85,4,91.84
5748,3137,94,5,174.66
5749,3390,84,2,124.68
5750,3418,8,5,29.56
5751,1656,18,5,43.95
5752,1267,18,3,188.96
5753,2946,18,5,88.86
5754,1161,2,2,131.84
5755,2295,76,3,193.99
5756,441,96,2,190.28
5757,2093,72,2,50.08
5758,2706,51,3,33.61
5759,3760,10,2,151.88
5760,554,75,1,187.99
5761,4905,14,5,45.77
5762,1113,26,3,99.27
5763,2778,47,3,218.87
5764,1834,30,1,236.61
5765,1315,56,1,118.98
5766,3494,42,1,29.08
5767,3139,4,1,71.85
5768,3113,11,4,65.91
5769,99,24,3,67.35
5770,3926,86,2,128.53
5771,1480,67,3,149.97
5772,4397,37,3,39.4
5773,1223,2,3,223.45
5774,4584,12,1,158.79
5775,1005,21,1,153.34
5776,477,69,4,246.95
5777,1136,71,3,160.75
5778,2857,64,5,232.95
5779,1706,68,4,78.7
5780,518,43,1,67.63
5781,1221,54,3,133.96
5782,2507,100,1,132.07
5783,4326,62,2,64.36
5784,1192,86,1,177.92
5785,3881,93,1,17.11
5786,3244,73,4,175.75
5787,1978,90,2,119.72
5788,2243,12,5,175.36
5789,3091,1,5,124.5
5790,1888,72,5,244.56
5791,4560,33,3,90.32
5792,974,64,5,245.82
5793,66,68,3,25.59
5794,2907,14,1,174.1
5795,571,93,5,119.01
5796,3893,14,4,207.31
5797,308,9,2,199.51
5798,3409,73,2,202.05
5799,3743,26,1,32.74
5800,783,49,2,207.37
5801,4217,17,2,61.37
5802,766,68,1,16.16
5803,3476,60,1,62.26
5804,773,3,1,125.03
5805,3858,93,4,188.11
5806,3186,25,1,62.47
5807,540,21,1,37.12
5808,2050,12,1,165.03
5809,3284,54,5,246.14
5810,4676,1,5,154.21
5811,1664,1,4,175.85
5812,1048,45,4,144.68
5813,3837,46,2,197.76
5814,3440,48,5,244.19
5815,506,7,4,140.59
5816,3248,10,4,110.03
5817,3501,15,2,216.48
5818,1911,40,1,242.73
5819,733,11,3,41.0
5820,3514,56,2,148.76
5821,1572,46,3,200.19
5822,4610,45,2,138.0
5823,2943,87,2,108.21
5824,4457,13,1,167.26
5825,2322,27,4,74.83
5826,3336,81,5,93.79
5827,4623,50,2,248.15
5828,4375,61,1,162.75
5829,2754,13,3,219.5
5830,1373,12,4,203.86
5831,1445,29,2,166.55
5832,3377,85,3,211.77
5833,290,84,2,78.92
5834,2066,20,5,162.91
5835,64,31,5,151.74
5836,3946,8,4,159.38
5837,330,24,3,50.47
5838,4859,75,5,76.54
5839,1964,39,1,78.8
5840,3089,33,4,154.47
5841,2491,42,2,243.41
5842,141,15,3,238.98
5843,4540,68,3,64.53
5844,2474,65,1,83.16
5845,3904,32,5,18.65
5846,450,11,3,105.72
5847,1826,94,1,210.32
5848,4447,37,1,229.78
5849,4695,19,2,66.76
5850,4807,51,1,73.79
5851,870,100,4,63.0
5852,3565,34,3,94.02
5853,3660,71,4,203.14
5854,3603,60,1,165.25
5855,393,84,1,198.63
5856,842,53,4,149.93
5857,2449,12,2,71.86
5858,2792,62,1,64.72
5859,2954,96,4,12.16
5860,1359,66,4,197.44
5861,991,86,3,213.31
5862,1039,48,2,194.39
5863,28,40,5,27.86
5864,388,24,4,192.93
5865,833,50,3,20.98
5866,250,95,5,35.34
5867,2028,68,3,115.71
5868,1529,88,3,124.28
5869,4194,43,2,205.87
5870,1839,17,1,173.09
5871,1361,83,2,46.8
5872,3110,55,5,64.28
5873,1324,34,2,78.56
5874,2227,97,1,39.68
5875,3681,70,2,79.03
5876,892,60,2,184.86
5877,1306,51,2,67.94
5878,4549,100,4,210.49
5879,4193,77,4,122.68
5880,262,73,2,87.5
5881,2341,35,1,108.98
5882,1794,34,1,180.28
5883,2297,16,1,134.03
5884,2293,82,1,11.75
5885,2171,18,3,231.36
5886,325,38,2,25.84
5887,986,43,2,235.27
5888,4783,32,3,16.76
5889,3853,7,1,195.04
5890,1740,87,5,138.32
5891,1861,87,5,131.37
5892,3138,46,3,27.47
5893,3899,61,5,67.3
5894,836,18,4,196.61
5895,4155,71,2,223.9
5896,2779,40,5,136.99
5897,1397,88,4,94.8
5898,1677,78,2,24.39
5899,4332,50,4,173.72
5900,4314,5,2,76.83
5901,1838,54,2,23.2
5902,3722,86,5,169.8
5903,3673,58,3,126.57
5904,3023,22,5,12.87
5905,4685,74,1,36.62
5906,1672,90,4,177.81
5907,917,79,1,25.28
5908,918,38,2,217.83
5909,1134,49,5,84.72
5910,1837,1,1,31.28
5911,2139,78,1,192.34
5912,4008,36,1,135.86
5913,1906,95,2,83.59
5914,3990,28,2,107.46
5915,3486,98,2,15.14
5916,4798,35,1,169.05
5917,2121,60,4,97.79
5918,2733,62,5,181.37
5919,2770,87,5,160.76
5920,1322,46,2,166.3
5921,3717,83,1,200.29
5922,3355,82,4,161.48
5923,1529,79,3,110.49
5924,4744,61,2,103.58
5925,760,65,3,38.7
5926,3413,89,5,197.07
5927,1358,26,5,192.67
5928,2191,35,4,69.11
5929,3482,57,4,217.04
5930,949,79,3,151.36
5931,2080,63,5,124.88
5932,1767,4,4,14.2
5933,28,79,4,101.86
5934,2471,42,5,163.76
5935,2539,45,5,31.54
5936,160,39,1,120.3
5937,2893,65,4,248.42
5938,4114,22,3,181.97
5939,3723,11,2,141.25
5940,3732,37,2,137.93
5941,2472,90,5,20.5
5942,5000,51,3,239.76
5943,4851,91,1,232.76
5944,1571,58,4,173.78
5945,837,77,1,33.76
5946,4990,7,3,59.88
5947,3939,8,1,54.14
5948,2287,51,5,134.7
5949,3406,23,2,59.87
5950,2671,90,5,176.99
5951,4113,91,4,140.86
5952,4748,9,5,14.24
5953,4356,46,3,188.57
5954,1628,38,3,55.32
5955,1867,13,4,207.97
5956,205,7,4,95.21
5957,3580,11,2,91.27
5958,3175,74,1,12.84
5959,792,97,2,247.05
5960,4093,50,5,156.88
5961,3748,67,1,111.46
5962,1106,41,4,33.19
5963,1091,29,3,177.8
5964,1608,37,5,77.86
5965,1840,56,2,247.19
5966,3398,80,4,238.13
5967,67,16,1,186.47
5968,4780,44,1,243.06
5969,1279,50,3,35.35
5970,4159,71,4,77.18
5971,814,79,4,70.78
5972,403,6,5,27.28
5973,2003,18,5,243.33
5974,4167,19,1,24.39
5975,2926,51,2,215.61
5976,2994,66,1,194.36
5977,1087,3,5,100.21
5978,4341,89,5,14.51
5979,2567,100,5,11.46
5980,4489,54,1,58.96
5981,772,49,4,128.53
5982,3673,28,2,119.9
5983,3249,38,2,150.47
5984,1670,28,5,195.27
5985,1557,32,3,100.57
5986,2959,41,1,48.49
5987,1152,36,4,202.01
5988,1218,36,5,89.85
5989,2232,87,3,78.85
5990,4343,66,5,193.43
5991,3945,10,3,234.19
5992,2043,70,2,229.59
5993,706,72,3,42.99
5994,2670,79,2,130.76
5995,2114,93,2,32.29
5996,2978,63,1,240.63
5997,4350,92,3,61.65
5998,4379,22,4,57.38
5999,423,98,4,223.33
6000,2022,20,3,242.28
6001,3794,33,1,177.43
6002,4132,15,4,39.04
6003,531,7,5,126.61
6004,91,88,4,205.99
6005,3373,90,1,147.39
6006,1943,50,2,41.82
6007,3806,10,2,51.25
6008,1241,79,2,217.39
6009,1759,37,1,136.49
6010,98,59,2,179.4
6011,1480,88,2,99.54
6012,4627,75,1,137.8
6013,1833,63,5,244.5
6014,2586,21,4,89.13
6015,3648,79,1,171.95
6016,80,79,1,51.4
6017,4710,37,3,39.22
6018,2224,45,2,198.07
6019,2570,14,5,212.59
6020,1773,43,3,170.39
6021,4519,85,5,47.97
6022,1124,84,2,67.74
6023,3812,33,2,228.68
6024,3475,3,2,79.29
6025,2624,87,4,206.53
6026,1404,44,5,78.62
6027,2579,87,5,235.47
6028,332,91,3,229.47
6029,4749,35,1,20.38
6030,3609,25,2,194.9
6031,740,96,2,50.67
6032,4607,86,3,61.67
6033,42,8,5,120.36
6034,4981,62,4,148.32
6035,3879,18,5,88.19
6036,1950,92,4,148.09
6037,3461,28,4,50.96
6038,2129,75,5,15.36
6039,4498,12,2,147.09
6040,2155,64,4,134.18
6041,1238,2,3,175.52
6042,1767,59,3,165.96
6043,1842,37,4,225.4
6044,506,4,2,120.27
6045,1842,41,4,12.01
6046,4816,45,3,161.36
6047,1395,34,3,172.03
6048,257,87,5,135.16
6049,1721,13,2,175.43
6050,1072,7,5,87.66
6051,1623,32,1,45.71
6052,4993,23,4,169.49
6053,2067,49,5,68.84
6054,1070,72,2,119.52
6055,451,47,4,127.99
6056,898,37,4,124.53
6057,4837,98,4,153.63
6058,3729,48,4,17.07
6059,82,29,4,247.52
6060,737,37,2,181.91
6061,4175,23,1,112.09
6062,3945,38,3,55.92
6063,2208,93,1,29.24
6064,3949,44,3,171.33
6065,2003,5,5,86.07
6066,1692,52,4,65.07
6067,1180,40,5,101.19
6068,2936,11,5,152.3
6069,2516,78,3,171.21
6070,4949,2,2,164.84
6071,462,35,4,217.18
6072,2902,45,5,62.5
6073,117,49,1,162.82
6074,1655,35,4,34.27
6075,4562,92,2,141.5
6076,1799,72,4,150.15
6077,660,32,5,61.9
6078,3238,68,1,104.01
6079,2123,71,5,208.53
6080,3820,39,2,45.62
6081,3344,48,3,114.28
6082,2551,91,1,233.86
6083,4891,37,2,130.99
6084,1587,60,2,184.03
6085,4683,81,5,208.45
6086,2748,74,5,58.91
6087,635,4,5,62.37
6088,2883,23,3,192.06
6089,2812,14,4,190.79
6090,4454,5,4,24.44
6091,4016,66,5,87.4
6092,2740,24,5,105.65
6093,1885,18,3,208.97
6094,1519,27,4,111.25
6095,622,24,3,232.22
6096,4578,29,2,249.19
6097,1538,11,4,197.37
6098,2338,18,5,169.93
6099,1995,4,1,104.06
6100,2071,33,2,26.09
6101,4902,78,1,147.55
6102,4931,42,3,96.81
6103,2366,32,3,94.22
6104,2846,51,3,175.05
6105,3039,4,5,121.27
6106,855,20,3,190.5
6107,2729,85,1,105.56
6108,916,67,2,46.21
6109,4939,89,5,120.72
6110,132,68,2,238.24
6111,1117,62,3,202.37
6112,3594,58,4,59.38
6113,861,47,5,103.91
6114,294,75,3,232.67
6115,2689,80,5,39.69
6116,1000,59,4,70.95
6117,2297,100,1,72.93
6118,3686,6,1,147.02
6119,287,95,1,108.58
6120,450,40,4,29.17
6121,2339,77,2,161.0
6122,3241,23,4,33.78
6123,2704,52,4,155.54
6124,3117,4,3,131.68
6125,4572,37,1,128.48
6126,253,42,5,26.2
6127,1420,44,2,163.41
6128,2337,97,5,113.52
6129,1236,42,3,108.67
6130,1000,29,3,153.15
6131,3761,19,2,155.5
6132,4117,84,5,13.61
6133,4412,32,2,40.05
6134,2612,44,2,66.76
6135,1447,55,1,172.71
6136,2171,80,5,148.42
6137,2922,5,1,191.83
6138,3684,46,1,187.75
6139,2262,76,1,214.76
6140,1946,45,4,100.44
6141,4935,21,3,92.82
6142,1854,78,3,209.44
6143,600,22,4,67.02
6144,4888,30,2,120.68
6145,4136,23,5,56.64
6146,3404,5,5,229.32
6147,2991,63,5,107.87
6148,4744,93,1,61.0
6149,4278,59,5,176.08
6150,4361,94,5,68.71
6151,2819,82,5,236.44
6152,863,52,3,98.23
6153,4528,65,4,169.51
6154,4056,39,2,92.86
6155,1220,81,4,203.74
6156,3796,3,5,225.26
6157,4605,42,2,199.1
6158,4543,71,2,213.64
6159,528,27,4,34.45
6160,2923,28,4,231.78
6161,3205,54,4,159.83
6162,1163,95,4,218.61
6163,4765,15,1,174.26
6164,3565,53,3,58.44
6165,847,72,3,156.29
6166,2118,70,5,31.83
6167,3087,92,1,176.97
6168,1771,4,2,108.16
6169,3284,94,4,46.42
6170,1826,17,5,245.02
6171,3324,34,2,226.26
6172,446,6,3,224.45
6173,1026,36,2,199.32
6174,1772,99,4,176.08
6175,1360,39,4,167.22
6176,19,80,3,35.46
6177,561,66,4,226.14
6178,472,8,1,221.47
6179,28,15,5,189.48
6180,560,63,3,232.56
6181,2656,91,3,142.74
6182,3237,80,2,117.43
6183,4554,65,3,242.31
6184,945,59,5,121.39
6185,3949,10,1,163.92
6186,3657,7,2,99.53
6187,4964,74,5,162.72
6188,3064,76,3,182.82
6189,1980,81,4,159.92
6190,2717,12,4,133.5
6191,4922,79,5,82.03
6192,816,46,1,164.52
6193,2327,32,4,228.02
6194,2331,32,5,11.66
6195,1003,90,2,42.14
6196,1543,78,3,38.75
6197,4205,90,1,231.57
6198,1230,61,1,169.06
6199,3306,69,2,238.43
6200,2530,61,1,149.88
6201,1431,46,5,120.82
6202,3913,68,1,200.16
6203,1533,92,1,48.63
6204,1893,55,1,101.52
6205,3125,1,5,121.91
6206,1422,77,3,81.63
6207,391,67,4,99.11
6208,2819,49,1,28.75
6209,1870,25,2,57.52
6210,2961,16,2,90.52
6211,1196,85,5,201.01
6212,2606,13,3,53.8
6213,858,52,1,93.19
6214,3228,36,5,25.58
6215,1517,72,4,143.71
6216,1154,44,3,156.7
6217,843,83,3,217.72
6218,1683,47,5,206.59
6219,295,80,2,78.49
6220,645,76,3,42.87
6221,3634,20,2,47.46
6222,2136,18,3,242.55
6223,111,54,3,171.57
6224,584,12,3,20.22
6225,3226,25,4,42.83
6226,1487,60,2,126.59
6227,4865,75,4,59.88
6228,1649,86,2,202.88
6229,2382,34,4,147.57
6230,106,13,4,157.03
6231,3554,38,4,121.08
6232,1695,12,5,71.46
6233,1734,36,4,151.46
6234,382,28,3,182.07
6235,2737,91,1,99.03
6236,4357,39,4,131.19
6237,1317,77,1,211.52
6238,2703,43,1,45.68
6239,4916,91,3,140.85
6240,4075,31,1,93.62
6241,4805,2,1,178.67
6242,907,82,1,14.51
6243,663,90,2,170.91
6244,463,42,4,34.7
6245,2903,31,4,25.54
6246,4681,61,1,183.91
6247,943,56,3,163.68
6248,158,86,2,224.78
6249,3310,100,3,134.72
6250,1327,83,3,137.21
6251,2718,14,1,179.68
6252,2669,14,5,87.62
6253,2569,29,1,18.86
6254,3393,81,5,65.21
6255,2107,50,2,67.12
6256,4800,50,5,90.56
6257,648,63,1,236.43
6258,3323,73,1,203.16
6259,2939,65,3,234.63
6260,2484,68,1,249.67
6261,4242,71,1,114.11
6262,2907,11,4,64.5
6263,3026,14,4,144.4
6264,1376,83,3,221.47
6265,1824,3,5,121.78
6266,245,8,5,131.3
6267,2349,93,4,42.27
6268,868,43,2,110.91
6269,2862,9,4,102.88
6270,480,19,2,94.41
6271,2463,12,5,222.95
6272,1936,27,4,24.23
6273,3374,58,1,243.32
6274,3022,25,2,11.98
6275,3193,45,2,236.94
6276,88,48,2,141.53
6277,1241,50,5,178.59
6278,573,81,3,54.91
6279,814,44,1,167.01
6280,179,59,4,221.67
6281,1726,33,2,43.48
6282,163,78,5,40.5
6283,2641,28,2,82.95
6284,1006,18,4,48.81
6285,2349,55,1,36.56
6286,2422,33,2,172.8
6287,2756,15,5,61.32
6288,4299,61,5,170.08
6289,4143,11,3,216.86
6290,4559,36,5,166.49
6291,3742,15,3,38.65
6292,4504,53,1,147.66
6293,1218,62,4,104.47
6294,2475,48,3,92.41
6295,930,94,2,86.45
6296,317,15,2,233.06
6297,1503,63,4,188.2
6298,421,87,5,42.12
6299,4359,43,2,124.24
6300,1450,50,3,86.37
6301,428,60,4,244.71
6302,397,59,2,244.73
6303,796,15,5,86.69
6304,107,29,5,94.51
6305,4050,75,2,153.86
6306,98,82,4,125.03
6307,1904,40,1,61.14
6308,3571,31,2,168.5
6309,3302,73,5,90.19
6310,43,86,1,166.89
6311,1578,11,4,102.08
6312,4191,81,5,178.05
6313,4284,97,4,170.27
6314,385,62,2,132.12
6315,4915,75,4,179.14
6316,3472,8,5,120.63
6317,3578,51,2,37.87
6318,3239,57,5,53.71
6319,1697,4,5,69.04
6320,2135,36,1,25.17
6321,3893,19,3,180.73
6322,2537,24,4,98.17
6323,4322,41,4,32.45
6324,2393,49,1,206.79
6325,4614,82,4,174.08
6326,3816,97,1,118.53
6327,296,46,4,69.38
6328,414,36,4,46.42
6329,1996,10,5,120.01
6330,4,78,1,222.46
6331,178,7,4,55.21
6332,746,12,3,146.48
6333,4355,86,1,240.8
6334,652,91,1,162.91
6335,3890,48,1,115.59
6336,3272,37,5,181.93
6337,2483,75,1,207.9
6338,290,36,5,151.72
6339,803,60,3,219.24
6340,2531,77,2,133.5
6341,234,96,5,209.21
6342,408,8,4,238.48
6343,694,7,1,130.3
6344,1170,43,2,155.2
6345,4658,58,5,156.27
6346,2478,81,4,197.54
6347,432,86,2,207.51
6348,2545,46,3,16.54
6349,983,34,5,186.01
6350,3161,84,5,198.12
6351,3045,72,3,178.1
6352,4993,22,5,181.29
6353,3925,91,1,19.94
6354,3313,98,5,116.09
6355,4874,21,1,206.36
6356,4319,15,5,234.16
6357,1689,5,4,65.07
6358,468,17,4,149.01
6359,2617,72,2,203.04
6360,1346,19,4,190.58
6361,2423,5,3,158.53
6362,4508,23,2,14.49
6363,4722,83,4,183.73
6364,1012,14,1,195.58
6365,1678,10,5,183.48
6366,3698,31,4,193.79
6367,4898,13,1,113.42
6368,4067,22,2,248.5
6369,1893,37,5,194.99
6370,2870,39,4,148.88
6371,4351,10,2,234.21
6372,1487,31,4,227.97
6373,3340,43,2,205.5
6374,1417,99,4,145.29
6375,4858,77,1,136.5
6376,2847,94,3,88.89
6377,1358,98,1,70.21
6378,4061,36,5,132.97
6379,4661,35,4,148.67
6380,1392,68,3,68.69
6381,1579,55,3,231.42
6382,3750,68,5,143.75
6383,3626,47,5,136.36
6384,2504,6,3,114.55
6385,3138,28,5,23.94
6386,2910,30,5,221.78
6387,2665,27,4,86.08
6388,400,69,1,164.19
6389,4383,39,2,155.78
6390,3958,35,3,150.28
6391,2234,44,2,136.17
6392,1540,15,3,53.55
6393,237,83,3,77.35
6394,4911,94,1,135.81
6395,928,32,3,199.44
6396,4510,29,3,113.68
6397,420,63,1,58.94
6398,4125,6,5,31.11
6399,2396,90,2,169.12
6400,661,27,3,111.6
6401,2624,99,1,40.09
6402,3951,28,3,171.87
6403,450,5,1,59.82
6404,380,41,2,132.16
6405,1251,56,4,83.49
6406,2460,54,5,233.61
6407,2999,80,4,64.79
6408,4452,18,1,110.78
6409,2302,77,3,240.28
6410,727,43,5,86.49
6411,1468,89,2,164.7
6412,2729,74,5,86.01
6413,3153,29,3,36.56
6414,3521,10,4,160.61
6415,4906,6,1,229.85
6416,3355,80,4,118.62
6417,416,89,5,160.28
6418,600,4,3,156.14
6419,3075,34,1,109.62
6420,4175,83,3,157.58
6421,1568,33,3,72.24
6422,1095,4,5,100.73
6423,2944,44,4,116.16
6424,4154,98,3,217.36
6425,1448,76,3,93.6
6426,1493,31,3,162.43
6427,2672,80,1,61.22
6428,1459,66,3,70.62
6429,1209,58,3,165.62
6430,4935,60,5,192.95
6431,2213,2,3,120.91
6432,1355,36,3,90.42
6433,213,70,5,228.47
6434,3895,60,1,42.59
6435,4603,23,4,182.97
6436,2964,47,5,175.64
6437,2849,46,1,175.66
6438,3043,80,4,234.5
6439,3035,44,3,184.77
6440,1733,19,5,82.38
6441,3082,49,3,94.82
6442,1271,88,5,103.87
6443,4869,58,4,17.39
6444,1530,91,1,229.24
6445,1082,7,5,27.65
6446,3532,94,1,177.95
6447,1152,41,3,185.24
6448,1723,78,3,212.49
6449,717,15,4,142.81
6450,4200,76,4,184.06
6451,2191,53,2,82.65
6452,205,93,2,188.94
6453,3830,23,4,92.42
6454,3110,77,3,226.68
6455,4095,73,1,49.21
6456,1333,88,4,85.78
6457,2049,94,1,129.7
6458,1850,65,2,196.2
6459,4843,60,1,189.71
6460,1238,10,4,60.57
6461,2019,58,3,44.62
6462,518,47,4,82.95
6463,1439,15,5,126.1
6464,4087,9,5,139.36
6465,2053,13,5,112.99
6466,4369,23,3,169.14
6467,4518,33,4,112.61
6468,2313,9,5,237.12
6469,2260,3,4,72.63
6470,3150,94,2,160.57
6471,782,73,5,156.73
6472,2714,25,5,77.58
6473,1245,88,3,108.81
6474,2417,96,4,97.71
6475,976,71,3,51.4
6476,3492,36,3,124.55
6477,3426,89,4,102.8
6478,417,20,2,52.8
6479,215,81,4,117.97
6480,3979,54,2,111.24
6481,1136,100,3,41.53
6482,3776,90,2,41.49
6483,1583,19,2,165.4
6484,4524,60,2,179.58
6485,733,37,5,235.88
6486,2747,3,5,30.88
6487,2264,92,3,38.29
6488,4509,86,4,22.44
6489,3805,19,2,137.73
6490,2428,53,5,159.46
6491,232,46,4,106.85
6492,4931,80,2,201.5
6493,4354,56,4,174.81
6494,403,70,1,246.6
6495,4866,31,2,43.09
6496,65,53,4,24.0
6497,2238,34,2,75.95
6498,950,31,2,14.57
6499,173,60,1,233.83
6500,2676,11,4,82.95
6501,1251,100,3,142.58
6502,3049,6,5,86.34
6503,4006,27,2,68.99
6504,638,7,2,46.57
6505,949,49,2,86.89
6506,2261,96,2,157.7
6507,1695,72,5,243.19
6508,4848,60,3,143.94
6509,4758,33,1,137.85
6510,143,47,3,18.46
6511,4582,44,5,211.62
6512,1461,79,4,20.76
6513,3888,27,1,227.5
6514,293,94,1,139.28
6515,1644,22,4,50.43
6516,2719,47,2,118.41
6517,838,93,5,248.8
6518,1038,48,4,83.22
6519,272,30,3,74.67
6520,1959,2,3,38.32
6521,2370,15,4,153.31
6522,806,47,5,31.41
6523,3175,27,1,193.84
6524,883,71,1,230.61
6525,832,27,2,233.65
6526,3172,85,5,35.9
6527,2192,13,3,143.98
6528,2041,55,3,33.31
6529,1595,17,2,147.28
6530,1627,75,3,205.6
6531,3585,59,2,139.07
6532,274,10,2,219.29
6533,590,33,4,202.4
6534,2701,78,1,76.37
6535,583,37,5,161.22
6536,3634,8,5,11.78
6537,1991,33,1,105.05
6538,1259,7,5,67.11
6539,2867,34,3,234.91
6540,3739,71,3,107.29
6541,572,7,5,166.98
6542,545,41,4,185.68
6543,4223,100,5,195.57
6544,4829,55,2,186.59
6545,4513,7,2,79.4
6546,638,84,1,174.66
6547,41,18,3,141.76
6548,4883,43,4,153.37
6549,4393,78,5,10.2
6550,1621,40,2,71.98
6551,3673,53,3,233.36
6552,4138,14,3,79.62
6553,4129,21,4,115.12
6554,1300,57,4,54.8
6555,4712,91,4,43.26
6556,160,46,4,60.08
6557,1953,26,2,142.88
6558,1732,91,4,230.57
6559,2447,24,3,88.29
6560,3163,5,3,87.62
6561,1733,42,5,145.39
6562,581,92,3,95.62
6563,220,43,3,228.5
6564,4475,32,2,100.68
6565,1750,88,3,127.71
6566,1471,6,1,138.01
6567,4329,74,3,197.7
6568,1395,67,5,145.34
6569,922,7,5,67.4
6570,2774,29,4,39.76
6571,4463,34,2,235.07
6572,4577,7,5,202.38
6573,3435,81,1,15.51
6574,3583,77,1,207.17
6575,1119,58,4,151.74
6576,1866,85,2,134.53
6577,4312,31,2,12.94
6578,725,73,3,197.41
6579,712,45,1,57.54
6580,1826,47,1,184.72
6581,3927,77,1,13.81
6582,391,81,1,201.12
6583,1071,72,5,15.53
6584,4488,73,2,66.61
6585,2766,73,3,74.39
6586,4481,40,5,47.8
6587,2429,30,2,125.45
6588,4495,62,4,78.09
6589,2148,71,1,248.39
6590,3573,17,3,149.19
6591,4479,5,2,145.95
6592,2755,81,4,63.01
6593,3264,1,1,108.09
6594,3826,80,4,39.75
6595,3417,81,4,193.01
6596,2058,94,5,89.48
6597,2312,31,4,190.47
6598,2880,35,5,99.21
6599,3643,72,5,247.3
6600,2610,30,4,51.07
6601,1431,85,2,10.37
6602,1914,15,4,152.76
6603,758,98,4,238.71
6604,2135,56,2,165.29
6605,1913,60,1,30.57
6606,1740,27,3,139.72
6607,3218,2,1,228.28
6608,4757,74,4,11.56
6609,1135,64,1,50.06
6610,3713,5,3,205.49
6611,765,91,1,224.54
6612,2726,68,3,179.72
6613,3369,13,1,247.97
6614,3498,81,5,31.65
6615,1673,85,4,140.96
6616,3406,23,3,174.4
6617,583,97,4,178.63
6618,4767,50,5,200.44
6619,4634,79,1,230.23
6620,1822,78,4,96.79
6621,1186,73,1,20.31
6622,4526,37,1,96.99
6623,1638,30,4,171.19
6624,2181,93,3,61.23
6625,189,23,3,204.39
6626,1747,34,4,62.74
6627,3827,64,3,12.42
6628,2621,55,2,131.94
6629,3946,71,1,184.35
6630,2327,9,4,93.92
6631,1185,4,5,189.73
6632,2794,66,4,115.22
6633,2947,91,4,51.21
6634,2501,33,1,31.73
6635,4947,32,5,180.54
6636,170,44,1,102.57
6637,4926,37,3,229.07
6638,2746,91,4,139.66
6639,1081,92,1,93.62
6640,1264,67,2,93.76
6641,4865,60,4,41.55
6642,4454,59,3,152.51
6643,2249,36,1,149.72
6644,3909,49,1,202.0
6645,1326,51,2,58.29
6646,3178,8,3,79.79
6647,3874,50,2,33.34
6648,2149,41,4,80.88
6649,1689,38,5,112.74
6650,2986,86,1,241.37
6651,2077,78,2,166.74
6652,1530,79,1,197.89
6653,1462,55,1,88.12
6654,1403,68,2,44.68
6655,73,18,1,71.61
6656,4350,65,3,71.55
6657,4035,64,3,149.95
6658,4612,12,5,91.95
6659,2797,41,3,215.78
6660,4517,42,2,247.25
6661,2494,60,3,92.39
6662,4975,50,5,179.21
6663,4232,81,4,167.8
6664,3577,83,4,56.67
6665,33,36,2,230.32
6666,2695,48,5,57.87
6667,4374,71,3,186.87
6668,4846,73,5,93.43
6669,3599,8,1,98.1
6670,2393,25,5,119.31
6671,4113,7,3,217.48
6672,2872,8,2,43.66
6673,2678,88,1,23.1
6674,1402,81,5,106.49
6675,818,76,4,23.34
6676,1661,31,3,175.02
6677,4563,12,2,192.48
6678,4724,57,3,215.13
6679,2439,66,5,188.52
6680,2984,12,2,229.92
6681,1211,27,4,189.59
6682,600,46,1,234.66
6683,1847,7,5,56.35
6684,1856,61,2,129.97
6685,1888,58,1,248.54
6686,680,58,2,173.58
6687,3253,13,5,220.87
6688,1836,53,2,17.29
6689,4031,100,4,219.22
6690,2178,65,2,177.45
6691,149,49,5,50.98
6692,1496,35,2,16.16
6693,4914,94,1,72.38
6694,1745,95,1,229.79
6695,1647,17,3,170.35
6696,2996,72,3,230.67
6697,1673,67,4,117.08
6698,1940,10,1,234.79
6699,658,34,3,121.11
6700,3668,86,2,59.02
6701,1054,4,4,46.33
6702,4072,96,5,248.51
6703,577,29,3,90.13
6704,3096,46,3,48.41
6705,3032,75,1,12.02
6706,4819,46,4,78.54
6707,4780,77,1,223.39
6708,4838,59,1,138.16
6709,2973,61,4,161.78
6710,3949,68,2,231.37
6711,2046,66,3,133.08
6712,3937,34,1,211.19
6713,2949,86,3,87.72
6714,1628,5,4,244.5
6715,1489,9,2,28.92
6716,4146,20,5,183.96
6717,4199,21,2,168.54
6718,4464,17,4,56.0
6719,936,12,2,103.32
6720,3564,92,5,85.08
6721,3630,82,1,32.68
6722,1715,67,2,150.35
6723,1803,5,4,248.48
6724,1421,60,2,144.3
6725,3592,53,5,140.86
6726,3521,52,4,19.68
6727,3312,78,2,43.41
6728,2306,48,4,133.17
6729,1996,90,5,246.44
6730,1968,19,1,220.39
6731,3715,17,5,91.65
6732,4036,54,1,140.32
6733,4486,68,3,142.65
6734,4869,35,5,174.49
6735,3459,88,1,175.07
6736,394,41,3,199.55
6737,4779,13,3,15.99
6738,3731,33,3,236.48
6739,4366,15,4,26.81
6740,4245,63,5,124.28
6741,4907,15,5,230.7
6742,28,31,5,127.04
6743,3492,28,5,25.27
6744,4262,10,4,65.02
6745,1174,57,5,148.88
6746,339,71,1,31.09
6747,1069,33,3,111.68
6748,842,7,4,88.98
6749,4285,5,4,205.65
6750,4747,90,5,36.43
6751,294,80,3,173.87
6752,1858,57,1,107.58
6753,1323,72,3,151.06
6754,1648,86,2,59.33
6755,4899,98,3,156.33
6756,3621,40,1,171.75
6757,4527,28,1,26.86
6758,3095,36,1,207.84
6759,3492,56,4,216.7
6760,3496,47,4,25.25
6761,4583,71,2,154.76
6762,3802,40,3,152.56
6763,89,59,5,12.99
6764,4367,43,2,92.16
6765,1957,92,5,242.54
6766,900,66,5,143.31
6767,3478,9,2,233.97
6768,1745,6,3,172.15
6769,4374,65,5,16.81
6770,2254,3,4,28.65
6771,3662,74,4,183.32
6772,2961,37,2,143.1
6773,1634,87,5,40.52
6774,862,33,2,157.38
6775,4702,9,4,204.47
6776,1014,53,2,190.72
6777,3300,77,5,69.08
6778,1507,92,5,71.97
6779,3206,51,4,242.28
6780,4804,71,1,222.98
6781,978,26,1,86.4
6782,3462,16,3,207.77
6783,1818,40,4,48.82
6784,3685,90,3,57.24
6785,4059,51,4,53.49
6786,2635,39,5,31.05
6787,4902,55,4,215.12
6788,4816,96,2,148.91
6789,3667,36,3,72.15
6790,949,65,4,213.68
6791,474,85,3,202.64
6792,568,77,4,34.23
6793,3433,90,1,164.59
6794,4024,45,3,183.24
6795,2259,9,5,181.8
6796,3145,37,5,183.55
6797,4311,87,4,50.67
6798,4996,1,5,85.62
6799,1983,66,5,212.6
6800,1097,63,3,225.61
6801,3571,43,4,77.01
6802,3391,28,3,15.52
6803,2673,100,4,216.34
6804,3647,31,5,100.5
6805,2420,69,4,89.07
6806,4280,89,4,93.28
6807,3349,8,2,109.77
6808,674,34,4,100.78
6809,2803,49,2,145.94
6810,2370,96,3,28.95
6811,4531,58,2,243.17
6812,1067,75,3,234.75
6813,688,47,4,234.26
6814,4984,25,3,221.03
6815,69,3,5,168.48
6816,2104,45,4,63.07
6817,420,52,2,21.88
6818,3999,96,1,33.84
6819,2598,99,4,87.76
6820,4339,96,5,130.93
6821,2125,34,3,248.38
6822,3893,69,2,114.51
6823,440,92,2,135.92
6824,1287,92,5,176.84
6825,1209,8,5,53.38
6826,1079,27,4,233.88
6827,2564,80,1,136.97
6828,3624,63,1,76.3
6829,1254,82,3,234.43
6830,3358,25,2,160.11
6831,3210,58,4,126.09
6832,3550,48,2,149.24
6833,615,1,4,189.59
6834,3079,8,5,47.09
6835,2724,21,3,217.56
6836,3491,98,5,240.28
6837,3544,88,2,146.08
6838,4516,90,3,173.75
6839,1901,78,4,216.36
6840,4372,29,4,99.95
6841,1713,30,3,248.28
6842,2330,3,5,173.32
6843,3620,7,3,111.76
6844,1195,100,5,172.56
6845,4907,11,3,135.2
6846,1379,32,5,36.79
6847,1313,59,1,201.01
6848,2916,12,3,145.45
6849,750,79,5,201.0
6850,301,38,2,47.18
6851,4696,24,2,139.21
6852,3983,65,3,193.99
6853,4625,18,3,247.19
6854,3838,46,4,222.26
6855,278,56,5,217.44
6856,4759,63,3,69.39
6857,2559,7,2,211.12
6858,3918,66,2,50.63
6859,2162,40,2,57.55
6860,4676,54,5,36.43
6861,1390,31,1,215.82
6862,691,97,3,35.98
6863,4733,52,1,43.15
6864,3469,94,5,69.01
6865,1849,31,3,147.44
6866,4919,34,4,221.24
6867,4971,7,3,110.37
6868,3817,89,3,141.11
6869,940,16,3,49.96
6870,3183,22,3,73.83
6871,3310,100,3,42.14
6872,2051,53,5,108.38
6873,1747,91,3,151.68
6874,2452,17,5,78.16
6875,25,4,3,213.04
6876,2557,61,3,245.5
6877,61,99,5,38.84
6878,123,86,3,14.29
6879,2103,52,2,199.55
6880,1187,35,3,55.75
6881,1731,44,4,94.76
6882,4642,15,5,104.62
6883,4090,61,3,229.98
6884,2473,44,3,168.12
6885,2966,21,5,19.75
6886,2278,77,1,13.55
6887,4088,47,2,57.9
6888,2965,75,2,86.36
6889,1311,49,3,126.29
6890,155,53,5,211.08
6891,2213,27,4,85.56
6892,3254,31,3,100.37
6893,1263,44,2,89.04
6894,1363,32,3,12.15
6895,938,30,5,239.25
6896,512,18,4,43.36
6897,187,63,1,79.04
6898,1846,16,4,41.03
6899,1703,35,3,127.73
6900,391,62,2,233.72
6901,655,9,5,34.17
6902,4272,62,3,115.82
6903,2822,39,1,15.37
6904,764,51,5,195.02
6905,3401,10,5,163.89
6906,4807,52,5,177.93
6907,3268,12,3,123.36
6908,1086,72,1,227.83
6909,1930,62,3,108.29
6910,4377,3,5,133.38
6911,1964,83,5,176.87
6912,1786,11,2,134.93
6913,2275,8,4,55.44
6914,2687,90,3,86.1
6915,2969,23,1,32.15
6916,4573,10,5,113.83
6917,716,18,3,156.25
6918,243,76,4,38.45
6919,3916,39,3,161.34
6920,1524,26,4,224.29
6921,838,11,3,91.05
6922,3324,10,2,63.29
6923,2954,3,3,224.32
6924,1346,62,2,176.07
6925,2424,71,4,35.29
6926,2029,61,5,107.95
6927,1433,4,5,171.78
6928,240,61,3,147.85
6929,139,8,1,158.45
6930,3194,13,3,146.11
6931,420,12,2,201.53
6932,304,35,2,86.9
6933,2163,54,4,180.03
6934,2027,51,3,247.86
6935,4103,43,4,103.59
6936,2227,100,1,199.85
6937,1169,66,5,69.07
6938,416,15,5,77.66
6939,2714,49,3,234.37
6940,150,34,4,16.23
6941,2445,39,4,62.18
6942,839,26,1,125.9
6943,1697,69,4,106.44
6944,4340,48,2,161.0
6945,1911,89,2,56.25
6946,1422,51,2,26.93
6947,4975,98,3,98.64
6948,3002,4,2,135.85
6949,1321,98,2,144.88
6950,4036,27,5,154.36
6951,1524,42,3,141.68
6952,3879,56,2,68.98
6953,553,93,1,193.49
6954,3757,69,2,31.07
6955,3672,18,3,57.6
6956,482,61,4,187.45
6957,600,4,5,77.13
6958,1165,1,5,128.43
6959,4679,50,3,88.53
6960,4233,84,2,131.68
6961,1004,70,1,93.2
6962,1983,20,2,248.61
6963,1635,20,2,95.79
6964,2998,46,1,160.49
6965,687,27,5,223.2
6966,3415,26,2,163.1
6967,1760,32,4,145.81
6968,4938,10,4,146.62
6969,2481,82,3,129.15
6970,1338,12,3,203.82
6971,115,74,1,22.1
6972,3958,88,1,222.43
6973,569,24,3,150.71
6974,1554,51,2,213.73
6975,2690,38,5,12.49
6976,4591,46,4,218.63
6977,3341,89,1,38.83
6978,2989,8,3,183.09
6979,3152,55,4,109.97
6980,3528,78,1,173.46
6981,3016,31,1,160.77
6982,822,88,2,49.22
6983,3575,16,1,133.51
6984,3788,20,5,76.54
6985,1609,38,1,144.5
6986,560,15,5,187.12
6987,4064,78,2,29.5
6988,4436,76,5,133.78
6989,612,34,4,158.23
6990,2164,72,1,80.89
6991,1882,19,3,238.72
6992,4170,69,3,134.87
6993,3864,91,5,53.8
6994,3709,63,2,35.87
6995,1710,77,5,140.0
6996,1762,32,5,100.06
6997,1693,95,5,56.21
6998,1246,37,4,17.37
6999,126,66,4,145.98
7000,4753,7,5,153.66
7001,1200,48,2,44.03
7002,2712,11,1,154.42
7003,3447,75,3,238.47
7004,991,87,4,244.79
7005,3066,31,1,223.24
7006,4955,44,4,203.7
7007,1522,45,4,60.25
7008,4729,72,4,47.54
7009,2499,56,5,116.79
7010,2566,32,5,158.71
7011,4791,21,4,214.16
7012,2598,31,4,65.67
7013,116,1,3,125.12
7014,1032,77,1,165.39
7015,1242,11,1,116.94
7016,1743,93,2,119.01
7017,3639,68,2,64.03
7018,4400,36,2,246.8
7019,4091,79,5,124.05
7020,1976,59,5,137.86
7021,4184,67,3,62.45
7022,4404,56,5,133.39
7023,4898,51,2,71.28
7024,164,29,4,58.56
7025,3311,85,2,76.17
7026,3389,2,3,10.66
7027,996,6,4,146.84
7028,1878,31,5,103.0
7029,1824,54,4,225.69
7030,4907,88,3,19.77
7031,2296,40,5,20.37
7032,3265,17,1,222.61
7033,1349,5,2,40.39
7034,1804,2,2,10.52
7035,2252,58,3,52.94
7036,2901,12,3,207.73
7037,1594,5,2,202.65
7038,433,60,4,91.63
7039,3818,41,1,170.33
7040,4918,20,1,131.74
7041,1071,72,3,227.14
7042,4601,1,3,23.54
7043,115,56,4,205.16
7044,1440,70,3,50.94
7045,1791,56,1,103.99
7046,995,54,2,56.07
7047,4319,11,1,178.63
7048,4732,3,4,172.8
7049,4768,95,2,141.5
7050,958,28,2,177.56
7051,96,5,1,163.5
7052,2155,90,2,196.35
7053,632,16,2,67.46
7054,3685,31,3,112.94
7055,1702,28,2,46.39
7056,698,7,4,113.1
7057,32,9,2,178.41
7058,4875,39,3,175.93
7059,549,99,5,180.26
7060,2249,43,5,84.1
7061,1894,27,4,168.93
7062,2835,76,4,98.19
7063,1704,89,2,236.68
7064,1157,93,2,92.41
7065,344,95,5,154.72
7066,4073,98,5,190.03
7067,3463,33,1,227.54
7068,2249,91,5,115.1
7069,945,56,5,96.52
7070,3881,2,4,113.21
7071,2051,14,1,87.69
7072,3286,13,1,166.94
7073,2856,24,2,233.85
7074,1331,69,2,40.26
7075,2004,34,1,144.62
7076,3616,87,1,225.44
7077,1788,19,2,34.03
7078,2247,30,4,128.53
7079,3673,49,4,217.66
7080,2156,43,4,226.11
7081,3480,16,4,133.44
7082,3021,52,2,15.99
7083,52,98,3,35.35
7084,2160,49,5,150.81
7085,4391,11,5,39.73
7086,3652,78,5,45.86
7087,3916,47,5,195.31
7088,2113,79,2,190.17
7089,2622,35,3,212.27
7090,4561,71,2,35.38
7091,4730,29,3,57.55
7092,1355,54,2,209.91
7093,3755,86,1,183.06
7094,210,23,3,203.43
7095,238,24,5,247.54
7096,336,99,3,217.46
7097,3839,10,4,134.91
7098,1577,61,3,84.58
7099,500,8,4,146.72
7100,1565,48,4,163.26
7101,791,76,1,90.47
7102,3541,93,3,195.02
7103,3123,29,1,32.26
7104,1136,87,5,197.05
7105,3945,26,3,17.68
7106,2349,37,2,129.51
7107,4325,96,2,216.74
7108,150,52,2,30.76
7109,3207,38,4,134.26
7110,3529,6,2,48.25
7111,1625,8,5,224.76
7112,2575,17,3,209.76
7113,4429,76,3,234.14
7114,4270,62,4,220.0
7115,3285,86,4,186.77
7116,2109,78,4,54.37
7117,3948,34,5,82.6
7118,4915,19,3,129.25
7119,2264,70,1,151.34
7120,1613,82,4,197.72
7121,3816,100,2,64.47
7122,4720,37,1,40.79
7123,578,38,1,125.83
7124,423,15,4,47.88
7125,2764,40,2,176.5
7126,1230,9,4,148.15
7127,3177,53,4,187.87
7128,754,70,2,25.22
7129,4843,66,1,241.53
7130,688,80,1,10.0
7131,723,52,2,88.11
7132,747,1,1,173.11
7133,4338,30,5,20.83
7134,2713,97,4,30.0
7135,708,1,5,28.4
7136,435,39,5,149.56
7137,4877,16,5,225.02
7138,484,17,3,143.3
7139,3519,82,3,154.86
7140,1534,22,5,93.04
7141,170,86,4,14.5
7142,1021,99,5,15.19
7143,4965,31,5,223.19
7144,848,40,3,34.62
7145,696,27,5,249.95
7146,3347,36,4,49.46
7147,4014,4,4,171.91
7148,32,69,5,237.75
7149,177,25,4,96.95
7150,2965,95,5,186.26
7151,2113,78,3,94.21
7152,3887,30,5,83.19
7153,1503,47,1,58.43
7154,2316,12,3,207.02
7155,2645,27,4,71.77
7156,66,45,4,77.96
7157,4229,88,3,249.75
7158,1929,63,1,88.55
7159,585,55,3,111.47
7160,1749,30,2,247.61
7161,2205,82,1,98.63
7162,3631,14,3,97.88
7163,1893,56,2,208.65
7164,2430,19,5,84.86
7165,3094,86,1,66.11
7166,974,26,5,111.57
7167,4025,71,2,178.15
7168,2643,92,4,20.38
7169,1443,38,4,99.74
7170,4330,69,4,93.1
7171,1478,36,5,68.76
7172,771,18,1,167.03
7173,306,57,5,79.6
7174,2,78,5,155.62
7175,271,23,4,131.04
7176,4517,14,5,62.13
7177,3215,96,2,73.98
7178,864,69,3,50.94
7179,2740,22,3,23.59
7180,2915,28,3,158.61
7181,107,43,4,171.47
7182,3169,76,4,49.84
7183,4645,18,3,157.69
7184,2600,100,1,245.7
7185,2236,95,3,27.86
7186,2800,77,5,127.69
7187,1512,84,3,185.93
7188,19,36,3,21.04
7189,859,7,1,196.79
7190,1417,23,4,245.08
7191,3033,34,4,31.24
7192,4506,96,5,207.34
7193,1427,21,3,100.86
7194,2532,70,2,44.59
7195,4720,80,5,128.37
7196,4752,99,4,27.16
7197,4864,47,1,135.3
7198,4039,53,4,14.65
7199,4114,84,4,184.87
7200,2232,41,1,127.11
7201,2453,75,3,120.15
7202,2847,32,3,57.09
7203,3203,14,4,96.7
7204,1817,88,5,53.65
7205,1781,95,2,186.49
7206,4104,17,5,57.77
7207,705,25,5,158.02
7208,1342,64,4,77.11
7209,3463,73,4,167.68
7210,3591,86,2,139.71
7211,1160,48,2,111.63
7212,4627,35,2,171.52
7213,3723,37,4,109.77
7214,3439,55,4,207.13
7215,3561,17,5,185.1
7216,3083,28,4,139.75
7217,1716,1,3,220.49
7218,2244,53,3,208.93
7219,1761,73,2,137.64
7220,4008,55,4,26.43
7221,1797,61,3,145.84
7222,2676,13,5,95.26
7223,3237,47,1,139.63
7224,44,64,5,165.31
7225,489,32,1,164.76
7226,4277,28,5,171.65
7227,3149,53,3,173.02
7228,4724,31,4,36.23
7229,957,8,1,56.01
7230,2115,72,4,161.33
7231,1116,98,4,107.96
7232,1782,87,3,193.08
7233,2827,74,2,39.98
7234,651,25,2,55.97
7235,1877,33,1,144.03
7236,341,68,3,130.18
7237,2951,7,4,73.94
7238,3376,97,5,108.0
7239,2446,66,5,18.4
7240,2751,46,1,18.89
7241,2145,96,1,32.78
7242,1355,5,1,148.43
7243,3277,17,3,217.29
7244,449,76,5,72.45
7245,4173,52,3,18.15
7246,4992,12,3,180.07
7247,4645,62,4,215.28
7248,798,35,3,43.16
7249,3497,62,3,102.58
7250,4911,21,4,48.1
7251,2183,85,2,35.53
7252,3327,66,4,165.56
7253,646,53,1,242.21
7254,720,21,2,172.76
7255,1523,15,5,246.36
7256,1070,75,3,114.25
7257,4744,74,2,225.49
7258,4888,82,5,59.22
7259,4675,23,4,38.3
7260,3076,31,4,178.6
7261,3808,54,1,99.14
7262,3362,55,1,86.25
7263,2157,26,2,171.11
7264,4556,53,3,90.04
7265,2314,66,4,147.41
7266,3506,39,2,81.87
7267,4140,7,2,198.1
7268,633,88,2,84.97
7269,2200,39,1,138.4
7270,3064,32,4,15.56
7271,2911,26,1,200.02
7272,623,87,1,158.88
7273,361,78,2,56.14
7274,2368,29,5,61.69
7275,210,25,5,73.0
7276,3468,56,5,148.37
7277,931,31,2,141.6
7278,4585,66,3,75.73
7279,3944,2,4,176.57
7280,4697,87,2,223.37
7281,4870,47,2,20.44
7282,878,75,1,110.13
7283,4796,29,5,152.44
7284,2500,99,2,150.74
7285,2524,49,3,14.69
7286,4352,73,4,60.54
7287,392,32,3,24.84
7288,3903,30,2,146.55
7289,2322,15,2,164.89
7290,4941,62,1,48.34
7291,3982,78,3,89.92
7292,139,17,1,89.15
7293,103,22,3,206.75
7294,484,30,5,56.72
7295,4320,81,5,141.6
7296,4074,16,3,197.9
7297,1849,52,1,209.1
7298,1885,8,5,169.98
7299,3206,64,2,81.89
7300,2162,39,4,207.53
7301,1465,31,1,188.12
7302,644,12,3,179.07
7303,3437,33,4,26.16
7304,4554,58,4,20.38
7305,611,12,2,176.89
7306,4303,25,1,236.75
7307,1544,38,4,195.69
7308,3540,48,1,209.55
7309,1467,82,2,140.8
7310,917,83,3,83.1
7311,1182,55,4,172.66
7312,2147,3,4,180.87
7313,2273,99,4,172.09
7314,852,69,1,237.21
7315,4537,35,4,98.12
7316,720,51,1,19.52
7317,4681,27,5,228.03
7318,2015,37,5,48.52
7319,3473,85,1,177.36
7320,3643,16,5,219.57
7321,3871,92,2,84.43
7322,64,25,2,209.3
7323,4864,33,5,89.69
7324,560,62,3,200.62
7325,1734,17,1,26.76
7326,670,43,5,167.26
7327,3895,30,1,172.51
7328,1543,41,5,127.94
7329,1272,4,2,174.9
7330,2416,66,3,231.56
7331,2792,60,1,186.13
7332,4714,9,3,240.71
7333,3055,31,2,117.67
7334,2459,89,4,136.79
7335,3066,100,4,73.3
7336,1164,69,1,246.54
7337,4560,24,2,23.23
7338,2750,24,1,96.07
7339,1949,93,1,81.45
7340,60,45,1,102.76
7341,3103,95,3,230.25
7342,333,37,5,98.33
7343,4172,58,2,230.07
7344,190,83,3,111.6
7345,3561,23,5,215.14
7346,296,35,1,135.22
7347,2549,63,4,84.72
7348,177,6,3,117.84
7349,800,6,2,111.85
7350,806,30,2,72.38
7351,1743,1,5,79.51
7352,215,63,3,54.75
7353,1880,8,1,90.64
7354,2701,28,5,159.86
7355,597,89,2,102.77
7356,1718,33,3,180.96
7357,1356,53,4,246.87
7358,4224,38,1,100.5
7359,1293,52,2,121.03
7360,2599,78,3,49.39
7361,3438,11,4,104.13
7362,4715,2,2,184.44
7363,142,53,4,62.18
7364,3217,94,2,53.69
7365,2840,94,5,100.33
7366,4341,68,5,206.48
7367,3514,77,5,159.68
7368,2751,7,3,239.82
7369,1715,67,5,227.09
7370,1136,9,3,46.27
7371,3722,78,1,20.21
7372,1910,63,5,105.78
7373,2248,11,3,135.3
7374,4517,37,2,133.74
7375,4103,14,3,42.19
7376,1549,19,3,39.96
7377,2640,8,2,21.25
7378,4767,7,3,214.21
7379,4512,59,2,237.46
7380,2832,63,4,37.76
7381,1007,7,5,61.15
7382,3222,55,1,31.57
7383,3063,3,3,220.6
7384,4524,67,2,240.09
7385,3053,18,5,72.83
7386,4430,45,3,82.86
7387,2320,97,5,97.04
7388,3540,92,4,130.59
7389,2367,36,3,173.79
7390,527,16,2,131.05
7391,2808,79,4,238.24
7392,1196,29,3,33.97
7393,1754,59,5,201.67
7394,1673,18,4,90.28
7395,2029,49,2,100.61
7396,1655,46,3,180.12
7397,4550,83,5,233.05
7398,4842,29,5,181.89
7399,4042,70,4,196.21
7400,848,50,3,190.19
7401,868,55,5,87.03
7402,774,27,4,191.66
7403,543,7,1,198.28
7404,4418,91,5,138.02
7405,786,83,4,138.82
7406,3306,81,1,192.33
7407,4636,41,4,206.09
7408,2884,11,5,90.93
7409,449,5,1,202.37
7410,3311,66,4,205.41
7411,4586,56,3,66.19
7412,1906,12,1,182.07
7413,4560,42,4,54.77
7414,4410,75,3,32.33
7415,3252,10,1,147.89
7416,385,28,4,228.08
7417,295,7,5,18.51
7418,1239,14,1,208.36
7419,4858,77,1,131.55
7420,2817,69,3,216.61
7421,1099,61,4,212.43
7422,1738,51,5,220.07
7423,2190,42,3,194.53
7424,2766,8,1,212.32
7425,1223,50,3,52.25
7426,3243,1,3,82.92
7427,3900,69,3,68.2
7428,4324,11,1,188.18
7429,411,48,2,46.87
7430,3000,10,3,53.73
7431,2946,15,2,220.95
7432,4787,47,5,179.41
7433,878,93,5,220.09
7434,787,25,5,43.45
7435,2110,6,4,105.76
7436,1987,11,1,77.96
7437,879,17,2,12.32
7438,1608,15,4,78.29
7439,2404,16,2,101.1
7440,71,56,1,32.13
7441,2311,66,3,145.96
7442,4402,36,4,101.96
7443,3296,83,1,21.15
7444,762,38,4,178.95
7445,4684,85,5,185.03
7446,2122,75,4,210.27
7447,3583,3,3,126.53
7448,4198,98,3,242.48
7449,1630,18,2,229.38
7450,4289,79,4,142.32
7451,1086,89,5,116.79
7452,2458,54,3,10.73
7453,4396,79,2,180.64
7454,3267,94,5,145.59
7455,454,17,5,235.01
7456,2622,82,5,152.62
7457,619,95,1,248.29
7458,637,82,3,214.92
7459,2349,99,1,238.86
7460,4875,13,1,88.64
7461,3037,63,3,45.84
7462,2250,14,4,201.25
7463,2722,59,2,198.69
7464,2350,36,3,60.75
7465,4433,18,2,193.54
7466,1995,5,4,149.67
7467,2821,14,3,36.29
7468,1072,25,5,130.43
7469,2032,44,3,233.47
7470,1250,39,4,131.55
7471,1296,12,1,199.29
7472,3557,61,3,16.94
7473,328,62,5,184.74
7474,797,53,3,237.24
7475,2862,53,1,129.89
7476,4761,28,3,91.05
7477,2794,35,5,165.2
7478,3095,65,4,229.9
7479,2978,3,5,52.42
7480,963,43,4,106.89
7481,1269,50,5,47.51
7482,373,71,2,129.2
7483,4381,9,3,139.7
7484,2569,36,3,236.61
7485,4903,23,1,109.0
7486,4743,88,2,146.07
7487,3694,74,1,222.46
7488,1605,50,3,87.14
7489,96,55,1,171.8
7490,4370,12,4,191.72
7491,3942,83,2,89.33
7492,1201,32,5,49.44
7493,3945,24,4,130.7
7494,4880,86,5,95.63
7495,132,67,1,73.95
7496,3116,27,3,243.62
7497,1391,61,4,130.52
7498,1150,19,2,215.55
7499,3511,73,5,56.88
7500,3648,51,4,235.47
7501,808,64,3,200.66
7502,4840,77,2,204.09
7503,51,2,2,103.54
7504,3209,36,5,126.55
7505,56,93,4,152.41
7506,3665,11,4,199.54
7507,744,98,2,213.77
7508,4539,68,1,28.73
7509,2877,68,2,226.97
7510,80,64,3,235.0
7511,4473,1,4,152.29
7512,3941,89,5,54.82
7513,2967,26,4,206.42
7514,3729,11,2,141.66
7515,4537,87,3,206.13
7516,126,2,1,205.55
7517,219,83,4,30.82
7518,948,93,2,155.69
7519,4374,40,2,125.95
7520,595,4,2,237.07
7521,141,80,3,81.19
7522,2894,37,2,59.44
7523,3056,61,2,225.3
7524,1631,91,2,45.69
7525,877,5,4,174.76
7526,4206,15,2,82.0
7527,2661,87,3,146.28
7528,3391,67,4,157.89
7529,4892,82,2,110.17
7530,2030,26,1,243.99
7531,4825,6,3,41.64
7532,2553,44,1,103.94
7533,3612,58,3,113.29
7534,1041,81,1,161.45
7535,315,46,2,107.74
7536,3460,42,1,33.29
7537,4173,48,1,237.38
7538,3026,27,3,109.86
7539,2947,20,2,92.24
7540,3237,70,3,117.21
7541,3681,35,2,61.98
7542,4808,76,5,34.05
7543,3107,48,4,45.66
7544,1538,67,4,50.0
7545,3873,68,3,57.44
7546,1868,52,2,110.79
7547,4950,68,1,159.74
7548,1162,4,4,160.93
7549,3921,39,3,10.02
7550,3883,21,3,231.03
7551,2757,66,3,207.48
7552,1913,16,2,241.35
7553,265,7,3,96.4
7554,4429,83,5,169.55
7555,4916,97,1,50.32
7556,1303,9,3,206.09
7557,1195,17,2,48.73
7558,1527,91,1,88.24
7559,3605,97,1,127.8
7560,4395,12,4,152.69
7561,2249,57,3,144.31
7562,1159,45,3,34.5
7563,4368,11,2,111.2
7564,4631,13,5,231.5
7565,3514,31,5,219.37
7566,2079,77,4,151.79
7567,1145,26,5,147.36
7568,69,63,2,36.8
7569,3718,31,4,58.06
7570,3009,22,3,70.63
7571,827,6,5,127.17
7572,1170,20,2,185.53
7573,984,85,2,120.57
7574,4577,10,3,40.25
7575,3978,83,2,115.44
7576,3335,35,4,49.03
7577,2341,26,4,190.28
7578,2016,71,1,49.96
7579,1453,37,3,125.81
7580,2134,8,2,176.42
7581,1040,5,5,64.77
7582,4724,44,4,28.25
7583,4214,100,3,145.19
7584,3467,92,3,23.01
7585,3027,67,4,151.06
7586,4258,72,1,190.84
7587,2748,79,3,89.04
7588,4263,91,2,127.2
7589,4396,49,5,232.9
7590,3496,36,5,123.07
7591,3856,80,4,249.17
7592,562,26,3,47.68
7593,2204,45,5,180.14
7594,3420,61,3,166.63
7595,1145,44,4,219.35
7596,2700,4,1,32.19
7597,1552,76,5,77.25
7598,4022,81,2,41.72
7599,561,58,4,233.94
7600,1188,26,1,112.39
7601,3134,95,2,228.42
7602,3412,79,2,80.66
7603,1690,98,5,40.33
7604,4408,29,3,81.17
7605,2424,9,4,153.32
7606,1370,78,2,212.86
7607,581,36,5,102.49
7608,977,4,1,229.55
7609,4273,59,2,68.62
7610,4610,37,1,176.45
7611,2357,88,4,186.57
7612,119,81,5,75.75
7613,1543,13,1,16.47
7614,4863,20,3,97.66
7615,3044,17,1,20.85
7616,973,51,1,226.18
7617,916,91,5,238.85
7618,1438,55,5,186.49
7619,587,33,2,184.4
7620,351,21,1,67.81
7621,4592,81,1,27.74
7622,2563,22,5,202.51
7623,1871,25,3,144.2
7624,273,67,5,173.59
7625,2928,91,3,197.11
7626,4359,91,5,108.26
7627,3440,12,4,44.69
7628,3042,15,1,200.81
7629,3949,84,3,118.9
7630,1765,86,4,208.46
7631,4291,2,3,115.05
7632,1771,4,2,62.08
7633,1523,45,2,51.04
7634,832,13,1,188.54
7635,562,55,4,147.97
7636,3541,32,4,107.1
7637,4137,22,2,128.11
7638,1480,89,1,141.91
7639,4467,91,2,67.46
7640,1206,55,4,100.76
7641,657,17,3,80.18
7642,3941,70,4,103.22
7643,590,51,1,130.13
7644,4327,80,4,51.61
7645,4905,8,5,104.44
7646,1372,61,4,102.52
7647,4575,97,5,78.64
7648,3752,10,2,249.64
7649,3760,98,5,27.67
7650,2101,19,4,164.31
7651,1885,14,4,51.87
7652,748,67,4,211.49
7653,464,55,1,229.41
7654,754,61,2,106.35
7655,583,56,5,207.63
7656,2206,63,3,69.98
7657,4115,87,5,43.62
7658,4151,11,4,85.81
7659,4028,47,3,92.0
7660,4817,6,3,105.37
7661,3354,34,5,99.51
7662,2809,65,5,108.67
7663,3604,99,5,180.41
7664,3914,89,5,68.94
7665,1420,64,2,14.46
7666,2168,93,1,127.52
7667,2145,87,1,117.59
7668,2168,82,5,24.42
7669,1561,78,1,42.11
7670,1177,81,5,132.38
7671,1269,66,5,66.34
7672,3588,31,5,220.62
7673,1167,83,2,51.59
7674,3576,96,4,14.83
7675,2842,62,1,117.42
7676,1871,54,1,246.68
7677,3930,92,2,162.13
7678,2268,8,2,94.97
7679,2887,42,5,14.05
7680,160,41,5,126.39
7681,2659,59,4,59.55
7682,3764,40,1,165.46
7683,4735,22,2,149.92
7684,1056,24,4,73.65
7685,334,38,1,26.53
7686,3597,2,4,191.2
7687,892,41,4,150.51
7688,2988,19,5,212.11
7689,4448,2,4,72.35
7690,1363,92,5,166.69
7691,926,96,1,38.48
7692,2444,62,1,80.03
7693,2578,83,5,167.57
7694,3981,16,3,208.14
7695,2406,94,4,87.02
7696,1420,22,1,201.72
7697,2876,14,4,172.66
7698,60,56,3,93.68
7699,2525,65,4,220.34
7700,3798,45,3,132.21
7701,2660,54,2,165.58
7702,4097,66,3,128.95
7703,1579,86,1,118.65
7704,4407,46,5,213.51
7705,3106,33,5,80.73
7706,708,79,4,18.79
7707,1781,50,2,221.15
7708,2414,22,4,208.01
7709,4954,40,3,97.97
7710,3407,39,5,54.51
7711,2162,41,3,172.13
7712,3540,75,5,28.9
7713,609,68,5,111.7
7714,309,7,5,30.61
7715,4308,85,1,153.5
7716,2365,71,3,16.53
7717,185,4,4,161.02
7718,246,76,2,171.57
7719,239,91,4,126.91
7720,520,59,3,52.0
7721,3908,81,2,34.33
7722,277,84,4,85.19
7723,4029,95,2,121.65
7724,4310,26,3,164.13
7725,606,31,5,10.3
7726,4574,99,3,180.66
7727,4604,73,1,181.05
7728,4054,69,2,116.69
7729,2713,52,3,92.42
7730,142,72,5,212.15
7731,3662,21,5,198.3
7732,2370,16,3,245.99
7733,1718,51,4,99.26
7734,4557,16,3,227.64
7735,4766,18,5,30.98
7736,3428,47,3,108.75
7737,2325,56,1,121.69
7738,1845,28,4,115.81
7739,400,82,3,160.02
7740,4764,78,5,50.85
7741,2564,56,3,217.95
7742,1523,37,3,142.42
7743,1335,16,2,227.01
7744,2624,85,3,10.63
7745,239,65,1,161.2
7746,3216,60,5,108.99
7747,3648,61,2,131.22
7748,1617,11,3,188.51
7749,2430,75,4,64.52
7750,3653,66,1,59.18
7751,1722,32,1,178.72
7752,1273,19,1,135.13
7753,3140,56,2,66.07
7754,2879,5,3,126.16
7755,1536,3,1,120.29
7756,536,28,3,175.95
7757,949,90,4,10.64
7758,4959,87,3,150.82
7759,2643,94,3,155.36
7760,3942,72,3,188.92
7761,1022,100,5,223.42
7762,434,29,2,115.65
7763,1404,77,3,92.2
7764,3512,59,1,34.56
7765,2936,25,5,90.84
7766,4879,22,3,26.44
7767,4265,97,5,202.68
7768,4805,71,2,203.68
7769,3334,23,5,110.14
7770,1603,70,1,72.31
7771,229,79,3,38.32
7772,4523,79,1,214.3
7773,4218,40,4,220.6
7774,2197,98,5,73.91
7775,2900,14,5,159.22
7776,111,29,5,72.08
7777,1245,16,2,64.03
7778,4160,93,1,15.09
7779,2686,87,4,148.52
7780,3802,10,2,45.99
7781,3868,47,2,12.97
7782,1378,4,3,35.16
7783,1772,12,4,85.3
7784,13,42,5,170.6
7785,4335,98,5,58.63
7786,3262,4,3,223.02
7787,663,84,5,79.24
7788,3093,92,1,89.49
7789,694,92,5,62.31
7790,3391,6,1,70.91
7791,1182,14,3,27.79
7792,3019,35,3,80.74
7793,1505,47,1,216.31
7794,1903,58,5,175.22
7795,4172,65,3,220.06
7796,329,19,3,35.17
7797,1440,57,1,119.35
7798,3847,65,3,65.02
7799,4168,13,5,183.09
7800,225,8,3,242.86
7801,2521,18,1,205.69
7802,3715,35,5,18.47
7803,2408,87,4,86.0
7804,811,26,1,16.86
7805,3118,38,4,19.64
7806,4774,84,3,29.08
7807,3291,66,5,76.32
7808,4387,26,3,83.01
7809,2252,57,5,106.11
7810,4662,100,2,107.18
7811,2530,25,3,195.14
7812,4607,30,3,43.94
7813,924,82,3,47.86
7814,3053,7,1,160.38
7815,16,27,5,147.22
7816,3597,11,5,46.96
7817,2404,8,5,214.54
7818,4452,11,1,88.97
7819,4926,88,5,98.07
7820,4011,30,3,110.91
7821,2647,94,4,87.45
7822,1102,15,2,143.79
7823,2976,56,5,103.28
7824,1091,35,1,72.26
7825,2907,39,1,227.07
7826,1747,24,5,84.0
7827,4310,8,4,177.64
7828,1721,43,5,93.33
7829,449,42,1,114.45
7830,3013,84,2,66.63
7831,3505,41,4,190.56
7832,1569,47,5,186.93
7833,3187,26,2,15.34
7834,3492,52,5,24.45
7835,2547,88,4,231.37
7836,4806,22,1,223.32
7837,4476,5,4,131.46
7838,1048,15,3,128.41
7839,4635,36,5,204.98
7840,4849,63,2,43.23
7841,4631,93,2,166.89
7842,4769,79,4,124.24
7843,1065,91,4,188.4
7844,3822,49,4,17.22
7845,568,55,2,152.25
7846,1437,72,1,143.61
7847,4511,60,2,211.8
7848,4545,57,1,172.44
7849,4706,29,4,221.24
7850,2706,19,3,222.95
7851,2484,95,2,107.96
7852,4801,73,4,42.98
7853,4830,10,2,161.27
7854,3780,10,4,219.7
7855,4896,97,2,27.99
7856,2795,89,5,143.9
7857,1861,57,2,37.6
7858,3337,54,5,16.48
7859,1891,56,1,173.11
7860,4827,68,2,173.64
7861,4292,69,1,154.16
7862,1098,87,3,216.21
7863,1639,55,5,29.41
7864,1659,69,2,35.26
7865,1126,72,1,217.49
7866,264,81,4,130.79
7867,2993,1,1,75.53
7868,161,12,2,187.16
7869,1257,35,3,224.66
7870,4866,78,5,175.5
7871,311,82,4,200.06
7872,227,74,1,77.8
7873,273,79,2,79.31
7874,4413,33,2,217.39
7875,1923,83,5,157.57
7876,3158,98,4,66.2
7877,2339,25,1,135.8
7878,1602,16,1,174.61
7879,3719,8,1,62.45
7880,2423,35,5,167.18
7881,1926,85,5,20.11
7882,567,83,4,82.89
7883,2916,46,1,171.75
7884,252,11,1,45.84
7885,2355,61,4,63.33
7886,3502,44,4,220.98
7887,4771,11,4,171.84
7888,2312,11,2,129.74
7889,2116,22,4,60.61
7890,1603,85,3,91.94
7891,3271,91,5,147.84
7892,514,82,4,47.28
7893,442,62,2,125.62
7894,1,48,3,108.15
7895,903,94,2,124.4
7896,1221,63,2,35.33
7897,2322,51,2,35.56
7898,856,45,2,241.39
7899,1018,33,1,245.05
7900,2221,85,5,112.28
7901,4681,60,1,199.36
7902,3505,2,3,167.39
7903,4551,13,1,38.06
7904,196,66,3,81.2
7905,4695,57,4,85.28
7906,1333,43,3,152.99
7907,4652,45,1,149.19
7908,1518,31,1,231.64
7909,4535,10,3,199.61
7910,2698,23,1,215.64
7911,4455,86,3,223.89
7912,3108,29,2,202.31
7913,1058,97,5,89.89
7914,2706,31,3,61.6
7915,2064,78,2,147.22
7916,2793,74,2,175.5
7917,421,18,2,102.78
7918,4649,11,2,213.6
7919,2815,47,3,240.54
7920,2841,3,1,146.65
7921,1032,2,2,119.58
7922,1492,54,4,212.29
7923,4976,72,2,15.82
7924,1886,31,1,40.96
7925,4948,8,1,212.96
7926,510,43,5,185.69
7927,1860,48,5,109.87
7928,1859,2,2,223.32
7929,914,22,2,94.35
7930,2066,5,5,162.12
7931,2967,7,2,162.24
7932,4890,20,4,54.24
7933,3838,92,3,78.36
7934,1597,77,5,229.84
7935,4443,2,5,54.02
7936,1056,32,1,51.66
7937,1024,90,2,125.11
7938,3205,3,5,32.13
7939,576,41,5,224.71
7940,199,42,4,34.04
7941,1366,77,2,157.97
7942,1999,85,3,91.55
7943,1017,45,4,203.03
7944,3619,87,3,151.55
7945,26,71,1,103.19
7946,1559,17,5,246.13
7947,3725,92,4,25.9
7948,3459,47,3,148.67
7949,3357,94,2,247.5
7950,2368,69,1,175.83
7951,471,24,1,187.54
7952,2468,71,5,17.7
7953,4747,34,5,15.13
7954,886,50,3,18.67
7955,876,42,3,248.01
7956,942,33,1,245.08
7957,3042,27,3,90.28
7958,572,78,5,79.84
7959,4150,59,1,45.03
7960,605,19,1,88.99
7961,4421,76,2,98.84
7962,3530,3,2,189.59
7963,4981,71,3,217.91
7964,4361,99,3,189.22
7965,382,25,5,165.15
7966,1237,15,5,193.82
7967,2381,83,2,187.24
7968,3780,60,1,124.18
7969,2106,83,4,90.6
7970,1518,23,4,77.87
7971,1534,11,3,173.05
7972,3295,59,4,240.23
7973,3441,85,4,149.45
7974,3490,34,2,229.01
7975,3946,7,1,13.42
7976,4643,44,5,200.67
7977,871,91,2,214.86
7978,2151,64,5,161.44
7979,3233,23,2,234.17
7980,3232,58,2,151.58
7981,3767,20,4,67.73
7982,4961,27,5,61.77
7983,3208,60,2,143.4
7984,4494,8,4,227.56
7985,4488,67,3,27.37
7986,3827,2,5,155.05
7987,1613,22,2,194.75
7988,1078,70,3,37.7
7989,1301,36,4,38.02
7990,2159,24,2,97.87
7991,2272,12,4,75.73
7992,2530,81,4,57.6
7993,3261,22,4,57.69
7994,364,83,5,41.36
7995,846,73,3,156.6
7996,3033,76,3,175.15
7997,1328,96,1,178.7
7998,3163,95,2,137.76
7999,392,81,4,238.7
8000,3256,23,2,221.33
