order_id,customer_id,order_date,order_amount
1,815,2025-01-01 00:00:00,209.94
2,12,2025-01-01 01:00:00,363.29
3,318,2025-01-01 02:00:00,155.32
4,592,2025-01-01 03:00:00,194.63
5,216,2025-01-01 04:00:00,111.55
6,339,2025-01-01 05:00:00,186.59
7,776,2025-01-01 06:00:00,282.67
8,991,2025-01-01 07:00:00,496.05
9,661,2025-01-01 08:00:00,338.82
10,81,2025-01-01 09:00:00,115.64
11,727,2025-01-01 10:00:00,41.58
12,485,2025-01-01 11:00:00,80.65
13,374,2025-01-01 12:00:00,290.03
14,976,2025-01-01 13:00:00,387.28
15,710,2025-01-01 14:00:00,471.4
16,200,2025-01-01 15:00:00,27.6
17,537,2025-01-01 16:00:00,270.92
18,466,2025-01-01 17:00:00,246.02
19,89,2025-01-01 18:00:00,334.91
20,268,2025-01-01 19:00:00,288.6
21,655,2025-01-01 20:00:00,349.78
22,571,2025-01-01 21:00:00,335.88
23,922,2025-01-01 22:00:00,76.17
24,489,2025-01-01 23:00:00,403.86
25,877,2025-01-02 00:00:00,79.15
26,538,2025-01-02 01:00:00,355.29
27,47,2025-01-02 02:00:00,219.75
28,288,2025-01-02 03:00:00,266.65
29,778,2025-01-02 04:00:00,453.58
30,16,2025-01-02 05:00:00,447.14
31,711,2025-01-02 06:00:00,412.57
32,401,2025-01-02 07:00:00,264.87
33,919,2025-01-02 08:00:00,373.4
34,794,2025-01-02 09:00:00,266.19
35,981,2025-01-02 10:00:00,437.41
36,86,2025-01-02 11:00:00,213.33
37,250,2025-01-02 12:00:00,485.71
38,391,2025-01-02 13:00:00,467.51
39,782,2025-01-02 14:00:00,375.97
40,335,2025-01-02 15:00:00,154.12
41,629,2025-01-02 16:00:00,83.19
42,519,2025-01-02 17:00:00,430.26
43,137,2025-01-02 18:00:00,99.35
44,883,2025-01-02 19:00:00,430.05
45,688,2025-01-02 20:00:00,255.57
46,840,2025-01-02 21:00:00,215.15
47,498,2025-01-02 22:00:00,453.53
48,827,2025-01-02 23:00:00,309.85
49,727,2025-01-03 00:00:00,296.77
50,477,2025-01-03 01:00:00,288.21
51,594,2025-01-03 02:00:00,198.16
52,223,2025-01-03 03:00:00,397.11
53,990,2025-01-03 04:00:00,141.34
54,372,2025-01-03 05:00:00,470.67
55,935,2025-01-03 06:00:00,449.11
56,995,2025-01-03 07:00:00,181.99
57,402,2025-01-03 08:00:00,370.14
58,443,2025-01-03 09:00:00,295.15
59,490,2025-01-03 10:00:00,182.07
60,615,2025-01-03 11:00:00,494.49
61,273,2025-01-03 12:00:00,32.11
62,526,2025-01-03 13:00:00,141.27
63,159,2025-01-03 14:00:00,269.64
64,152,2025-01-03 15:00:00,270.54
65,995,2025-01-03 16:00:00,302.69
66,620,2025-01-03 17:00:00,380.8
67,188,2025-01-03 18:00:00,319.27
68,813,2025-01-03 19:00:00,308.14
69,98,2025-01-03 20:00:00,45.69
70,131,2025-01-03 21:00:00,200.73
71,805,2025-01-03 22:00:00,131.39
72,171,2025-01-03 23:00:00,147.38
73,936,2025-01-04 00:00:00,286.08
74,986,2025-01-04 01:00:00,115.76
75,183,2025-01-04 02:00:00,161.1
76,983,2025-01-04 03:00:00,133.8
77,364,2025-01-04 04:00:00,475.28
78,39,2025-01-04 05:00:00,473.44
79,527,2025-01-04 06:00:00,312.77
80,888,2025-01-04 07:00:00,463.77
81,497,2025-01-04 08:00:00,397.19
82,516,2025-01-04 09:00:00,303.17
83,349,2025-01-04 10:00:00,23.09
84,982,2025-01-04 11:00:00,390.81
85,921,2025-01-04 12:00:00,357.19
86,397,2025-01-04 13:00:00,315.32
87,722,2025-01-04 14:00:00,385.0
88,161,2025-01-04 15:00:00,266.2
89,16,2025-01-04 16:00:00,357.96
90,493,2025-01-04 17:00:00,468.88
91,426,2025-01-04 18:00:00,200.39
92,108,2025-01-04 19:00:00,359.9
93,894,2025-01-04 20:00:00,248.33
94,450,2025-01-04 21:00:00,343.71
95,311,2025-01-04 22:00:00,386.19
96,739,2025-01-04 23:00:00,41.82
97,170,2025-01-05 00:00:00,330.37
98,546,2025-01-05 01:00:00,128.84
99,414,2025-01-05 02:00:00,341.62
100,251,2025-01-05 03:00:00,244.8
101,759,2025-01-05 04:00:00,391.31
102,781,2025-01-05 05:00:00,79.23
103,141,2025-01-05 06:00:00,320.63
104,274,2025-01-05 07:00:00,153.67
105,416,2025-01-05 08:00:00,429.43
106,608,2025-01-05 09:00:00,465.62
107,739,2025-01-05 10:00:00,498.27
108,891,2025-01-05 11:00:00,402.08
109,39,2025-01-05 12:00:00,381.79
110,814,2025-01-05 13:00:00,123.44
111,29,2025-01-05 14:00:00,181.28
112,958,2025-01-05 15:00:00,243.53
113,477,2025-01-05 16:00:00,391.22
114,318,2025-01-05 17:00:00,459.18
115,245,2025-01-05 18:00:00,110.79
116,748,2025-01-05 19:00:00,462.74
117,697,2025-01-05 20:00:00,353.9
118,272,2025-01-05 21:00:00,313.17
119,440,2025-01-05 22:00:00,115.92
120,748,2025-01-05 23:00:00,46.65
121,239,2025-01-06 00:00:00,292.86
122,377,2025-01-06 01:00:00,332.73
123,266,2025-01-06 02:00:00,121.18
124,926,2025-01-06 03:00:00,287.1
125,921,2025-01-06 04:00:00,431.12
126,359,2025-01-06 05:00:00,420.83
127,340,2025-01-06 06:00:00,465.13
128,389,2025-01-06 07:00:00,195.63
129,577,2025-01-06 08:00:00,172.66
130,990,2025-01-06 09:00:00,379.72
131,689,2025-01-06 10:00:00,226.93
132,3,2025-01-06 11:00:00,62.02
133,429,2025-01-06 12:00:00,155.74
134,142,2025-01-06 13:00:00,220.92
135,376,2025-01-06 14:00:00,160.41
136,670,2025-01-06 15:00:00,179.46
137,324,2025-01-06 16:00:00,161.01
138,146,2025-01-06 17:00:00,39.92
139,958,2025-01-06 18:00:00,325.81
140,293,2025-01-06 19:00:00,306.7
141,665,2025-01-06 20:00:00,333.62
142,432,2025-01-06 21:00:00,112.31
143,705,2025-01-06 22:00:00,161.91
144,949,2025-01-06 23:00:00,317.42
145,975,2025-01-07 00:00:00,307.82
146,585,2025-01-07 01:00:00,263.04
147,399,2025-01-07 02:00:00,188.2
148,817,2025-01-07 03:00:00,458.21
149,889,2025-01-07 04:00:00,183.09
150,344,2025-01-07 05:00:00,238.7
151,964,2025-01-07 06:00:00,345.49
152,140,2025-01-07 07:00:00,280.65
153,187,2025-01-07 08:00:00,186.51
154,805,2025-01-07 09:00:00,229.11
155,61,2025-01-07 10:00:00,401.35
156,997,2025-01-07 11:00:00,153.5
157,939,2025-01-07 12:00:00,88.28
158,380,2025-01-07 13:00:00,170.32
159,710,2025-01-07 14:00:00,427.78
160,807,2025-01-07 15:00:00,62.72
161,440,2025-01-07 16:00:00,496.01
162,319,2025-01-07 17:00:00,279.68
163,302,2025-01-07 18:00:00,492.73
164,344,2025-01-07 19:00:00,470.72
165,11,2025-01-07 20:00:00,237.35
166,62,2025-01-07 21:00:00,115.28
167,845,2025-01-07 22:00:00,99.14
168,226,2025-01-07 23:00:00,135.19
169,153,2025-01-08 00:00:00,360.86
170,711,2025-01-08 01:00:00,151.02
171,564,2025-01-08 02:00:00,183.88
172,772,2025-01-08 03:00:00,235.41
173,571,2025-01-08 04:00:00,458.35
174,584,2025-01-08 05:00:00,110.91
175,660,2025-01-08 06:00:00,22.41
176,861,2025-01-08 07:00:00,48.85
177,575,2025-01-08 08:00:00,454.29
178,310,2025-01-08 09:00:00,330.81
179,885,2025-01-08 10:00:00,151.06
180,243,2025-01-08 11:00:00,105.05
181,493,2025-01-08 12:00:00,161.25
182,366,2025-01-08 13:00:00,75.1
183,330,2025-01-08 14:00:00,471.94
184,107,2025-01-08 15:00:00,396.42
185,226,2025-01-08 16:00:00,241.95
186,825,2025-01-08 17:00:00,435.18
187,218,2025-01-08 18:00:00,139.74
188,937,2025-01-08 19:00:00,364.22
189,753,2025-01-08 20:00:00,430.94
190,506,2025-01-08 21:00:00,191.25
191,259,2025-01-08 22:00:00,383.58
192,888,2025-01-08 23:00:00,161.63
193,774,2025-01-09 00:00:00,163.45
194,517,2025-01-09 01:00:00,71.39
195,773,2025-01-09 02:00:00,231.23
196,54,2025-01-09 03:00:00,370.26
197,47,2025-01-09 04:00:00,471.31
198,727,2025-01-09 05:00:00,309.82
199,689,2025-01-09 06:00:00,434.31
200,521,2025-01-09 07:00:00,414.8
201,99,2025-01-09 08:00:00,103.2
202,20,2025-01-09 09:00:00,253.19
203,890,2025-01-09 10:00:00,76.12
204,753,2025-01-09 11:00:00,347.43
205,573,2025-01-09 12:00:00,475.95
206,891,2025-01-09 13:00:00,85.8
207,490,2025-01-09 14:00:00,372.26
208,419,2025-01-09 15:00:00,323.47
209,690,2025-01-09 16:00:00,300.13
210,850,2025-01-09 17:00:00,207.26
211,62,2025-01-09 18:00:00,190.46
212,145,2025-01-09 19:00:00,41.72
213,216,2025-01-09 20:00:00,124.6
214,3,2025-01-09 21:00:00,27.28
215,160,2025-01-09 22:00:00,299.08
216,739,2025-01-09 23:00:00,70.81
217,998,2025-01-10 00:00:00,439.05
218,781,2025-01-10 01:00:00,271.11
219,120,2025-01-10 02:00:00,355.85
220,893,2025-01-10 03:00:00,217.21
221,89,2025-01-10 04:00:00,289.08
222,329,2025-01-10 05:00:00,472.48
223,580,2025-01-10 06:00:00,59.71
224,910,2025-01-10 07:00:00,141.89
225,357,2025-01-10 08:00:00,394.39
226,610,2025-01-10 09:00:00,67.39
227,267,2025-01-10 10:00:00,56.32
228,617,2025-01-10 11:00:00,193.54
229,952,2025-01-10 12:00:00,64.24
230,323,2025-01-10 13:00:00,300.84
231,635,2025-01-10 14:00:00,128.61
232,988,2025-01-10 15:00:00,449.94
233,541,2025-01-10 16:00:00,396.08
234,649,2025-01-10 17:00:00,355.86
235,195,2025-01-10 18:00:00,316.13
236,921,2025-01-10 19:00:00,434.46
237,738,2025-01-10 20:00:00,127.07
238,332,2025-01-10 21:00:00,439.09
239,170,2025-01-10 22:00:00,398.96
240,521,2025-01-10 23:00:00,379.12
241,463,2025-01-11 00:00:00,289.4
242,40,2025-01-11 01:00:00,138.2
243,537,2025-01-11 02:00:00,223.3
244,261,2025-01-11 03:00:00,400.91
245,395,2025-01-11 04:00:00,35.25
246,955,2025-01-11 05:00:00,395.38
247,226,2025-01-11 06:00:00,135.23
248,984,2025-01-11 07:00:00,89.27
249,124,2025-01-11 08:00:00,75.54
250,975,2025-01-11 09:00:00,33.08
251,38,2025-01-11 10:00:00,271.32
252,328,2025-01-11 11:00:00,124.76
253,251,2025-01-11 12:00:00,494.93
254,901,2025-01-11 13:00:00,295.73
255,176,2025-01-11 14:00:00,86.18
256,602,2025-01-11 15:00:00,350.61
257,914,2025-01-11 16:00:00,450.92
258,454,2025-01-11 17:00:00,377.69
259,37,2025-01-11 18:00:00,56.69
260,316,2025-01-11 19:00:00,450.02
261,688,2025-01-11 20:00:00,401.09
262,973,2025-01-11 21:00:00,95.99
263,796,2025-01-11 22:00:00,44.86
264,965,2025-01-11 23:00:00,287.51
265,973,2025-01-12 00:00:00,94.9
266,593,2025-01-12 01:00:00,420.6
267,114,2025-01-12 02:00:00,192.0
268,40,2025-01-12 03:00:00,458.19
269,301,2025-01-12 04:00:00,291.53
270,224,2025-01-12 05:00:00,107.68
271,318,2025-01-12 06:00:00,87.01
272,349,2025-01-12 07:00:00,296.71
273,115,2025-01-12 08:00:00,385.7
274,698,2025-01-12 09:00:00,395.12
275,323,2025-01-12 10:00:00,152.36
276,568,2025-01-12 11:00:00,118.04
277,40,2025-01-12 12:00:00,28.04
278,866,2025-01-12 13:00:00,346.02
279,40,2025-01-12 14:00:00,56.75
280,859,2025-01-12 15:00:00,221.97
281,973,2025-01-12 16:00:00,308.81
282,749,2025-01-12 17:00:00,469.81
283,289,2025-01-12 18:00:00,169.67
284,262,2025-01-12 19:00:00,139.89
285,216,2025-01-12 20:00:00,334.0
286,147,2025-01-12 21:00:00,317.23
287,336,2025-01-12 22:00:00,179.41
288,168,2025-01-12 23:00:00,465.49
289,92,2025-01-13 00:00:00,425.53
290,353,2025-01-13 01:00:00,127.51
291,571,2025-01-13 02:00:00,134.79
292,571,2025-01-13 03:00:00,265.9
293,816,2025-01-13 04:00:00,391.31
294,681,2025-01-13 05:00:00,41.14
295,781,2025-01-13 06:00:00,352.8
296,363,2025-01-13 07:00:00,331.15
297,557,2025-01-13 08:00:00,131.11
298,345,2025-01-13 09:00:00,347.05
299,693,2025-01-13 10:00:00,471.29
300,170,2025-01-13 11:00:00,42.46
301,356,2025-01-13 12:00:00,173.43
302,191,2025-01-13 13:00:00,230.32
303,667,2025-01-13 14:00:00,451.64
304,422,2025-01-13 15:00:00,481.89
305,700,2025-01-13 16:00:00,233.18
306,7,2025-01-13 17:00:00,380.01
307,133,2025-01-13 18:00:00,275.2
308,747,2025-01-13 19:00:00,278.14
309,557,2025-01-13 20:00:00,153.49
310,826,2025-01-13 21:00:00,124.14
311,761,2025-01-13 22:00:00,158.24
312,31,2025-01-13 23:00:00,287.04
313,535,2025-01-14 00:00:00,33.99
314,426,2025-01-14 01:00:00,455.48
315,394,2025-01-14 02:00:00,95.02
316,672,2025-01-14 03:00:00,125.64
317,363,2025-01-14 04:00:00,268.77
318,437,2025-01-14 05:00:00,360.86
319,670,2025-01-14 06:00:00,65.95
320,551,2025-01-14 07:00:00,172.49
321,927,2025-01-14 08:00:00,484.96
322,82,2025-01-14 09:00:00,145.92
323,356,2025-01-14 10:00:00,170.26
324,258,2025-01-14 11:00:00,421.52
325,718,2025-01-14 12:00:00,44.1
326,589,2025-01-14 13:00:00,243.01
327,989,2025-01-14 14:00:00,202.22
328,524,2025-01-14 15:00:00,171.96
329,295,2025-01-14 16:00:00,157.14
330,962,2025-01-14 17:00:00,63.86
331,224,2025-01-14 18:00:00,171.12
332,525,2025-01-14 19:00:00,40.67
333,46,2025-01-14 20:00:00,394.86
334,667,2025-01-14 21:00:00,211.15
335,113,2025-01-14 22:00:00,233.07
336,233,2025-01-14 23:00:00,448.93
337,17,2025-01-15 00:00:00,335.87
338,360,2025-01-15 01:00:00,23.87
339,223,2025-01-15 02:00:00,472.72
340,866,2025-01-15 03:00:00,133.83
341,700,2025-01-15 04:00:00,71.65
342,448,2025-01-15 05:00:00,388.7
343,856,2025-01-15 06:00:00,260.23
344,365,2025-01-15 07:00:00,228.21
345,675,2025-01-15 08:00:00,139.76
346,326,2025-01-15 09:00:00,282.79
347,467,2025-01-15 10:00:00,151.7
348,414,2025-01-15 11:00:00,452.76
349,455,2025-01-15 12:00:00,123.3
350,586,2025-01-15 13:00:00,444.49
351,233,2025-01-15 14:00:00,288.51
352,224,2025-01-15 15:00:00,417.67
353,994,2025-01-15 16:00:00,362.17
354,831,2025-01-15 17:00:00,354.41
355,412,2025-01-15 18:00:00,175.69
356,572,2025-01-15 19:00:00,132.27
357,335,2025-01-15 20:00:00,121.23
358,222,2025-01-15 21:00:00,431.45
359,37,2025-01-15 22:00:00,413.8
360,989,2025-01-15 23:00:00,231.48
361,278,2025-01-16 00:00:00,83.55
362,196,2025-01-16 01:00:00,203.48
363,916,2025-01-16 02:00:00,317.28
364,864,2025-01-16 03:00:00,238.11
365,484,2025-01-16 04:00:00,394.49
366,242,2025-01-16 05:00:00,498.86
367,324,2025-01-16 06:00:00,111.74
368,731,2025-01-16 07:00:00,240.63
369,192,2025-01-16 08:00:00,226.87
370,17,2025-01-16 09:00:00,166.16
371,524,2025-01-16 10:00:00,115.09
372,918,2025-01-16 11:00:00,51.53
373,401,2025-01-16 12:00:00,445.82
374,906,2025-01-16 13:00:00,221.53
375,886,2025-01-16 14:00:00,258.51
376,705,2025-01-16 15:00:00,460.13
377,22,2025-01-16 16:00:00,392.62
378,474,2025-01-16 17:00:00,82.64
379,120,2025-01-16 18:00:00,291.4
380,210,2025-01-16 19:00:00,232.28
381,306,2025-01-16 20:00:00,402.66
382,270,2025-01-16 21:00:00,367.63
383,704,2025-01-16 22:00:00,351.39
384,687,2025-01-16 23:00:00,183.46
385,285,2025-01-17 00:00:00,406.38
386,716,2025-01-17 01:00:00,45.15
387,676,2025-01-17 02:00:00,96.62
388,763,2025-01-17 03:00:00,181.1
389,227,2025-01-17 04:00:00,56.87
390,948,2025-01-17 05:00:00,132.8
391,381,2025-01-17 06:00:00,418.47
392,460,2025-01-17 07:00:00,475.16
393,7,2025-01-17 08:00:00,166.21
394,29,2025-01-17 09:00:00,146.97
395,907,2025-01-17 10:00:00,154.35
396,33,2025-01-17 11:00:00,153.31
397,646,2025-01-17 12:00:00,37.25
398,879,2025-01-17 13:00:00,464.92
399,79,2025-01-17 14:00:00,122.58
400,928,2025-01-17 15:00:00,221.6
401,947,2025-01-17 16:00:00,24.65
402,459,2025-01-17 17:00:00,431.82
403,570,2025-01-17 18:00:00,370.96
404,983,2025-01-17 19:00:00,474.44
405,538,2025-01-17 20:00:00,395.18
406,482,2025-01-17 21:00:00,170.58
407,430,2025-01-17 22:00:00,138.98
408,738,2025-01-17 23:00:00,354.9
409,285,2025-01-18 00:00:00,194.77
410,516,2025-01-18 01:00:00,291.78
411,977,2025-01-18 02:00:00,23.0
412,99,2025-01-18 03:00:00,49.71
413,397,2025-01-18 04:00:00,276.98
414,489,2025-01-18 05:00:00,291.71
415,39,2025-01-18 06:00:00,380.7
416,271,2025-01-18 07:00:00,83.34
417,887,2025-01-18 08:00:00,266.33
418,797,2025-01-18 09:00:00,113.33
419,157,2025-01-18 10:00:00,64.73
420,75,2025-01-18 11:00:00,217.04
421,884,2025-01-18 12:00:00,98.4
422,800,2025-01-18 13:00:00,126.46
423,130,2025-01-18 14:00:00,172.43
424,687,2025-01-18 15:00:00,144.51
425,974,2025-01-18 16:00:00,62.04
426,84,2025-01-18 17:00:00,63.16
427,22,2025-01-18 18:00:00,112.76
428,459,2025-01-18 19:00:00,44.27
429,539,2025-01-18 20:00:00,320.7
430,707,2025-01-18 21:00:00,157.92
431,849,2025-01-18 22:00:00,154.28
432,382,2025-01-18 23:00:00,179.36
433,748,2025-01-19 00:00:00,338.14
434,440,2025-01-19 01:00:00,437.9
435,604,2025-01-19 02:00:00,384.36
436,989,2025-01-19 03:00:00,369.21
437,21,2025-01-19 04:00:00,252.51
438,303,2025-01-19 05:00:00,353.03
439,976,2025-01-19 06:00:00,285.33
440,869,2025-01-19 07:00:00,123.8
441,955,2025-01-19 08:00:00,120.12
442,84,2025-01-19 09:00:00,162.27
443,774,2025-01-19 10:00:00,457.19
444,659,2025-01-19 11:00:00,282.76
445,953,2025-01-19 12:00:00,372.27
446,453,2025-01-19 13:00:00,186.35
447,387,2025-01-19 14:00:00,215.7
448,507,2025-01-19 15:00:00,80.27
449,257,2025-01-19 16:00:00,102.22
450,570,2025-01-19 17:00:00,417.13
451,892,2025-01-19 18:00:00,300.72
452,934,2025-01-19 19:00:00,182.02
453,527,2025-01-19 20:00:00,405.37
454,162,2025-01-19 21:00:00,138.33
455,957,2025-01-19 22:00:00,488.5
456,163,2025-01-19 23:00:00,185.51
457,832,2025-01-20 00:00:00,181.91
458,793,2025-01-20 01:00:00,169.72
459,792,2025-01-20 02:00:00,78.61
460,524,2025-01-20 03:00:00,73.35
461,786,2025-01-20 04:00:00,331.09
462,271,2025-01-20 05:00:00,440.06
463,492,2025-01-20 06:00:00,399.45
464,208,2025-01-20 07:00:00,87.73
465,539,2025-01-20 08:00:00,281.88
466,584,2025-01-20 09:00:00,70.68
467,60,2025-01-20 10:00:00,41.74
468,430,2025-01-20 11:00:00,335.07
469,985,2025-01-20 12:00:00,276.87
470,657,2025-01-20 13:00:00,59.37
471,605,2025-01-20 14:00:00,36.77
472,309,2025-01-20 15:00:00,495.08
473,520,2025-01-20 16:00:00,34.41
474,591,2025-01-20 17:00:00,233.37
475,27,2025-01-20 18:00:00,262.22
476,686,2025-01-20 19:00:00,76.29
477,562,2025-01-20 20:00:00,101.15
478,199,2025-01-20 21:00:00,188.87
479,387,2025-01-20 22:00:00,385.6
480,349,2025-01-20 23:00:00,263.4
481,960,2025-01-21 00:00:00,326.19
482,940,2025-01-21 01:00:00,492.88
483,693,2025-01-21 02:00:00,388.64
484,536,2025-01-21 03:00:00,228.49
485,828,2025-01-21 04:00:00,234.29
486,378,2025-01-21 05:00:00,317.01
487,899,2025-01-21 06:00:00,339.38
488,916,2025-01-21 07:00:00,260.34
489,558,2025-01-21 08:00:00,329.53
490,527,2025-01-21 09:00:00,31.3
491,153,2025-01-21 10:00:00,226.22
492,734,2025-01-21 11:00:00,153.89
493,206,2025-01-21 12:00:00,82.0
494,455,2025-01-21 13:00:00,67.78
495,273,2025-01-21 14:00:00,309.53
496,894,2025-01-21 15:00:00,271.33
497,236,2025-01-21 16:00:00,141.72
498,852,2025-01-21 17:00:00,246.06
499,740,2025-01-21 18:00:00,256.27
500,521,2025-01-21 19:00:00,113.6
501,678,2025-01-21 20:00:00,333.0
502,944,2025-01-21 21:00:00,394.84
503,956,2025-01-21 22:00:00,399.9
504,831,2025-01-21 23:00:00,309.19
505,726,2025-01-22 00:00:00,265.59
506,501,2025-01-22 01:00:00,49.28
507,117,2025-01-22 02:00:00,158.16
508,386,2025-01-22 03:00:00,64.77
509,344,2025-01-22 04:00:00,482.64
510,584,2025-01-22 05:00:00,84.84
511,395,2025-01-22 06:00:00,92.85
512,64,2025-01-22 07:00:00,447.0
513,717,2025-01-22 08:00:00,473.09
514,721,2025-01-22 09:00:00,387.6
515,72,2025-01-22 10:00:00,22.59
516,789,2025-01-22 11:00:00,20.65
517,274,2025-01-22 12:00:00,201.49
518,990,2025-01-22 13:00:00,88.83
519,320,2025-01-22 14:00:00,28.83
520,338,2025-01-22 15:00:00,242.75
521,366,2025-01-22 16:00:00,472.67
522,495,2025-01-22 17:00:00,175.43
523,607,2025-01-22 18:00:00,337.35
524,166,2025-01-22 19:00:00,333.07
525,544,2025-01-22 20:00:00,140.52
526,11,2025-01-22 21:00:00,332.2
527,301,2025-01-22 22:00:00,121.92
528,729,2025-01-22 23:00:00,78.56
529,801,2025-01-23 00:00:00,356.66
530,102,2025-01-23 01:00:00,74.45
531,425,2025-01-23 02:00:00,498.52
532,392,2025-01-23 03:00:00,108.06
533,779,2025-01-23 04:00:00,305.19
534,214,2025-01-23 05:00:00,217.46
535,691,2025-01-23 06:00:00,80.67
536,88,2025-01-23 07:00:00,33.37
537,553,2025-01-23 08:00:00,318.91
538,401,2025-01-23 09:00:00,407.24
539,588,2025-01-23 10:00:00,424.17
540,889,2025-01-23 11:00:00,251.7
541,46,2025-01-23 12:00:00,393.18
542,672,2025-01-23 13:00:00,342.97
543,463,2025-01-23 14:00:00,367.64
544,592,2025-01-23 15:00:00,256.45
545,310,2025-01-23 16:00:00,324.04
546,86,2025-01-23 17:00:00,406.65
547,92,2025-01-23 18:00:00,210.98
548,660,2025-01-23 19:00:00,406.87
549,673,2025-01-23 20:00:00,304.17
550,714,2025-01-23 21:00:00,99.63
551,936,2025-01-23 22:00:00,31.85
552,928,2025-01-23 23:00:00,194.12
553,242,2025-01-24 00:00:00,282.41
554,865,2025-01-24 01:00:00,423.11
555,2,2025-01-24 02:00:00,81.19
556,225,2025-01-24 03:00:00,404.1
557,801,2025-01-24 04:00:00,434.24
558,745,2025-01-24 05:00:00,92.33
559,973,2025-01-24 06:00:00,428.77
560,926,2025-01-24 07:00:00,495.9
561,929,2025-01-24 08:00:00,368.88
562,589,2025-01-24 09:00:00,396.69
563,116,2025-01-24 10:00:00,497.32
564,666,2025-01-24 11:00:00,310.63
565,918,2025-01-24 12:00:00,167.79
566,103,2025-01-24 13:00:00,422.01
567,194,2025-01-24 14:00:00,314.95
568,166,2025-01-24 15:00:00,298.97
569,871,2025-01-24 16:00:00,141.75
570,90,2025-01-24 17:00:00,383.04
571,686,2025-01-24 18:00:00,59.2
572,122,2025-01-24 19:00:00,463.66
573,143,2025-01-24 20:00:00,176.4
574,994,2025-01-24 21:00:00,81.33
575,106,2025-01-24 22:00:00,232.34
576,887,2025-01-24 23:00:00,40.39
577,428,2025-01-25 00:00:00,348.62
578,305,2025-01-25 01:00:00,453.3
579,872,2025-01-25 02:00:00,421.89
580,971,2025-01-25 03:00:00,81.14
581,317,2025-01-25 04:00:00,80.61
582,963,2025-01-25 05:00:00,410.45
583,635,2025-01-25 06:00:00,463.64
584,902,2025-01-25 07:00:00,241.12
585,9,2025-01-25 08:00:00,259.51
586,774,2025-01-25 09:00:00,172.77
587,73,2025-01-25 10:00:00,449.25
588,359,2025-01-25 11:00:00,329.55
589,223,2025-01-25 12:00:00,158.36
590,416,2025-01-25 13:00:00,163.42
591,553,2025-01-25 14:00:00,447.78
592,370,2025-01-25 15:00:00,26.54
593,716,2025-01-25 16:00:00,174.91
594,264,2025-01-25 17:00:00,286.09
595,840,2025-01-25 18:00:00,91.14
596,690,2025-01-25 19:00:00,64.21
597,860,2025-01-25 20:00:00,411.33
598,318,2025-01-25 21:00:00,449.31
599,84,2025-01-25 22:00:00,415.33
600,318,2025-01-25 23:00:00,451.42
601,111,2025-01-26 00:00:00,285.49
602,251,2025-01-26 01:00:00,409.88
603,383,2025-01-26 02:00:00,204.34
604,7,2025-01-26 03:00:00,339.81
605,459,2025-01-26 04:00:00,494.64
606,84,2025-01-26 05:00:00,128.35
607,208,2025-01-26 06:00:00,207.15
608,900,2025-01-26 07:00:00,250.42
609,390,2025-01-26 08:00:00,86.25
610,314,2025-01-26 09:00:00,58.9
611,22,2025-01-26 10:00:00,418.27
612,410,2025-01-26 11:00:00,488.86
613,895,2025-01-26 12:00:00,214.27
614,515,2025-01-26 13:00:00,62.07
615,127,2025-01-26 14:00:00,51.59
616,809,2025-01-26 15:00:00,447.83
617,700,2025-01-26 16:00:00,242.63
618,874,2025-01-26 17:00:00,173.61
619,14,2025-01-26 18:00:00,248.7
620,971,2025-01-26 19:00:00,172.79
621,978,2025-01-26 20:00:00,254.74
622,12,2025-01-26 21:00:00,432.59
623,87,2025-01-26 22:00:00,304.3
624,524,2025-01-26 23:00:00,353.43
625,909,2025-01-27 00:00:00,195.04
626,537,2025-01-27 01:00:00,374.48
627,301,2025-01-27 02:00:00,339.98
628,243,2025-01-27 03:00:00,77.39
629,122,2025-01-27 04:00:00,294.87
630,147,2025-01-27 05:00:00,143.24
631,567,2025-01-27 06:00:00,405.97
632,750,2025-01-27 07:00:00,224.45
633,356,2025-01-27 08:00:00,497.45
634,685,2025-01-27 09:00:00,64.4
635,904,2025-01-27 10:00:00,394.57
636,733,2025-01-27 11:00:00,343.38
637,631,2025-01-27 12:00:00,388.4
638,309,2025-01-27 13:00:00,167.61
639,695,2025-01-27 14:00:00,256.19
640,288,2025-01-27 15:00:00,402.32
641,307,2025-01-27 16:00:00,131.62
642,812,2025-01-27 17:00:00,128.5
643,594,2025-01-27 18:00:00,284.5
644,966,2025-01-27 19:00:00,271.31
645,914,2025-01-27 20:00:00,155.49
646,723,2025-01-27 21:00:00,163.08
647,662,2025-01-27 22:00:00,153.37
648,549,2025-01-27 23:00:00,390.33
649,352,2025-01-28 00:00:00,332.91
650,312,2025-01-28 01:00:00,419.56
651,873,2025-01-28 02:00:00,488.23
652,59,2025-01-28 03:00:00,247.6
653,643,2025-01-28 04:00:00,52.01
654,924,2025-01-28 05:00:00,43.08
655,714,2025-01-28 06:00:00,161.92
656,755,2025-01-28 07:00:00,467.62
657,35,2025-01-28 08:00:00,271.14
658,445,2025-01-28 09:00:00,150.46
659,93,2025-01-28 10:00:00,211.6
660,950,2025-01-28 11:00:00,307.33
661,959,2025-01-28 12:00:00,333.42
662,207,2025-01-28 13:00:00,93.88
663,353,2025-01-28 14:00:00,488.98
664,903,2025-01-28 15:00:00,281.49
665,332,2025-01-28 16:00:00,85.13
666,817,2025-01-28 17:00:00,448.94
667,862,2025-01-28 18:00:00,55.83
668,725,2025-01-28 19:00:00,455.71
669,159,2025-01-28 20:00:00,498.35
670,954,2025-01-28 21:00:00,356.21
671,957,2025-01-28 22:00:00,389.81
672,24,2025-01-28 23:00:00,181.91
673,404,2025-01-29 00:00:00,471.96
674,805,2025-01-29 01:00:00,274.26
675,516,2025-01-29 02:00:00,371.55
676,732,2025-01-29 03:00:00,463.57
677,364,2025-01-29 04:00:00,488.09
678,382,2025-01-29 05:00:00,419.94
679,532,2025-01-29 06:00:00,165.45
680,956,2025-01-29 07:00:00,483.94
681,152,2025-01-29 08:00:00,321.5
682,562,2025-01-29 09:00:00,466.71
683,689,2025-01-29 10:00:00,344.53
684,947,2025-01-29 11:00:00,167.47
685,608,2025-01-29 12:00:00,197.61
686,617,2025-01-29 13:00:00,284.23
687,420,2025-01-29 14:00:00,399.21
688,250,2025-01-29 15:00:00,172.63
689,117,2025-01-29 16:00:00,298.27
690,866,2025-01-29 17:00:00,185.9
691,512,2025-01-29 18:00:00,411.57
692,740,2025-01-29 19:00:00,244.03
693,578,2025-01-29 20:00:00,56.83
694,335,2025-01-29 21:00:00,99.71
695,418,2025-01-29 22:00:00,49.33
696,932,2025-01-29 23:00:00,259.67
697,774,2025-01-30 00:00:00,71.04
698,295,2025-01-30 01:00:00,74.79
699,938,2025-01-30 02:00:00,471.7
700,755,2025-01-30 03:00:00,438.87
701,371,2025-01-30 04:00:00,237.0
702,186,2025-01-30 05:00:00,493.19
703,246,2025-01-30 06:00:00,20.09
704,637,2025-01-30 07:00:00,314.71
705,268,2025-01-30 08:00:00,315.89
706,643,2025-01-30 09:00:00,239.57
707,237,2025-01-30 10:00:00,210.54
708,530,2025-01-30 11:00:00,238.58
709,552,2025-01-30 12:00:00,219.18
710,21,2025-01-30 13:00:00,370.64
711,911,2025-01-30 14:00:00,84.97
712,737,2025-01-30 15:00:00,114.87
713,867,2025-01-30 16:00:00,106.65
714,794,2025-01-30 17:00:00,145.99
715,520,2025-01-30 18:00:00,272.12
716,100,2025-01-30 19:00:00,73.38
717,752,2025-01-30 20:00:00,436.72
718,478,2025-01-30 21:00:00,162.73
719,599,2025-01-30 22:00:00,98.02
720,298,2025-01-30 23:00:00,344.3
721,940,2025-01-31 00:00:00,38.28
722,526,2025-01-31 01:00:00,317.58
723,334,2025-01-31 02:00:00,355.14
724,2,2025-01-31 03:00:00,123.16
725,375,2025-01-31 04:00:00,40.14
726,293,2025-01-31 05:00:00,194.55
727,837,2025-01-31 06:00:00,67.33
728,934,2025-01-31 07:00:00,75.91
729,553,2025-01-31 08:00:00,142.05
730,318,2025-01-31 09:00:00,161.82
731,502,2025-01-31 10:00:00,274.39
732,828,2025-01-31 11:00:00,345.63
733,381,2025-01-31 12:00:00,304.53
734,623,2025-01-31 13:00:00,91.21
735,14,2025-01-31 14:00:00,102.6
736,504,2025-01-31 15:00:00,441.81
737,231,2025-01-31 16:00:00,288.01
738,985,2025-01-31 17:00:00,437.57
739,84,2025-01-31 18:00:00,198.34
740,130,2025-01-31 19:00:00,314.91
741,743,2025-01-31 20:00:00,271.36
742,838,2025-01-31 21:00:00,173.18
743,145,2025-01-31 22:00:00,245.56
744,891,2025-01-31 23:00:00,261.2
745,857,2025-02-01 00:00:00,116.37
746,28,2025-02-01 01:00:00,171.2
747,66,2025-02-01 02:00:00,399.88
748,163,2025-02-01 03:00:00,459.58
749,229,2025-02-01 04:00:00,192.7
750,261,2025-02-01 05:00:00,167.35
751,449,2025-02-01 06:00:00,113.69
752,424,2025-02-01 07:00:00,345.68
753,460,2025-02-01 08:00:00,175.09
754,952,2025-02-01 09:00:00,494.12
755,676,2025-02-01 10:00:00,176.33
756,301,2025-02-01 11:00:00,209.19
757,919,2025-02-01 12:00:00,309.6
758,303,2025-02-01 13:00:00,404.81
759,287,2025-02-01 14:00:00,245.37
760,395,2025-02-01 15:00:00,222.87
761,10,2025-02-01 16:00:00,497.91
762,707,2025-02-01 17:00:00,25.04
763,630,2025-02-01 18:00:00,449.63
764,270,2025-02-01 19:00:00,91.59
765,592,2025-02-01 20:00:00,397.24
766,970,2025-02-01 21:00:00,316.61
767,605,2025-02-01 22:00:00,184.09
768,778,2025-02-01 23:00:00,439.46
769,844,2025-02-02 00:00:00,26.2
770,862,2025-02-02 01:00:00,128.81
771,361,2025-02-02 02:00:00,292.11
772,257,2025-02-02 03:00:00,188.74
773,133,2025-02-02 04:00:00,312.98
774,276,2025-02-02 05:00:00,31.57
775,776,2025-02-02 06:00:00,75.9
776,683,2025-02-02 07:00:00,81.01
777,972,2025-02-02 08:00:00,110.86
778,513,2025-02-02 09:00:00,240.48
779,313,2025-02-02 10:00:00,381.02
780,576,2025-02-02 11:00:00,454.66
781,886,2025-02-02 12:00:00,420.98
782,980,2025-02-02 13:00:00,114.51
783,284,2025-02-02 14:00:00,231.75
784,121,2025-02-02 15:00:00,115.72
785,107,2025-02-02 16:00:00,146.95
786,933,2025-02-02 17:00:00,261.7
787,687,2025-02-02 18:00:00,52.69
788,997,2025-02-02 19:00:00,124.72
789,204,2025-02-02 20:00:00,468.98
790,165,2025-02-02 21:00:00,243.74
791,305,2025-02-02 22:00:00,233.79
792,497,2025-02-02 23:00:00,26.99
793,632,2025-02-03 00:00:00,138.75
794,556,2025-02-03 01:00:00,435.82
795,824,2025-02-03 02:00:00,99.02
796,156,2025-02-03 03:00:00,219.26
797,367,2025-02-03 04:00:00,26.88
798,719,2025-02-03 05:00:00,249.6
799,902,2025-02-03 06:00:00,30.09
800,620,2025-02-03 07:00:00,413.41
801,251,2025-02-03 08:00:00,415.93
802,957,2025-02-03 09:00:00,398.12
803,916,2025-02-03 10:00:00,156.01
804,882,2025-02-03 11:00:00,421.87
805,334,2025-02-03 12:00:00,280.64
806,642,2025-02-03 13:00:00,199.43
807,969,2025-02-03 14:00:00,320.16
808,511,2025-02-03 15:00:00,25.92
809,293,2025-02-03 16:00:00,88.62
810,20,2025-02-03 17:00:00,376.3
811,282,2025-02-03 18:00:00,137.2
812,797,2025-02-03 19:00:00,307.04
813,1,2025-02-03 20:00:00,204.85
814,119,2025-02-03 21:00:00,430.31
815,35,2025-02-03 22:00:00,477.16
816,198,2025-02-03 23:00:00,444.11
817,485,2025-02-04 00:00:00,149.9
818,757,2025-02-04 01:00:00,113.2
819,59,2025-02-04 02:00:00,247.73
820,837,2025-02-04 03:00:00,23.52
821,161,2025-02-04 04:00:00,32.39
822,691,2025-02-04 05:00:00,285.58
823,206,2025-02-04 06:00:00,269.82
824,12,2025-02-04 07:00:00,497.4
825,490,2025-02-04 08:00:00,116.88
826,276,2025-02-04 09:00:00,143.89
827,693,2025-02-04 10:00:00,74.5
828,242,2025-02-04 11:00:00,460.42
829,216,2025-02-04 12:00:00,393.35
830,251,2025-02-04 13:00:00,414.72
831,811,2025-02-04 14:00:00,453.33
832,126,2025-02-04 15:00:00,271.95
833,994,2025-02-04 16:00:00,236.57
834,217,2025-02-04 17:00:00,178.59
835,306,2025-02-04 18:00:00,302.82
836,797,2025-02-04 19:00:00,238.05
837,185,2025-02-04 20:00:00,236.75
838,39,2025-02-04 21:00:00,469.73
839,223,2025-02-04 22:00:00,492.34
840,184,2025-02-04 23:00:00,402.31
841,495,2025-02-05 00:00:00,383.24
842,427,2025-02-05 01:00:00,346.67
843,178,2025-02-05 02:00:00,99.72
844,919,2025-02-05 03:00:00,48.37
845,428,2025-02-05 04:00:00,351.55
846,294,2025-02-05 05:00:00,369.82
847,852,2025-02-05 06:00:00,42.55
848,151,2025-02-05 07:00:00,465.46
849,384,2025-02-05 08:00:00,63.75
850,638,2025-02-05 09:00:00,157.23
851,813,2025-02-05 10:00:00,342.75
852,308,2025-02-05 11:00:00,101.54
853,336,2025-02-05 12:00:00,46.6
854,946,2025-02-05 13:00:00,178.95
855,746,2025-02-05 14:00:00,387.67
856,892,2025-02-05 15:00:00,218.57
857,375,2025-02-05 16:00:00,333.43
858,8,2025-02-05 17:00:00,298.22
859,341,2025-02-05 18:00:00,30.66
860,129,2025-02-05 19:00:00,494.5
861,776,2025-02-05 20:00:00,39.89
862,669,2025-02-05 21:00:00,484.55
863,352,2025-02-05 22:00:00,283.93
864,358,2025-02-05 23:00:00,482.32
865,517,2025-02-06 00:00:00,75.08
866,495,2025-02-06 01:00:00,255.4
867,86,2025-02-06 02:00:00,101.36
868,175,2025-02-06 03:00:00,44.47
869,802,2025-02-06 04:00:00,316.41
870,193,2025-02-06 05:00:00,119.74
871,311,2025-02-06 06:00:00,302.09
872,119,2025-02-06 07:00:00,73.93
873,218,2025-02-06 08:00:00,179.35
874,427,2025-02-06 09:00:00,395.18
875,970,2025-02-06 10:00:00,229.78
876,414,2025-02-06 11:00:00,321.32
877,114,2025-02-06 12:00:00,330.78
878,978,2025-02-06 13:00:00,425.0
879,145,2025-02-06 14:00:00,175.96
880,538,2025-02-06 15:00:00,349.9
881,648,2025-02-06 16:00:00,481.58
882,303,2025-02-06 17:00:00,370.52
883,744,2025-02-06 18:00:00,255.14
884,881,2025-02-06 19:00:00,322.74
885,588,2025-02-06 20:00:00,375.05
886,987,2025-02-06 21:00:00,313.89
887,840,2025-02-06 22:00:00,28.0
888,345,2025-02-06 23:00:00,113.49
889,814,2025-02-07 00:00:00,409.02
890,964,2025-02-07 01:00:00,150.87
891,801,2025-02-07 02:00:00,371.15
892,1,2025-02-07 03:00:00,198.62
893,147,2025-02-07 04:00:00,270.5
894,287,2025-02-07 05:00:00,52.63
895,976,2025-02-07 06:00:00,106.99
896,654,2025-02-07 07:00:00,479.45
897,53,2025-02-07 08:00:00,447.27
898,304,2025-02-07 09:00:00,333.09
899,69,2025-02-07 10:00:00,240.63
900,361,2025-02-07 11:00:00,344.37
901,602,2025-02-07 12:00:00,316.93
902,958,2025-02-07 13:00:00,292.91
903,220,2025-02-07 14:00:00,48.4
904,962,2025-02-07 15:00:00,323.75
905,704,2025-02-07 16:00:00,389.08
906,966,2025-02-07 17:00:00,497.16
907,575,2025-02-07 18:00:00,25.32
908,585,2025-02-07 19:00:00,370.48
909,161,2025-02-07 20:00:00,294.46
910,681,2025-02-07 21:00:00,228.35
911,89,2025-02-07 22:00:00,81.23
912,688,2025-02-07 23:00:00,216.36
913,781,2025-02-08 00:00:00,190.1
914,585,2025-02-08 01:00:00,165.36
915,757,2025-02-08 02:00:00,370.82
916,589,2025-02-08 03:00:00,356.35
917,159,2025-02-08 04:00:00,302.73
918,489,2025-02-08 05:00:00,470.56
919,971,2025-02-08 06:00:00,187.93
920,324,2025-02-08 07:00:00,137.02
921,610,2025-02-08 08:00:00,334.83
922,381,2025-02-08 09:00:00,115.43
923,102,2025-02-08 10:00:00,171.21
924,494,2025-02-08 11:00:00,127.81
925,644,2025-02-08 12:00:00,53.19
926,614,2025-02-08 13:00:00,417.2
927,19,2025-02-08 14:00:00,142.18
928,454,2025-02-08 15:00:00,247.05
929,482,2025-02-08 16:00:00,40.79
930,594,2025-02-08 17:00:00,355.68
931,397,2025-02-08 18:00:00,178.67
932,279,2025-02-08 19:00:00,377.47
933,851,2025-02-08 20:00:00,217.95
934,365,2025-02-08 21:00:00,113.96
935,331,2025-02-08 22:00:00,266.32
936,641,2025-02-08 23:00:00,82.64
937,344,2025-02-09 00:00:00,231.46
938,822,2025-02-09 01:00:00,172.31
939,455,2025-02-09 02:00:00,457.74
940,601,2025-02-09 03:00:00,49.25
941,725,2025-02-09 04:00:00,353.13
942,655,2025-02-09 05:00:00,107.72
943,65,2025-02-09 06:00:00,173.14
944,76,2025-02-09 07:00:00,219.45
945,711,2025-02-09 08:00:00,455.85
946,143,2025-02-09 09:00:00,136.44
947,917,2025-02-09 10:00:00,63.83
948,915,2025-02-09 11:00:00,172.97
949,828,2025-02-09 12:00:00,70.24
950,605,2025-02-09 13:00:00,81.73
951,473,2025-02-09 14:00:00,295.45
952,417,2025-02-09 15:00:00,49.23
953,305,2025-02-09 16:00:00,34.85
954,736,2025-02-09 17:00:00,362.92
955,497,2025-02-09 18:00:00,193.59
956,291,2025-02-09 19:00:00,80.18
957,940,2025-02-09 20:00:00,141.73
958,102,2025-02-09 21:00:00,328.2
959,986,2025-02-09 22:00:00,152.26
960,267,2025-02-09 23:00:00,257.37
961,867,2025-02-10 00:00:00,78.41
962,968,2025-02-10 01:00:00,302.28
963,622,2025-02-10 02:00:00,171.72
964,974,2025-02-10 03:00:00,320.94
965,842,2025-02-10 04:00:00,408.03
966,962,2025-02-10 05:00:00,313.59
967,942,2025-02-10 06:00:00,161.96
968,777,2025-02-10 07:00:00,142.76
969,3,2025-02-10 08:00:00,177.16
970,85,2025-02-10 09:00:00,99.02
971,794,2025-02-10 10:00:00,106.96
972,328,2025-02-10 11:00:00,399.53
973,816,2025-02-10 12:00:00,204.67
974,450,2025-02-10 13:00:00,229.28
975,454,2025-02-10 14:00:00,305.14
976,924,2025-02-10 15:00:00,303.03
977,629,2025-02-10 16:00:00,52.34
978,221,2025-02-10 17:00:00,419.14
979,154,2025-02-10 18:00:00,105.12
980,665,2025-02-10 19:00:00,367.07
981,12,2025-02-10 20:00:00,390.88
982,133,2025-02-10 21:00:00,363.15
983,994,2025-02-10 22:00:00,297.91
984,304,2025-02-10 23:00:00,27.01
985,293,2025-02-11 00:00:00,192.98
986,975,2025-02-11 01:00:00,310.32
987,300,2025-02-11 02:00:00,205.98
988,740,2025-02-11 03:00:00,434.47
989,783,2025-02-11 04:00:00,168.23
990,43,2025-02-11 05:00:00,160.9
991,944,2025-02-11 06:00:00,147.68
992,343,2025-02-11 07:00:00,179.73
993,326,2025-02-11 08:00:00,287.55
994,814,2025-02-11 09:00:00,359.37
995,498,2025-02-11 10:00:00,338.03
996,364,2025-02-11 11:00:00,407.7
997,891,2025-02-11 12:00:00,445.24
998,427,2025-02-11 13:00:00,411.72
999,21,2025-02-11 14:00:00,29.09
1000,407,2025-02-11 15:00:00,373.24
1001,619,2025-02-11 16:00:00,120.03
1002,336,2025-02-11 17:00:00,83.81
1003,815,2025-02-11 18:00:00,326.47
1004,117,2025-02-11 19:00:00,173.48
1005,124,2025-02-11 20:00:00,47.42
1006,399,2025-02-11 21:00:00,86.06
1007,793,2025-02-11 22:00:00,20.45
1008,804,2025-02-11 23:00:00,453.55
1009,715,2025-02-12 00:00:00,31.82
1010,51,2025-02-12 01:00:00,120.54
1011,783,2025-02-12 02:00:00,219.81
1012,324,2025-02-12 03:00:00,191.15
1013,789,2025-02-12 04:00:00,457.63
1014,141,2025-02-12 05:00:00,39.34
1015,470,2025-02-12 06:00:00,265.86
1016,787,2025-02-12 07:00:00,346.63
1017,802,2025-02-12 08:00:00,467.22
1018,334,2025-02-12 09:00:00,317.78
1019,893,2025-02-12 10:00:00,405.8
1020,964,2025-02-12 11:00:00,60.19
1021,373,2025-02-12 12:00:00,205.25
1022,564,2025-02-12 13:00:00,199.49
1023,494,2025-02-12 14:00:00,445.42
1024,539,2025-02-12 15:00:00,92.66
1025,669,2025-02-12 16:00:00,92.91
1026,751,2025-02-12 17:00:00,177.71
1027,156,2025-02-12 18:00:00,46.14
1028,291,2025-02-12 19:00:00,107.58
1029,648,2025-02-12 20:00:00,483.3
1030,144,2025-02-12 21:00:00,225.53
1031,106,2025-02-12 22:00:00,323.37
1032,420,2025-02-12 23:00:00,368.53
1033,670,2025-02-13 00:00:00,196.14
1034,658,2025-02-13 01:00:00,90.67
1035,2,2025-02-13 02:00:00,119.16
1036,945,2025-02-13 03:00:00,170.37
1037,589,2025-02-13 04:00:00,325.31
1038,644,2025-02-13 05:00:00,211.17
1039,90,2025-02-13 06:00:00,23.27
1040,345,2025-02-13 07:00:00,271.24
1041,350,2025-02-13 08:00:00,462.33
1042,459,2025-02-13 09:00:00,409.8
1043,263,2025-02-13 10:00:00,416.1
1044,351,2025-02-13 11:00:00,401.63
1045,108,2025-02-13 12:00:00,175.39
1046,586,2025-02-13 13:00:00,387.29
1047,39,2025-02-13 14:00:00,88.72
1048,909,2025-02-13 15:00:00,335.7
1049,159,2025-02-13 16:00:00,327.95
1050,583,2025-02-13 17:00:00,32.27
1051,959,2025-02-13 18:00:00,398.23
1052,312,2025-02-13 19:00:00,453.56
1053,241,2025-02-13 20:00:00,148.36
1054,938,2025-02-13 21:00:00,409.95
1055,445,2025-02-13 22:00:00,59.55
1056,298,2025-02-13 23:00:00,307.98
1057,952,2025-02-14 00:00:00,253.11
1058,36,2025-02-14 01:00:00,282.04
1059,84,2025-02-14 02:00:00,464.58
1060,452,2025-02-14 03:00:00,438.23
1061,886,2025-02-14 04:00:00,396.84
1062,775,2025-02-14 05:00:00,151.38
1063,822,2025-02-14 06:00:00,457.67
1064,385,2025-02-14 07:00:00,66.8
1065,172,2025-02-14 08:00:00,429.6
1066,376,2025-02-14 09:00:00,177.52
1067,685,2025-02-14 10:00:00,45.81
1068,362,2025-02-14 11:00:00,341.29
1069,559,2025-02-14 12:00:00,131.01
1070,891,2025-02-14 13:00:00,136.91
1071,141,2025-02-14 14:00:00,166.9
1072,887,2025-02-14 15:00:00,50.57
1073,918,2025-02-14 16:00:00,105.02
1074,118,2025-02-14 17:00:00,22.47
1075,277,2025-02-14 18:00:00,233.8
1076,726,2025-02-14 19:00:00,60.44
1077,220,2025-02-14 20:00:00,347.67
1078,905,2025-02-14 21:00:00,133.1
1079,26,2025-02-14 22:00:00,472.92
1080,521,2025-02-14 23:00:00,438.2
1081,783,2025-02-15 00:00:00,158.93
1082,10,2025-02-15 01:00:00,395.94
1083,984,2025-02-15 02:00:00,405.56
1084,378,2025-02-15 03:00:00,493.55
1085,633,2025-02-15 04:00:00,306.96
1086,637,2025-02-15 05:00:00,59.34
1087,682,2025-02-15 06:00:00,330.48
1088,584,2025-02-15 07:00:00,319.99
1089,152,2025-02-15 08:00:00,326.41
1090,720,2025-02-15 09:00:00,167.43
1091,49,2025-02-15 10:00:00,432.65
1092,154,2025-02-15 11:00:00,480.55
1093,859,2025-02-15 12:00:00,124.5
1094,293,2025-02-15 13:00:00,62.31
1095,580,2025-02-15 14:00:00,113.38
1096,50,2025-02-15 15:00:00,413.87
1097,664,2025-02-15 16:00:00,344.79
1098,531,2025-02-15 17:00:00,325.3
1099,612,2025-02-15 18:00:00,212.86
1100,60,2025-02-15 19:00:00,297.36
1101,167,2025-02-15 20:00:00,167.78
1102,202,2025-02-15 21:00:00,249.06
1103,857,2025-02-15 22:00:00,400.67
1104,146,2025-02-15 23:00:00,491.0
1105,915,2025-02-16 00:00:00,467.59
1106,676,2025-02-16 01:00:00,468.26
1107,970,2025-02-16 02:00:00,213.07
1108,993,2025-02-16 03:00:00,245.02
1109,439,2025-02-16 04:00:00,358.7
1110,242,2025-02-16 05:00:00,462.65
1111,581,2025-02-16 06:00:00,88.16
1112,687,2025-02-16 07:00:00,166.04
1113,561,2025-02-16 08:00:00,86.84
1114,483,2025-02-16 09:00:00,313.76
1115,108,2025-02-16 10:00:00,167.02
1116,226,2025-02-16 11:00:00,176.53
1117,673,2025-02-16 12:00:00,54.04
1118,631,2025-02-16 13:00:00,187.9
1119,661,2025-02-16 14:00:00,434.0
1120,977,2025-02-16 15:00:00,131.87
1121,662,2025-02-16 16:00:00,353.69
1122,432,2025-02-16 17:00:00,322.22
1123,805,2025-02-16 18:00:00,434.47
1124,655,2025-02-16 19:00:00,83.5
1125,419,2025-02-16 20:00:00,489.24
1126,988,2025-02-16 21:00:00,299.66
1127,455,2025-02-16 22:00:00,497.83
1128,160,2025-02-16 23:00:00,457.53
1129,523,2025-02-17 00:00:00,126.33
1130,650,2025-02-17 01:00:00,46.96
1131,969,2025-02-17 02:00:00,142.71
1132,590,2025-02-17 03:00:00,273.23
1133,77,2025-02-17 04:00:00,102.37
1134,509,2025-02-17 05:00:00,100.38
1135,441,2025-02-17 06:00:00,242.04
1136,254,2025-02-17 07:00:00,35.97
1137,921,2025-02-17 08:00:00,78.51
1138,770,2025-02-17 09:00:00,219.61
1139,320,2025-02-17 10:00:00,50.3
1140,803,2025-02-17 11:00:00,210.44
1141,263,2025-02-17 12:00:00,247.52
1142,597,2025-02-17 13:00:00,236.61
1143,658,2025-02-17 14:00:00,437.2
1144,835,2025-02-17 15:00:00,274.43
1145,554,2025-02-17 16:00:00,244.63
1146,374,2025-02-17 17:00:00,217.14
1147,637,2025-02-17 18:00:00,412.46
1148,167,2025-02-17 19:00:00,449.63
1149,937,2025-02-17 20:00:00,429.56
1150,753,2025-02-17 21:00:00,343.3
1151,459,2025-02-17 22:00:00,85.93
1152,999,2025-02-17 23:00:00,152.9
1153,280,2025-02-18 00:00:00,42.11
1154,700,2025-02-18 01:00:00,466.8
1155,302,2025-02-18 02:00:00,337.18
1156,531,2025-02-18 03:00:00,378.25
1157,580,2025-02-18 04:00:00,169.55
1158,218,2025-02-18 05:00:00,425.91
1159,102,2025-02-18 06:00:00,144.61
1160,554,2025-02-18 07:00:00,20.79
1161,288,2025-02-18 08:00:00,200.68
1162,167,2025-02-18 09:00:00,293.97
1163,621,2025-02-18 10:00:00,249.78
1164,36,2025-02-18 11:00:00,433.8
1165,744,2025-02-18 12:00:00,70.59
1166,741,2025-02-18 13:00:00,285.84
1167,353,2025-02-18 14:00:00,266.23
1168,676,2025-02-18 15:00:00,155.07
1169,899,2025-02-18 16:00:00,414.67
1170,73,2025-02-18 17:00:00,381.37
1171,648,2025-02-18 18:00:00,371.77
1172,353,2025-02-18 19:00:00,440.57
1173,891,2025-02-18 20:00:00,366.94
1174,70,2025-02-18 21:00:00,131.28
1175,425,2025-02-18 22:00:00,358.67
1176,999,2025-02-18 23:00:00,167.7
1177,708,2025-02-19 00:00:00,136.24
1178,781,2025-02-19 01:00:00,55.04
1179,561,2025-02-19 02:00:00,377.13
1180,828,2025-02-19 03:00:00,361.28
1181,642,2025-02-19 04:00:00,132.56
1182,956,2025-02-19 05:00:00,379.7
1183,517,2025-02-19 06:00:00,460.56
1184,428,2025-02-19 07:00:00,71.85
1185,539,2025-02-19 08:00:00,131.67
1186,160,2025-02-19 09:00:00,380.13
1187,149,2025-02-19 10:00:00,151.76
1188,776,2025-02-19 11:00:00,319.84
1189,230,2025-02-19 12:00:00,58.96
1190,712,2025-02-19 13:00:00,237.06
1191,562,2025-02-19 14:00:00,374.76
1192,67,2025-02-19 15:00:00,349.53
1193,812,2025-02-19 16:00:00,411.23
1194,381,2025-02-19 17:00:00,441.18
1195,58,2025-02-19 18:00:00,391.13
1196,259,2025-02-19 19:00:00,342.36
1197,342,2025-02-19 20:00:00,35.23
1198,838,2025-02-19 21:00:00,276.78
1199,130,2025-02-19 22:00:00,38.09
1200,727,2025-02-19 23:00:00,407.87
1201,172,2025-02-20 00:00:00,173.95
1202,770,2025-02-20 01:00:00,289.97
1203,614,2025-02-20 02:00:00,154.13
1204,209,2025-02-20 03:00:00,395.6
1205,803,2025-02-20 04:00:00,445.52
1206,354,2025-02-20 05:00:00,211.35
1207,471,2025-02-20 06:00:00,434.2
1208,798,2025-02-20 07:00:00,148.2
1209,116,2025-02-20 08:00:00,276.64
1210,264,2025-02-20 09:00:00,432.21
1211,662,2025-02-20 10:00:00,176.42
1212,812,2025-02-20 11:00:00,477.94
1213,442,2025-02-20 12:00:00,78.5
1214,548,2025-02-20 13:00:00,28.77
1215,453,2025-02-20 14:00:00,453.98
1216,845,2025-02-20 15:00:00,52.95
1217,477,2025-02-20 16:00:00,496.11
1218,287,2025-02-20 17:00:00,476.67
1219,303,2025-02-20 18:00:00,85.77
1220,311,2025-02-20 19:00:00,278.04
1221,208,2025-02-20 20:00:00,108.76
1222,618,2025-02-20 21:00:00,225.51
1223,446,2025-02-20 22:00:00,49.48
1224,670,2025-02-20 23:00:00,127.48
1225,633,2025-02-21 00:00:00,194.37
1226,55,2025-02-21 01:00:00,230.55
1227,912,2025-02-21 02:00:00,489.2
1228,12,2025-02-21 03:00:00,407.78
1229,657,2025-02-21 04:00:00,373.96
1230,400,2025-02-21 05:00:00,277.78
1231,908,2025-02-21 06:00:00,423.2
1232,648,2025-02-21 07:00:00,182.87
1233,980,2025-02-21 08:00:00,360.27
1234,515,2025-02-21 09:00:00,497.02
1235,656,2025-02-21 10:00:00,171.02
1236,542,2025-02-21 11:00:00,343.53
1237,237,2025-02-21 12:00:00,425.27
1238,279,2025-02-21 13:00:00,459.59
1239,348,2025-02-21 14:00:00,364.61
1240,627,2025-02-21 15:00:00,156.13
1241,104,2025-02-21 16:00:00,176.62
1242,630,2025-02-21 17:00:00,29.96
1243,517,2025-02-21 18:00:00,385.23
1244,980,2025-02-21 19:00:00,40.52
1245,872,2025-02-21 20:00:00,435.03
1246,248,2025-02-21 21:00:00,76.96
1247,364,2025-02-21 22:00:00,102.5
1248,321,2025-02-21 23:00:00,248.73
1249,633,2025-02-22 00:00:00,374.18
1250,286,2025-02-22 01:00:00,86.72
1251,149,2025-02-22 02:00:00,231.23
1252,84,2025-02-22 03:00:00,251.77
1253,966,2025-02-22 04:00:00,121.9
1254,406,2025-02-22 05:00:00,75.47
1255,978,2025-02-22 06:00:00,421.48
1256,456,2025-02-22 07:00:00,261.18
1257,743,2025-02-22 08:00:00,26.9
1258,800,2025-02-22 09:00:00,405.43
1259,161,2025-02-22 10:00:00,490.78
1260,784,2025-02-22 11:00:00,310.84
1261,460,2025-02-22 12:00:00,261.78
1262,550,2025-02-22 13:00:00,441.64
1263,500,2025-02-22 14:00:00,477.21
1264,738,2025-02-22 15:00:00,382.18
1265,509,2025-02-22 16:00:00,233.82
1266,654,2025-02-22 17:00:00,304.27
1267,804,2025-02-22 18:00:00,356.45
1268,481,2025-02-22 19:00:00,113.25
1269,663,2025-02-22 20:00:00,234.66
1270,114,2025-02-22 21:00:00,418.31
1271,749,2025-02-22 22:00:00,334.27
1272,578,2025-02-22 23:00:00,217.38
1273,361,2025-02-23 00:00:00,338.41
1274,341,2025-02-23 01:00:00,76.75
1275,770,2025-02-23 02:00:00,212.72
1276,987,2025-02-23 03:00:00,400.7
1277,761,2025-02-23 04:00:00,125.84
1278,969,2025-02-23 05:00:00,109.26
1279,449,2025-02-23 06:00:00,476.39
1280,843,2025-02-23 07:00:00,120.75
1281,835,2025-02-23 08:00:00,145.24
1282,180,2025-02-23 09:00:00,485.42
1283,702,2025-02-23 10:00:00,372.66
1284,407,2025-02-23 11:00:00,355.81
1285,666,2025-02-23 12:00:00,429.4
1286,196,2025-02-23 13:00:00,75.6
1287,466,2025-02-23 14:00:00,358.86
1288,311,2025-02-23 15:00:00,261.77
1289,262,2025-02-23 16:00:00,417.99
1290,419,2025-02-23 17:00:00,263.91
1291,406,2025-02-23 18:00:00,317.72
1292,939,2025-02-23 19:00:00,249.32
1293,143,2025-02-23 20:00:00,249.52
1294,342,2025-02-23 21:00:00,388.63
1295,316,2025-02-23 22:00:00,321.71
1296,101,2025-02-23 23:00:00,323.97
1297,244,2025-02-24 00:00:00,236.14
1298,490,2025-02-24 01:00:00,274.93
1299,12,2025-02-24 02:00:00,377.94
1300,239,2025-02-24 03:00:00,416.45
1301,561,2025-02-24 04:00:00,354.35
1302,42,2025-02-24 05:00:00,463.56
1303,678,2025-02-24 06:00:00,413.76
1304,594,2025-02-24 07:00:00,289.69
1305,429,2025-02-24 08:00:00,342.27
1306,803,2025-02-24 09:00:00,464.63
1307,158,2025-02-24 10:00:00,317.2
1308,216,2025-02-24 11:00:00,415.91
1309,670,2025-02-24 12:00:00,350.63
1310,462,2025-02-24 13:00:00,284.93
1311,134,2025-02-24 14:00:00,136.08
1312,67,2025-02-24 15:00:00,224.48
1313,848,2025-02-24 16:00:00,484.52
1314,7,2025-02-24 17:00:00,335.73
1315,948,2025-02-24 18:00:00,290.91
1316,526,2025-02-24 19:00:00,467.82
1317,73,2025-02-24 20:00:00,301.53
1318,399,2025-02-24 21:00:00,272.52
1319,405,2025-02-24 22:00:00,384.47
1320,675,2025-02-24 23:00:00,362.08
1321,578,2025-02-25 00:00:00,112.72
1322,859,2025-02-25 01:00:00,246.23
1323,130,2025-02-25 02:00:00,246.81
1324,931,2025-02-25 03:00:00,201.55
1325,466,2025-02-25 04:00:00,268.3
1326,206,2025-02-25 05:00:00,218.29
1327,788,2025-02-25 06:00:00,115.69
1328,978,2025-02-25 07:00:00,217.94
1329,768,2025-02-25 08:00:00,54.69
1330,266,2025-02-25 09:00:00,296.38
1331,537,2025-02-25 10:00:00,429.75
1332,962,2025-02-25 11:00:00,368.14
1333,793,2025-02-25 12:00:00,192.99
1334,253,2025-02-25 13:00:00,61.79
1335,822,2025-02-25 14:00:00,117.03
1336,289,2025-02-25 15:00:00,281.84
1337,164,2025-02-25 16:00:00,119.39
1338,95,2025-02-25 17:00:00,281.11
1339,782,2025-02-25 18:00:00,131.17
1340,833,2025-02-25 19:00:00,427.48
1341,110,2025-02-25 20:00:00,210.69
1342,336,2025-02-25 21:00:00,137.86
1343,822,2025-02-25 22:00:00,409.92
1344,238,2025-02-25 23:00:00,184.56
1345,381,2025-02-26 00:00:00,73.51
1346,436,2025-02-26 01:00:00,293.8
1347,899,2025-02-26 02:00:00,299.15
1348,483,2025-02-26 03:00:00,363.05
1349,937,2025-02-26 04:00:00,135.31
1350,902,2025-02-26 05:00:00,233.01
1351,25,2025-02-26 06:00:00,155.54
1352,653,2025-02-26 07:00:00,58.86
1353,117,2025-02-26 08:00:00,440.77
1354,482,2025-02-26 09:00:00,369.86
1355,392,2025-02-26 10:00:00,164.7
1356,917,2025-02-26 11:00:00,307.7
1357,994,2025-02-26 12:00:00,116.61
1358,964,2025-02-26 13:00:00,447.31
1359,537,2025-02-26 14:00:00,75.16
1360,79,2025-02-26 15:00:00,21.84
1361,580,2025-02-26 16:00:00,260.96
1362,173,2025-02-26 17:00:00,299.9
1363,956,2025-02-26 18:00:00,297.9
1364,12,2025-02-26 19:00:00,46.17
1365,800,2025-02-26 20:00:00,170.74
1366,128,2025-02-26 21:00:00,259.62
1367,608,2025-02-26 22:00:00,123.96
1368,92,2025-02-26 23:00:00,438.86
1369,653,2025-02-27 00:00:00,61.81
1370,543,2025-02-27 01:00:00,253.94
1371,846,2025-02-27 02:00:00,351.88
1372,532,2025-02-27 03:00:00,145.64
1373,658,2025-02-27 04:00:00,319.64
1374,989,2025-02-27 05:00:00,418.1
1375,828,2025-02-27 06:00:00,111.36
1376,447,2025-02-27 07:00:00,460.27
1377,390,2025-02-27 08:00:00,285.71
1378,672,2025-02-27 09:00:00,163.63
1379,861,2025-02-27 10:00:00,226.81
1380,43,2025-02-27 11:00:00,169.85
1381,254,2025-02-27 12:00:00,368.05
1382,130,2025-02-27 13:00:00,402.22
1383,60,2025-02-27 14:00:00,419.81
1384,663,2025-02-27 15:00:00,493.17
1385,467,2025-02-27 16:00:00,399.82
1386,287,2025-02-27 17:00:00,308.66
1387,517,2025-02-27 18:00:00,182.83
1388,467,2025-02-27 19:00:00,281.41
1389,930,2025-02-27 20:00:00,39.71
1390,778,2025-02-27 21:00:00,377.52
1391,345,2025-02-27 22:00:00,234.06
1392,642,2025-02-27 23:00:00,29.61
1393,382,2025-02-28 00:00:00,50.0
1394,779,2025-02-28 01:00:00,205.98
1395,690,2025-02-28 02:00:00,300.04
1396,253,2025-02-28 03:00:00,242.82
1397,927,2025-02-28 04:00:00,317.22
1398,56,2025-02-28 05:00:00,250.54
1399,463,2025-02-28 06:00:00,337.62
1400,457,2025-02-28 07:00:00,125.18
1401,983,2025-02-28 08:00:00,74.16
1402,83,2025-02-28 09:00:00,306.29
1403,905,2025-02-28 10:00:00,252.65
1404,99,2025-02-28 11:00:00,32.9
1405,149,2025-02-28 12:00:00,202.63
1406,329,2025-02-28 13:00:00,70.94
1407,156,2025-02-28 14:00:00,275.05
1408,190,2025-02-28 15:00:00,209.97
1409,494,2025-02-28 16:00:00,314.31
1410,883,2025-02-28 17:00:00,406.69
1411,263,2025-02-28 18:00:00,163.84
1412,80,2025-02-28 19:00:00,481.81
1413,400,2025-02-28 20:00:00,277.1
1414,764,2025-02-28 21:00:00,316.78
1415,609,2025-02-28 22:00:00,346.72
1416,260,2025-02-28 23:00:00,340.03
1417,772,2025-03-01 00:00:00,265.27
1418,615,2025-03-01 01:00:00,225.81
1419,552,2025-03-01 02:00:00,45.82
1420,785,2025-03-01 03:00:00,30.6
1421,101,2025-03-01 04:00:00,191.82
1422,359,2025-03-01 05:00:00,180.16
1423,380,2025-03-01 06:00:00,206.09
1424,820,2025-03-01 07:00:00,86.42
1425,221,2025-03-01 08:00:00,374.32
1426,820,2025-03-01 09:00:00,431.34
1427,420,2025-03-01 10:00:00,470.58
1428,124,2025-03-01 11:00:00,256.33
1429,422,2025-03-01 12:00:00,356.42
1430,231,2025-03-01 13:00:00,430.66
1431,690,2025-03-01 14:00:00,220.78
1432,63,2025-03-01 15:00:00,168.52
1433,485,2025-03-01 16:00:00,469.63
1434,628,2025-03-01 17:00:00,267.52
1435,703,2025-03-01 18:00:00,258.68
1436,574,2025-03-01 19:00:00,105.64
1437,768,2025-03-01 20:00:00,71.91
1438,483,2025-03-01 21:00:00,424.21
1439,519,2025-03-01 22:00:00,314.78
1440,155,2025-03-01 23:00:00,176.4
1441,92,2025-03-02 00:00:00,112.03
1442,982,2025-03-02 01:00:00,286.64
1443,526,2025-03-02 02:00:00,300.28
1444,455,2025-03-02 03:00:00,119.36
1445,741,2025-03-02 04:00:00,428.67
1446,598,2025-03-02 05:00:00,60.45
1447,645,2025-03-02 06:00:00,190.92
1448,510,2025-03-02 07:00:00,346.58
1449,183,2025-03-02 08:00:00,151.58
1450,386,2025-03-02 09:00:00,417.28
1451,574,2025-03-02 10:00:00,375.14
1452,731,2025-03-02 11:00:00,398.73
1453,405,2025-03-02 12:00:00,77.17
1454,246,2025-03-02 13:00:00,87.46
1455,742,2025-03-02 14:00:00,157.51
1456,591,2025-03-02 15:00:00,268.68
1457,661,2025-03-02 16:00:00,379.05
1458,650,2025-03-02 17:00:00,421.53
1459,471,2025-03-02 18:00:00,358.08
1460,826,2025-03-02 19:00:00,465.73
1461,888,2025-03-02 20:00:00,374.6
1462,423,2025-03-02 21:00:00,167.01
1463,901,2025-03-02 22:00:00,147.24
1464,65,2025-03-02 23:00:00,354.17
1465,13,2025-03-03 00:00:00,112.58
1466,213,2025-03-03 01:00:00,64.5
1467,986,2025-03-03 02:00:00,275.47
1468,242,2025-03-03 03:00:00,414.39
1469,493,2025-03-03 04:00:00,68.66
1470,213,2025-03-03 05:00:00,400.11
1471,693,2025-03-03 06:00:00,409.55
1472,338,2025-03-03 07:00:00,251.49
1473,997,2025-03-03 08:00:00,47.51
1474,173,2025-03-03 09:00:00,103.8
1475,672,2025-03-03 10:00:00,359.56
1476,164,2025-03-03 11:00:00,361.65
1477,465,2025-03-03 12:00:00,451.21
1478,995,2025-03-03 13:00:00,299.69
1479,497,2025-03-03 14:00:00,79.57
1480,700,2025-03-03 15:00:00,78.28
1481,395,2025-03-03 16:00:00,366.14
1482,703,2025-03-03 17:00:00,108.22
1483,917,2025-03-03 18:00:00,177.63
1484,308,2025-03-03 19:00:00,253.86
1485,768,2025-03-03 20:00:00,31.89
1486,183,2025-03-03 21:00:00,139.43
1487,629,2025-03-03 22:00:00,215.79
1488,794,2025-03-03 23:00:00,154.23
1489,510,2025-03-04 00:00:00,85.46
1490,708,2025-03-04 01:00:00,369.45
1491,546,2025-03-04 02:00:00,410.31
1492,564,2025-03-04 03:00:00,143.59
1493,624,2025-03-04 04:00:00,391.72
1494,764,2025-03-04 05:00:00,205.07
1495,594,2025-03-04 06:00:00,263.21
1496,744,2025-03-04 07:00:00,430.88
1497,227,2025-03-04 08:00:00,379.98
1498,745,2025-03-04 09:00:00,406.46
1499,733,2025-03-04 10:00:00,85.69
1500,436,2025-03-04 11:00:00,53.47
1501,925,2025-03-04 12:00:00,448.83
1502,422,2025-03-04 13:00:00,206.16
1503,554,2025-03-04 14:00:00,158.18
1504,21,2025-03-04 15:00:00,367.85
1505,554,2025-03-04 16:00:00,421.48
1506,397,2025-03-04 17:00:00,434.0
1507,625,2025-03-04 18:00:00,171.68
1508,105,2025-03-04 19:00:00,429.06
1509,192,2025-03-04 20:00:00,39.65
1510,17,2025-03-04 21:00:00,43.84
1511,120,2025-03-04 22:00:00,319.29
1512,393,2025-03-04 23:00:00,50.29
1513,425,2025-03-05 00:00:00,175.81
1514,129,2025-03-05 01:00:00,342.92
1515,130,2025-03-05 02:00:00,181.89
1516,572,2025-03-05 03:00:00,106.21
1517,560,2025-03-05 04:00:00,155.05
1518,29,2025-03-05 05:00:00,239.64
1519,97,2025-03-05 06:00:00,248.19
1520,10,2025-03-05 07:00:00,395.84
1521,242,2025-03-05 08:00:00,380.07
1522,826,2025-03-05 09:00:00,239.27
1523,956,2025-03-05 10:00:00,425.92
1524,232,2025-03-05 11:00:00,74.83
1525,789,2025-03-05 12:00:00,142.57
1526,284,2025-03-05 13:00:00,417.43
1527,715,2025-03-05 14:00:00,201.44
1528,759,2025-03-05 15:00:00,490.97
1529,802,2025-03-05 16:00:00,243.8
1530,776,2025-03-05 17:00:00,400.13
1531,955,2025-03-05 18:00:00,213.11
1532,726,2025-03-05 19:00:00,223.98
1533,200,2025-03-05 20:00:00,203.78
1534,945,2025-03-05 21:00:00,365.16
1535,79,2025-03-05 22:00:00,282.81
1536,913,2025-03-05 23:00:00,473.01
1537,956,2025-03-06 00:00:00,140.43
1538,855,2025-03-06 01:00:00,68.27
1539,856,2025-03-06 02:00:00,208.77
1540,173,2025-03-06 03:00:00,316.02
1541,467,2025-03-06 04:00:00,433.18
1542,581,2025-03-06 05:00:00,186.17
1543,416,2025-03-06 06:00:00,333.82
1544,940,2025-03-06 07:00:00,188.1
1545,449,2025-03-06 08:00:00,316.27
1546,87,2025-03-06 09:00:00,444.71
1547,101,2025-03-06 10:00:00,131.05
1548,8,2025-03-06 11:00:00,214.04
1549,845,2025-03-06 12:00:00,496.77
1550,200,2025-03-06 13:00:00,436.91
1551,505,2025-03-06 14:00:00,291.03
1552,87,2025-03-06 15:00:00,267.98
1553,43,2025-03-06 16:00:00,156.61
1554,385,2025-03-06 17:00:00,268.26
1555,621,2025-03-06 18:00:00,427.13
1556,435,2025-03-06 19:00:00,348.88
1557,408,2025-03-06 20:00:00,159.22
1558,483,2025-03-06 21:00:00,116.7
1559,664,2025-03-06 22:00:00,147.3
1560,17,2025-03-06 23:00:00,101.48
1561,645,2025-03-07 00:00:00,65.91
1562,148,2025-03-07 01:00:00,221.19
1563,277,2025-03-07 02:00:00,74.38
1564,232,2025-03-07 03:00:00,102.52
1565,826,2025-03-07 04:00:00,282.72
1566,927,2025-03-07 05:00:00,99.01
1567,366,2025-03-07 06:00:00,50.66
1568,228,2025-03-07 07:00:00,172.35
1569,651,2025-03-07 08:00:00,125.75
1570,436,2025-03-07 09:00:00,267.35
1571,399,2025-03-07 10:00:00,69.14
1572,211,2025-03-07 11:00:00,380.85
1573,391,2025-03-07 12:00:00,454.99
1574,499,2025-03-07 13:00:00,376.85
1575,540,2025-03-07 14:00:00,275.76
1576,563,2025-03-07 15:00:00,433.12
1577,491,2025-03-07 16:00:00,353.56
1578,442,2025-03-07 17:00:00,25.06
1579,261,2025-03-07 18:00:00,209.16
1580,773,2025-03-07 19:00:00,428.46
1581,350,2025-03-07 20:00:00,186.01
1582,352,2025-03-07 21:00:00,36.9
1583,520,2025-03-07 22:00:00,378.17
1584,320,2025-03-07 23:00:00,404.98
1585,138,2025-03-08 00:00:00,97.08
1586,550,2025-03-08 01:00:00,277.92
1587,623,2025-03-08 02:00:00,112.14
1588,992,2025-03-08 03:00:00,365.23
1589,368,2025-03-08 04:00:00,150.34
1590,220,2025-03-08 05:00:00,171.78
1591,337,2025-03-08 06:00:00,425.59
1592,223,2025-03-08 07:00:00,248.63
1593,648,2025-03-08 08:00:00,341.48
1594,768,2025-03-08 09:00:00,213.14
1595,360,2025-03-08 10:00:00,163.04
1596,921,2025-03-08 11:00:00,320.23
1597,329,2025-03-08 12:00:00,94.33
1598,962,2025-03-08 13:00:00,199.04
1599,463,2025-03-08 14:00:00,120.34
1600,946,2025-03-08 15:00:00,353.98
1601,963,2025-03-08 16:00:00,473.22
1602,561,2025-03-08 17:00:00,497.85
1603,804,2025-03-08 18:00:00,236.13
1604,382,2025-03-08 19:00:00,141.21
1605,836,2025-03-08 20:00:00,232.56
1606,590,2025-03-08 21:00:00,426.69
1607,617,2025-03-08 22:00:00,118.88
1608,169,2025-03-08 23:00:00,477.01
1609,217,2025-03-09 00:00:00,184.1
1610,378,2025-03-09 01:00:00,493.19
1611,119,2025-03-09 02:00:00,422.53
1612,190,2025-03-09 03:00:00,408.11
1613,767,2025-03-09 04:00:00,172.59
1614,370,2025-03-09 05:00:00,24.21
1615,778,2025-03-09 06:00:00,203.42
1616,149,2025-03-09 07:00:00,164.87
1617,676,2025-03-09 08:00:00,37.95
1618,652,2025-03-09 09:00:00,262.58
1619,859,2025-03-09 10:00:00,213.46
1620,488,2025-03-09 11:00:00,324.59
1621,770,2025-03-09 12:00:00,318.17
1622,374,2025-03-09 13:00:00,77.96
1623,781,2025-03-09 14:00:00,488.94
1624,693,2025-03-09 15:00:00,109.73
1625,160,2025-03-09 16:00:00,233.73
1626,351,2025-03-09 17:00:00,254.3
1627,912,2025-03-09 18:00:00,410.27
1628,288,2025-03-09 19:00:00,67.63
1629,288,2025-03-09 20:00:00,225.75
1630,892,2025-03-09 21:00:00,321.68
1631,226,2025-03-09 22:00:00,123.27
1632,523,2025-03-09 23:00:00,321.18
1633,522,2025-03-10 00:00:00,463.36
1634,783,2025-03-10 01:00:00,498.81
1635,273,2025-03-10 02:00:00,35.58
1636,936,2025-03-10 03:00:00,133.08
1637,402,2025-03-10 04:00:00,168.95
1638,183,2025-03-10 05:00:00,211.58
1639,969,2025-03-10 06:00:00,136.28
1640,665,2025-03-10 07:00:00,117.67
1641,488,2025-03-10 08:00:00,478.19
1642,827,2025-03-10 09:00:00,460.89
1643,846,2025-03-10 10:00:00,42.56
1644,124,2025-03-10 11:00:00,182.63
1645,985,2025-03-10 12:00:00,214.47
1646,626,2025-03-10 13:00:00,134.73
1647,790,2025-03-10 14:00:00,321.86
1648,414,2025-03-10 15:00:00,327.38
1649,980,2025-03-10 16:00:00,428.24
1650,725,2025-03-10 17:00:00,375.62
1651,172,2025-03-10 18:00:00,280.44
1652,288,2025-03-10 19:00:00,333.72
1653,435,2025-03-10 20:00:00,151.51
1654,686,2025-03-10 21:00:00,304.67
1655,113,2025-03-10 22:00:00,254.83
1656,888,2025-03-10 23:00:00,84.01
1657,917,2025-03-11 00:00:00,136.42
1658,995,2025-03-11 01:00:00,160.01
1659,122,2025-03-11 02:00:00,463.67
1660,544,2025-03-11 03:00:00,130.59
1661,222,2025-03-11 04:00:00,158.84
1662,631,2025-03-11 05:00:00,197.29
1663,39,2025-03-11 06:00:00,338.6
1664,497,2025-03-11 07:00:00,76.75
1665,780,2025-03-11 08:00:00,477.89
1666,233,2025-03-11 09:00:00,435.47
1667,943,2025-03-11 10:00:00,297.06
1668,530,2025-03-11 11:00:00,343.54
1669,149,2025-03-11 12:00:00,28.0
1670,397,2025-03-11 13:00:00,182.69
1671,661,2025-03-11 14:00:00,401.92
1672,638,2025-03-11 15:00:00,57.19
1673,904,2025-03-11 16:00:00,155.51
1674,302,2025-03-11 17:00:00,300.94
1675,360,2025-03-11 18:00:00,143.08
1676,238,2025-03-11 19:00:00,468.31
1677,647,2025-03-11 20:00:00,82.91
1678,663,2025-03-11 21:00:00,402.75
1679,236,2025-03-11 22:00:00,263.82
1680,736,2025-03-11 23:00:00,380.16
1681,203,2025-03-12 00:00:00,169.14
1682,256,2025-03-12 01:00:00,266.96
1683,598,2025-03-12 02:00:00,431.28
1684,662,2025-03-12 03:00:00,244.1
1685,235,2025-03-12 04:00:00,192.67
1686,345,2025-03-12 05:00:00,277.35
1687,534,2025-03-12 06:00:00,364.33
1688,860,2025-03-12 07:00:00,232.91
1689,797,2025-03-12 08:00:00,470.66
1690,781,2025-03-12 09:00:00,161.57
1691,466,2025-03-12 10:00:00,248.22
1692,770,2025-03-12 11:00:00,383.33
1693,541,2025-03-12 12:00:00,350.78
1694,213,2025-03-12 13:00:00,434.55
1695,463,2025-03-12 14:00:00,498.47
1696,436,2025-03-12 15:00:00,224.89
1697,283,2025-03-12 16:00:00,73.35
1698,562,2025-03-12 17:00:00,34.6
1699,607,2025-03-12 18:00:00,368.9
1700,463,2025-03-12 19:00:00,439.53
1701,407,2025-03-12 20:00:00,125.94
1702,88,2025-03-12 21:00:00,96.06
1703,44,2025-03-12 22:00:00,49.86
1704,461,2025-03-12 23:00:00,414.9
1705,278,2025-03-13 00:00:00,169.46
1706,683,2025-03-13 01:00:00,212.81
1707,421,2025-03-13 02:00:00,261.32
1708,701,2025-03-13 03:00:00,422.94
1709,353,2025-03-13 04:00:00,332.4
1710,696,2025-03-13 05:00:00,315.23
1711,515,2025-03-13 06:00:00,104.32
1712,703,2025-03-13 07:00:00,266.33
1713,630,2025-03-13 08:00:00,363.38
1714,19,2025-03-13 09:00:00,487.17
1715,23,2025-03-13 10:00:00,116.68
1716,413,2025-03-13 11:00:00,24.58
1717,30,2025-03-13 12:00:00,56.14
1718,807,2025-03-13 13:00:00,200.41
1719,108,2025-03-13 14:00:00,413.86
1720,367,2025-03-13 15:00:00,23.43
1721,281,2025-03-13 16:00:00,239.23
1722,128,2025-03-13 17:00:00,178.03
1723,229,2025-03-13 18:00:00,45.19
1724,111,2025-03-13 19:00:00,236.11
1725,136,2025-03-13 20:00:00,142.28
1726,362,2025-03-13 21:00:00,188.9
1727,186,2025-03-13 22:00:00,358.7
1728,656,2025-03-13 23:00:00,270.34
1729,584,2025-03-14 00:00:00,79.83
1730,129,2025-03-14 01:00:00,481.48
1731,876,2025-03-14 02:00:00,325.24
1732,261,2025-03-14 03:00:00,387.62
1733,515,2025-03-14 04:00:00,58.02
1734,449,2025-03-14 05:00:00,42.59
1735,900,2025-03-14 06:00:00,29.34
1736,104,2025-03-14 07:00:00,110.62
1737,483,2025-03-14 08:00:00,218.92
1738,224,2025-03-14 09:00:00,469.2
1739,832,2025-03-14 10:00:00,239.39
1740,874,2025-03-14 11:00:00,159.32
1741,866,2025-03-14 12:00:00,289.73
1742,491,2025-03-14 13:00:00,73.73
1743,473,2025-03-14 14:00:00,312.56
1744,10,2025-03-14 15:00:00,292.85
1745,405,2025-03-14 16:00:00,400.16
1746,896,2025-03-14 17:00:00,493.61
1747,302,2025-03-14 18:00:00,140.42
1748,231,2025-03-14 19:00:00,264.64
1749,731,2025-03-14 20:00:00,456.26
1750,923,2025-03-14 21:00:00,396.89
1751,66,2025-03-14 22:00:00,253.96
1752,937,2025-03-14 23:00:00,473.78
1753,112,2025-03-15 00:00:00,47.47
1754,13,2025-03-15 01:00:00,466.88
1755,393,2025-03-15 02:00:00,44.24
1756,500,2025-03-15 03:00:00,282.71
1757,932,2025-03-15 04:00:00,447.41
1758,598,2025-03-15 05:00:00,146.11
1759,234,2025-03-15 06:00:00,246.68
1760,602,2025-03-15 07:00:00,175.68
1761,314,2025-03-15 08:00:00,477.03
1762,566,2025-03-15 09:00:00,415.35
1763,12,2025-03-15 10:00:00,360.32
1764,209,2025-03-15 11:00:00,302.06
1765,974,2025-03-15 12:00:00,413.88
1766,14,2025-03-15 13:00:00,208.29
1767,633,2025-03-15 14:00:00,234.82
1768,418,2025-03-15 15:00:00,370.4
1769,437,2025-03-15 16:00:00,191.72
1770,377,2025-03-15 17:00:00,50.67
1771,20,2025-03-15 18:00:00,55.68
1772,587,2025-03-15 19:00:00,75.37
1773,912,2025-03-15 20:00:00,437.45
1774,755,2025-03-15 21:00:00,246.67
1775,735,2025-03-15 22:00:00,362.18
1776,70,2025-03-15 23:00:00,208.6
1777,824,2025-03-16 00:00:00,144.18
1778,211,2025-03-16 01:00:00,186.65
1779,101,2025-03-16 02:00:00,401.21
1780,698,2025-03-16 03:00:00,320.1
1781,132,2025-03-16 04:00:00,470.07
1782,623,2025-03-16 05:00:00,346.26
1783,381,2025-03-16 06:00:00,293.69
1784,132,2025-03-16 07:00:00,312.89
1785,20,2025-03-16 08:00:00,472.34
1786,906,2025-03-16 09:00:00,398.34
1787,536,2025-03-16 10:00:00,31.54
1788,227,2025-03-16 11:00:00,276.39
1789,154,2025-03-16 12:00:00,350.4
1790,805,2025-03-16 13:00:00,379.38
1791,742,2025-03-16 14:00:00,122.31
1792,469,2025-03-16 15:00:00,436.25
1793,822,2025-03-16 16:00:00,478.8
1794,1000,2025-03-16 17:00:00,133.62
1795,871,2025-03-16 18:00:00,443.66
1796,405,2025-03-16 19:00:00,66.55
1797,202,2025-03-16 20:00:00,46.74
1798,38,2025-03-16 21:00:00,82.03
1799,942,2025-03-16 22:00:00,47.72
1800,772,2025-03-16 23:00:00,425.61
1801,188,2025-03-17 00:00:00,48.34
1802,57,2025-03-17 01:00:00,150.4
1803,941,2025-03-17 02:00:00,69.8
1804,20,2025-03-17 03:00:00,161.8
1805,273,2025-03-17 04:00:00,63.47
1806,119,2025-03-17 05:00:00,340.64
1807,583,2025-03-17 06:00:00,84.0
1808,516,2025-03-17 07:00:00,428.89
1809,221,2025-03-17 08:00:00,412.25
1810,526,2025-03-17 09:00:00,26.56
1811,515,2025-03-17 10:00:00,449.95
1812,728,2025-03-17 11:00:00,33.89
1813,741,2025-03-17 12:00:00,135.03
1814,336,2025-03-17 13:00:00,35.55
1815,698,2025-03-17 14:00:00,181.2
1816,55,2025-03-17 15:00:00,266.66
1817,500,2025-03-17 16:00:00,402.39
1818,900,2025-03-17 17:00:00,182.23
1819,888,2025-03-17 18:00:00,358.64
1820,766,2025-03-17 19:00:00,110.0
1821,536,2025-03-17 20:00:00,380.29
1822,162,2025-03-17 21:00:00,133.28
1823,670,2025-03-17 22:00:00,88.9
1824,594,2025-03-17 23:00:00,109.0
1825,915,2025-03-18 00:00:00,107.39
1826,159,2025-03-18 01:00:00,266.17
1827,188,2025-03-18 02:00:00,425.5
1828,60,2025-03-18 03:00:00,58.21
1829,915,2025-03-18 04:00:00,359.34
1830,817,2025-03-18 05:00:00,334.09
1831,319,2025-03-18 06:00:00,438.81
1832,878,2025-03-18 07:00:00,137.19
1833,211,2025-03-18 08:00:00,236.05
1834,406,2025-03-18 09:00:00,464.4
1835,664,2025-03-18 10:00:00,336.8
1836,109,2025-03-18 11:00:00,206.61
1837,76,2025-03-18 12:00:00,83.08
1838,542,2025-03-18 13:00:00,145.99
1839,314,2025-03-18 14:00:00,298.98
1840,998,2025-03-18 15:00:00,364.72
1841,117,2025-03-18 16:00:00,79.72
1842,927,2025-03-18 17:00:00,307.81
1843,868,2025-03-18 18:00:00,284.17
1844,704,2025-03-18 19:00:00,266.7
1845,19,2025-03-18 20:00:00,351.26
1846,432,2025-03-18 21:00:00,421.98
1847,685,2025-03-18 22:00:00,175.04
1848,740,2025-03-18 23:00:00,446.73
1849,350,2025-03-19 00:00:00,97.1
1850,183,2025-03-19 01:00:00,103.05
1851,113,2025-03-19 02:00:00,148.05
1852,183,2025-03-19 03:00:00,77.37
1853,481,2025-03-19 04:00:00,130.55
1854,146,2025-03-19 05:00:00,71.08
1855,831,2025-03-19 06:00:00,414.44
1856,628,2025-03-19 07:00:00,86.71
1857,113,2025-03-19 08:00:00,378.7
1858,763,2025-03-19 09:00:00,43.0
1859,476,2025-03-19 10:00:00,475.29
1860,763,2025-03-19 11:00:00,361.36
1861,303,2025-03-19 12:00:00,23.26
1862,971,2025-03-19 13:00:00,386.65
1863,825,2025-03-19 14:00:00,266.76
1864,118,2025-03-19 15:00:00,394.1
1865,813,2025-03-19 16:00:00,270.8
1866,161,2025-03-19 17:00:00,327.69
1867,401,2025-03-19 18:00:00,397.44
1868,198,2025-03-19 19:00:00,214.45
1869,260,2025-03-19 20:00:00,21.3
1870,660,2025-03-19 21:00:00,427.97
1871,752,2025-03-19 22:00:00,202.83
1872,47,2025-03-19 23:00:00,258.1
1873,987,2025-03-20 00:00:00,23.73
1874,399,2025-03-20 01:00:00,256.2
1875,710,2025-03-20 02:00:00,493.51
1876,559,2025-03-20 03:00:00,153.57
1877,78,2025-03-20 04:00:00,209.8
1878,124,2025-03-20 05:00:00,349.85
1879,75,2025-03-20 06:00:00,411.1
1880,871,2025-03-20 07:00:00,220.35
1881,137,2025-03-20 08:00:00,168.64
1882,602,2025-03-20 09:00:00,470.16
1883,400,2025-03-20 10:00:00,345.03
1884,837,2025-03-20 11:00:00,77.13
1885,505,2025-03-20 12:00:00,53.09
1886,500,2025-03-20 13:00:00,252.1
1887,573,2025-03-20 14:00:00,125.64
1888,138,2025-03-20 15:00:00,141.91
1889,50,2025-03-20 16:00:00,441.29
1890,771,2025-03-20 17:00:00,62.99
1891,973,2025-03-20 18:00:00,363.37
1892,619,2025-03-20 19:00:00,150.15
1893,625,2025-03-20 20:00:00,384.96
1894,862,2025-03-20 21:00:00,366.76
1895,254,2025-03-20 22:00:00,23.55
1896,630,2025-03-20 23:00:00,264.38
1897,710,2025-03-21 00:00:00,86.87
1898,849,2025-03-21 01:00:00,435.79
1899,877,2025-03-21 02:00:00,438.36
1900,563,2025-03-21 03:00:00,220.81
1901,757,2025-03-21 04:00:00,233.31
1902,915,2025-03-21 05:00:00,165.58
1903,426,2025-03-21 06:00:00,363.97
1904,547,2025-03-21 07:00:00,192.16
1905,302,2025-03-21 08:00:00,148.54
1906,922,2025-03-21 09:00:00,227.47
1907,581,2025-03-21 10:00:00,63.91
1908,349,2025-03-21 11:00:00,378.37
1909,832,2025-03-21 12:00:00,26.05
1910,933,2025-03-21 13:00:00,329.35
1911,980,2025-03-21 14:00:00,107.77
1912,49,2025-03-21 15:00:00,131.55
1913,917,2025-03-21 16:00:00,325.1
1914,74,2025-03-21 17:00:00,496.61
1915,704,2025-03-21 18:00:00,393.3
1916,261,2025-03-21 19:00:00,128.4
1917,356,2025-03-21 20:00:00,104.49
1918,582,2025-03-21 21:00:00,435.79
1919,602,2025-03-21 22:00:00,233.21
1920,260,2025-03-21 23:00:00,85.79
1921,638,2025-03-22 00:00:00,433.86
1922,743,2025-03-22 01:00:00,411.72
1923,295,2025-03-22 02:00:00,492.28
1924,931,2025-03-22 03:00:00,456.68
1925,641,2025-03-22 04:00:00,428.86
1926,792,2025-03-22 05:00:00,45.24
1927,313,2025-03-22 06:00:00,70.12
1928,612,2025-03-22 07:00:00,293.11
1929,838,2025-03-22 08:00:00,275.11
1930,809,2025-03-22 09:00:00,239.82
1931,182,2025-03-22 10:00:00,210.46
1932,686,2025-03-22 11:00:00,226.98
1933,828,2025-03-22 12:00:00,293.26
1934,364,2025-03-22 13:00:00,21.0
1935,188,2025-03-22 14:00:00,145.14
1936,569,2025-03-22 15:00:00,268.77
1937,543,2025-03-22 16:00:00,366.66
1938,596,2025-03-22 17:00:00,103.6
1939,664,2025-03-22 18:00:00,282.5
1940,985,2025-03-22 19:00:00,362.94
1941,548,2025-03-22 20:00:00,233.42
1942,725,2025-03-22 21:00:00,33.0
1943,926,2025-03-22 22:00:00,235.65
1944,408,2025-03-22 23:00:00,162.29
1945,876,2025-03-23 00:00:00,466.23
1946,618,2025-03-23 01:00:00,79.81
1947,414,2025-03-23 02:00:00,333.19
1948,342,2025-03-23 03:00:00,45.31
1949,220,2025-03-23 04:00:00,234.16
1950,903,2025-03-23 05:00:00,285.91
1951,163,2025-03-23 06:00:00,163.02
1952,951,2025-03-23 07:00:00,238.44
1953,220,2025-03-23 08:00:00,98.51
1954,270,2025-03-23 09:00:00,165.98
1955,632,2025-03-23 10:00:00,318.13
1956,906,2025-03-23 11:00:00,164.86
1957,848,2025-03-23 12:00:00,451.88
1958,400,2025-03-23 13:00:00,321.64
1959,182,2025-03-23 14:00:00,230.55
1960,991,2025-03-23 15:00:00,38.6
1961,618,2025-03-23 16:00:00,259.78
1962,729,2025-03-23 17:00:00,387.09
1963,205,2025-03-23 18:00:00,147.47
1964,582,2025-03-23 19:00:00,407.25
1965,556,2025-03-23 20:00:00,140.87
1966,841,2025-03-23 21:00:00,415.4
1967,813,2025-03-23 22:00:00,60.93
1968,228,2025-03-23 23:00:00,435.77
1969,696,2025-03-24 00:00:00,259.61
1970,619,2025-03-24 01:00:00,162.34
1971,596,2025-03-24 02:00:00,147.25
1972,850,2025-03-24 03:00:00,227.37
1973,250,2025-03-24 04:00:00,499.54
1974,875,2025-03-24 05:00:00,125.76
1975,441,2025-03-24 06:00:00,69.54
1976,533,2025-03-24 07:00:00,300.82
1977,196,2025-03-24 08:00:00,254.5
1978,690,2025-03-24 09:00:00,271.61
1979,929,2025-03-24 10:00:00,340.13
1980,987,2025-03-24 11:00:00,148.23
1981,519,2025-03-24 12:00:00,457.12
1982,70,2025-03-24 13:00:00,229.12
1983,639,2025-03-24 14:00:00,81.96
1984,399,2025-03-24 15:00:00,376.3
1985,978,2025-03-24 16:00:00,328.69
1986,672,2025-03-24 17:00:00,171.56
1987,760,2025-03-24 18:00:00,318.33
1988,203,2025-03-24 19:00:00,125.53
1989,148,2025-03-24 20:00:00,233.52
1990,472,2025-03-24 21:00:00,451.72
1991,655,2025-03-24 22:00:00,84.1
1992,944,2025-03-24 23:00:00,205.61
1993,199,2025-03-25 00:00:00,414.15
1994,917,2025-03-25 01:00:00,485.36
1995,426,2025-03-25 02:00:00,237.88
1996,666,2025-03-25 03:00:00,263.36
1997,492,2025-03-25 04:00:00,294.64
1998,888,2025-03-25 05:00:00,467.53
1999,896,2025-03-25 06:00:00,431.94
2000,142,2025-03-25 07:00:00,101.89
2001,313,2025-03-25 08:00:00,229.64
2002,165,2025-03-25 09:00:00,242.72
2003,314,2025-03-25 10:00:00,398.77
2004,21,2025-03-25 11:00:00,309.39
2005,82,2025-03-25 12:00:00,334.03
2006,581,2025-03-25 13:00:00,499.14
2007,131,2025-03-25 14:00:00,55.98
2008,599,2025-03-25 15:00:00,127.04
2009,730,2025-03-25 16:00:00,215.79
2010,933,2025-03-25 17:00:00,186.94
2011,984,2025-03-25 18:00:00,30.39
2012,305,2025-03-25 19:00:00,64.05
2013,915,2025-03-25 20:00:00,346.86
2014,371,2025-03-25 21:00:00,442.08
2015,857,2025-03-25 22:00:00,266.83
2016,853,2025-03-25 23:00:00,278.81
2017,384,2025-03-26 00:00:00,142.44
2018,908,2025-03-26 01:00:00,388.58
2019,445,2025-03-26 02:00:00,380.86
2020,425,2025-03-26 03:00:00,302.42
2021,161,2025-03-26 04:00:00,122.08
2022,178,2025-03-26 05:00:00,66.57
2023,629,2025-03-26 06:00:00,50.83
2024,708,2025-03-26 07:00:00,304.49
2025,895,2025-03-26 08:00:00,416.02
2026,490,2025-03-26 09:00:00,432.0
2027,327,2025-03-26 10:00:00,242.54
2028,598,2025-03-26 11:00:00,396.45
2029,289,2025-03-26 12:00:00,474.5
2030,593,2025-03-26 13:00:00,152.08
2031,664,2025-03-26 14:00:00,211.02
2032,573,2025-03-26 15:00:00,467.11
2033,573,2025-03-26 16:00:00,182.35
2034,354,2025-03-26 17:00:00,458.66
2035,28,2025-03-26 18:00:00,490.9
2036,954,2025-03-26 19:00:00,337.67
2037,43,2025-03-26 20:00:00,412.11
2038,681,2025-03-26 21:00:00,379.78
2039,423,2025-03-26 22:00:00,355.78
2040,598,2025-03-26 23:00:00,167.33
2041,177,2025-03-27 00:00:00,47.41
2042,529,2025-03-27 01:00:00,184.66
2043,610,2025-03-27 02:00:00,340.13
2044,966,2025-03-27 03:00:00,69.21
2045,494,2025-03-27 04:00:00,25.72
2046,198,2025-03-27 05:00:00,87.05
2047,610,2025-03-27 06:00:00,363.55
2048,577,2025-03-27 07:00:00,486.94
2049,842,2025-03-27 08:00:00,491.87
2050,853,2025-03-27 09:00:00,257.11
2051,517,2025-03-27 10:00:00,437.29
2052,514,2025-03-27 11:00:00,373.68
2053,22,2025-03-27 12:00:00,260.5
2054,112,2025-03-27 13:00:00,294.93
2055,57,2025-03-27 14:00:00,85.87
2056,66,2025-03-27 15:00:00,470.08
2057,842,2025-03-27 16:00:00,188.93
2058,98,2025-03-27 17:00:00,234.15
2059,144,2025-03-27 18:00:00,342.4
2060,880,2025-03-27 19:00:00,180.27
2061,435,2025-03-27 20:00:00,142.04
2062,637,2025-03-27 21:00:00,322.9
2063,679,2025-03-27 22:00:00,31.99
2064,86,2025-03-27 23:00:00,365.95
2065,588,2025-03-28 00:00:00,266.73
2066,344,2025-03-28 01:00:00,310.76
2067,936,2025-03-28 02:00:00,323.3
2068,294,2025-03-28 03:00:00,272.98
2069,956,2025-03-28 04:00:00,299.62
2070,571,2025-03-28 05:00:00,348.22
2071,650,2025-03-28 06:00:00,381.5
2072,611,2025-03-28 07:00:00,369.18
2073,704,2025-03-28 08:00:00,437.42
2074,243,2025-03-28 09:00:00,110.93
2075,831,2025-03-28 10:00:00,212.55
2076,561,2025-03-28 11:00:00,474.94
2077,960,2025-03-28 12:00:00,210.36
2078,32,2025-03-28 13:00:00,79.94
2079,391,2025-03-28 14:00:00,272.21
2080,277,2025-03-28 15:00:00,72.56
2081,532,2025-03-28 16:00:00,117.37
2082,154,2025-03-28 17:00:00,499.19
2083,383,2025-03-28 18:00:00,279.85
2084,68,2025-03-28 19:00:00,156.35
2085,878,2025-03-28 20:00:00,497.49
2086,884,2025-03-28 21:00:00,483.95
2087,214,2025-03-28 22:00:00,231.55
2088,655,2025-03-28 23:00:00,144.99
2089,376,2025-03-29 00:00:00,422.43
2090,744,2025-03-29 01:00:00,363.5
2091,213,2025-03-29 02:00:00,349.73
2092,79,2025-03-29 03:00:00,448.69
2093,726,2025-03-29 04:00:00,350.92
2094,628,2025-03-29 05:00:00,156.22
2095,604,2025-03-29 06:00:00,353.05
2096,782,2025-03-29 07:00:00,166.79
2097,923,2025-03-29 08:00:00,384.43
2098,381,2025-03-29 09:00:00,317.48
2099,680,2025-03-29 10:00:00,57.16
2100,58,2025-03-29 11:00:00,266.16
2101,796,2025-03-29 12:00:00,184.78
2102,26,2025-03-29 13:00:00,177.71
2103,881,2025-03-29 14:00:00,309.08
2104,447,2025-03-29 15:00:00,174.72
2105,66,2025-03-29 16:00:00,392.91
2106,921,2025-03-29 17:00:00,53.98
2107,760,2025-03-29 18:00:00,336.99
2108,254,2025-03-29 19:00:00,408.41
2109,899,2025-03-29 20:00:00,342.96
2110,968,2025-03-29 21:00:00,258.67
2111,44,2025-03-29 22:00:00,476.15
2112,97,2025-03-29 23:00:00,163.97
2113,554,2025-03-30 00:00:00,29.2
2114,227,2025-03-30 01:00:00,227.35
2115,774,2025-03-30 02:00:00,35.85
2116,679,2025-03-30 03:00:00,477.89
2117,436,2025-03-30 04:00:00,120.76
2118,791,2025-03-30 05:00:00,398.68
2119,601,2025-03-30 06:00:00,391.79
2120,379,2025-03-30 07:00:00,124.51
2121,178,2025-03-30 08:00:00,318.19
2122,427,2025-03-30 09:00:00,43.08
2123,915,2025-03-30 10:00:00,252.12
2124,709,2025-03-30 11:00:00,27.03
2125,307,2025-03-30 12:00:00,462.15
2126,779,2025-03-30 13:00:00,488.52
2127,504,2025-03-30 14:00:00,126.7
2128,268,2025-03-30 15:00:00,119.89
2129,586,2025-03-30 16:00:00,381.79
2130,8,2025-03-30 17:00:00,141.62
2131,920,2025-03-30 18:00:00,449.64
2132,508,2025-03-30 19:00:00,295.49
2133,476,2025-03-30 20:00:00,188.37
2134,297,2025-03-30 21:00:00,419.69
2135,164,2025-03-30 22:00:00,256.84
2136,485,2025-03-30 23:00:00,457.58
2137,597,2025-03-31 00:00:00,465.45
2138,72,2025-03-31 01:00:00,99.4
2139,567,2025-03-31 02:00:00,21.12
2140,905,2025-03-31 03:00:00,492.29
2141,559,2025-03-31 04:00:00,454.95
2142,911,2025-03-31 05:00:00,46.61
2143,944,2025-03-31 06:00:00,419.86
2144,238,2025-03-31 07:00:00,239.75
2145,104,2025-03-31 08:00:00,144.3
2146,210,2025-03-31 09:00:00,441.8
2147,554,2025-03-31 10:00:00,114.4
2148,828,2025-03-31 11:00:00,474.7
2149,468,2025-03-31 12:00:00,118.7
2150,454,2025-03-31 13:00:00,314.57
2151,268,2025-03-31 14:00:00,127.08
2152,386,2025-03-31 15:00:00,281.92
2153,775,2025-03-31 16:00:00,348.31
2154,848,2025-03-31 17:00:00,111.31
2155,387,2025-03-31 18:00:00,270.03
2156,877,2025-03-31 19:00:00,245.15
2157,259,2025-03-31 20:00:00,54.1
2158,283,2025-03-31 21:00:00,412.79
2159,626,2025-03-31 22:00:00,181.13
2160,875,2025-03-31 23:00:00,295.8
2161,40,2025-04-01 00:00:00,267.1
2162,486,2025-04-01 01:00:00,266.37
2163,929,2025-04-01 02:00:00,71.47
2164,220,2025-04-01 03:00:00,223.27
2165,129,2025-04-01 04:00:00,237.14
2166,520,2025-04-01 05:00:00,372.15
2167,613,2025-04-01 06:00:00,423.21
2168,928,2025-04-01 07:00:00,281.59
2169,892,2025-04-01 08:00:00,61.66
2170,688,2025-04-01 09:00:00,133.69
2171,619,2025-04-01 10:00:00,99.17
2172,613,2025-04-01 11:00:00,79.82
2173,260,2025-04-01 12:00:00,195.63
2174,990,2025-04-01 13:00:00,130.11
2175,966,2025-04-01 14:00:00,124.79
2176,366,2025-04-01 15:00:00,46.25
2177,758,2025-04-01 16:00:00,28.48
2178,787,2025-04-01 17:00:00,69.33
2179,544,2025-04-01 18:00:00,102.65
2180,649,2025-04-01 19:00:00,226.87
2181,524,2025-04-01 20:00:00,265.05
2182,907,2025-04-01 21:00:00,87.48
2183,814,2025-04-01 22:00:00,223.9
2184,887,2025-04-01 23:00:00,184.04
2185,16,2025-04-02 00:00:00,108.04
2186,129,2025-04-02 01:00:00,23.28
2187,575,2025-04-02 02:00:00,244.17
2188,109,2025-04-02 03:00:00,349.11
2189,887,2025-04-02 04:00:00,128.61
2190,533,2025-04-02 05:00:00,83.27
2191,670,2025-04-02 06:00:00,445.78
2192,269,2025-04-02 07:00:00,152.01
2193,162,2025-04-02 08:00:00,127.33
2194,260,2025-04-02 09:00:00,431.41
2195,924,2025-04-02 10:00:00,412.21
2196,102,2025-04-02 11:00:00,235.21
2197,506,2025-04-02 12:00:00,254.83
2198,735,2025-04-02 13:00:00,124.52
2199,571,2025-04-02 14:00:00,57.58
2200,247,2025-04-02 15:00:00,295.25
2201,640,2025-04-02 16:00:00,67.21
2202,795,2025-04-02 17:00:00,235.65
2203,837,2025-04-02 18:00:00,471.44
2204,537,2025-04-02 19:00:00,477.36
2205,131,2025-04-02 20:00:00,134.88
2206,353,2025-04-02 21:00:00,319.57
2207,196,2025-04-02 22:00:00,247.56
2208,793,2025-04-02 23:00:00,440.33
2209,916,2025-04-03 00:00:00,150.29
2210,930,2025-04-03 01:00:00,21.78
2211,666,2025-04-03 02:00:00,98.03
2212,382,2025-04-03 03:00:00,187.77
2213,645,2025-04-03 04:00:00,171.55
2214,227,2025-04-03 05:00:00,399.85
2215,701,2025-04-03 06:00:00,346.67
2216,476,2025-04-03 07:00:00,163.79
2217,477,2025-04-03 08:00:00,239.72
2218,265,2025-04-03 09:00:00,65.87
2219,372,2025-04-03 10:00:00,451.11
2220,486,2025-04-03 11:00:00,469.0
2221,434,2025-04-03 12:00:00,490.31
2222,646,2025-04-03 13:00:00,436.91
2223,211,2025-04-03 14:00:00,103.5
2224,572,2025-04-03 15:00:00,42.17
2225,940,2025-04-03 16:00:00,298.21
2226,377,2025-04-03 17:00:00,458.05
2227,395,2025-04-03 18:00:00,105.13
2228,450,2025-04-03 19:00:00,23.38
2229,943,2025-04-03 20:00:00,406.64
2230,364,2025-04-03 21:00:00,56.86
2231,876,2025-04-03 22:00:00,218.58
2232,457,2025-04-03 23:00:00,345.87
2233,725,2025-04-04 00:00:00,133.66
2234,728,2025-04-04 01:00:00,60.3
2235,226,2025-04-04 02:00:00,389.61
2236,982,2025-04-04 03:00:00,322.48
2237,131,2025-04-04 04:00:00,494.48
2238,588,2025-04-04 05:00:00,185.27
2239,476,2025-04-04 06:00:00,49.65
2240,798,2025-04-04 07:00:00,372.49
2241,986,2025-04-04 08:00:00,270.43
2242,277,2025-04-04 09:00:00,122.34
2243,156,2025-04-04 10:00:00,395.23
2244,760,2025-04-04 11:00:00,117.8
2245,218,2025-04-04 12:00:00,145.12
2246,190,2025-04-04 13:00:00,64.41
2247,417,2025-04-04 14:00:00,211.73
2248,981,2025-04-04 15:00:00,221.09
2249,675,2025-04-04 16:00:00,266.99
2250,692,2025-04-04 17:00:00,360.3
2251,546,2025-04-04 18:00:00,454.93
2252,41,2025-04-04 19:00:00,86.11
2253,307,2025-04-04 20:00:00,46.09
2254,943,2025-04-04 21:00:00,28.89
2255,338,2025-04-04 22:00:00,88.94
2256,314,2025-04-04 23:00:00,335.82
2257,75,2025-04-05 00:00:00,369.19
2258,953,2025-04-05 01:00:00,397.52
2259,279,2025-04-05 02:00:00,136.98
2260,176,2025-04-05 03:00:00,166.83
2261,896,2025-04-05 04:00:00,251.9
2262,662,2025-04-05 05:00:00,50.33
2263,273,2025-04-05 06:00:00,313.35
2264,837,2025-04-05 07:00:00,492.19
2265,620,2025-04-05 08:00:00,193.19
2266,651,2025-04-05 09:00:00,381.37
2267,862,2025-04-05 10:00:00,260.02
2268,783,2025-04-05 11:00:00,81.35
2269,859,2025-04-05 12:00:00,299.47
2270,931,2025-04-05 13:00:00,163.94
2271,289,2025-04-05 14:00:00,36.51
2272,724,2025-04-05 15:00:00,324.77
2273,893,2025-04-05 16:00:00,432.29
2274,272,2025-04-05 17:00:00,185.49
2275,930,2025-04-05 18:00:00,207.34
2276,66,2025-04-05 19:00:00,447.69
2277,483,2025-04-05 20:00:00,410.53
2278,936,2025-04-05 21:00:00,363.18
2279,248,2025-04-05 22:00:00,139.42
2280,156,2025-04-05 23:00:00,456.9
2281,47,2025-04-06 00:00:00,94.12
2282,935,2025-04-06 01:00:00,320.85
2283,454,2025-04-06 02:00:00,33.82
2284,201,2025-04-06 03:00:00,328.99
2285,660,2025-04-06 04:00:00,153.03
2286,124,2025-04-06 05:00:00,235.84
2287,1,2025-04-06 06:00:00,185.73
2288,968,2025-04-06 07:00:00,102.92
2289,759,2025-04-06 08:00:00,318.55
2290,855,2025-04-06 09:00:00,443.35
2291,640,2025-04-06 10:00:00,480.36
2292,191,2025-04-06 11:00:00,112.33
2293,579,2025-04-06 12:00:00,364.34
2294,516,2025-04-06 13:00:00,338.88
2295,442,2025-04-06 14:00:00,184.82
2296,921,2025-04-06 15:00:00,29.17
2297,815,2025-04-06 16:00:00,351.1
2298,806,2025-04-06 17:00:00,473.84
2299,143,2025-04-06 18:00:00,323.42
2300,191,2025-04-06 19:00:00,228.94
2301,533,2025-04-06 20:00:00,272.07
2302,227,2025-04-06 21:00:00,115.82
2303,313,2025-04-06 22:00:00,380.26
2304,629,2025-04-06 23:00:00,378.28
2305,949,2025-04-07 00:00:00,89.85
2306,302,2025-04-07 01:00:00,441.43
2307,654,2025-04-07 02:00:00,149.21
2308,996,2025-04-07 03:00:00,491.48
2309,460,2025-04-07 04:00:00,203.79
2310,401,2025-04-07 05:00:00,105.38
2311,551,2025-04-07 06:00:00,188.83
2312,393,2025-04-07 07:00:00,231.29
2313,867,2025-04-07 08:00:00,53.27
2314,764,2025-04-07 09:00:00,297.54
2315,845,2025-04-07 10:00:00,306.86
2316,207,2025-04-07 11:00:00,374.69
2317,210,2025-04-07 12:00:00,34.0
2318,115,2025-04-07 13:00:00,279.79
2319,737,2025-04-07 14:00:00,45.4
2320,646,2025-04-07 15:00:00,356.55
2321,251,2025-04-07 16:00:00,46.75
2322,219,2025-04-07 17:00:00,457.63
2323,407,2025-04-07 18:00:00,357.0
2324,443,2025-04-07 19:00:00,263.55
2325,603,2025-04-07 20:00:00,231.92
2326,354,2025-04-07 21:00:00,82.72
2327,888,2025-04-07 22:00:00,159.68
2328,558,2025-04-07 23:00:00,437.1
2329,550,2025-04-08 00:00:00,454.14
2330,142,2025-04-08 01:00:00,20.36
2331,612,2025-04-08 02:00:00,305.19
2332,501,2025-04-08 03:00:00,365.26
2333,840,2025-04-08 04:00:00,317.0
2334,702,2025-04-08 05:00:00,59.21
2335,547,2025-04-08 06:00:00,124.51
2336,659,2025-04-08 07:00:00,140.16
2337,542,2025-04-08 08:00:00,419.23
2338,846,2025-04-08 09:00:00,242.34
2339,507,2025-04-08 10:00:00,253.68
2340,596,2025-04-08 11:00:00,468.75
2341,881,2025-04-08 12:00:00,325.8
2342,281,2025-04-08 13:00:00,451.36
2343,424,2025-04-08 14:00:00,239.12
2344,856,2025-04-08 15:00:00,91.73
2345,270,2025-04-08 16:00:00,466.37
2346,154,2025-04-08 17:00:00,240.18
2347,614,2025-04-08 18:00:00,107.18
2348,727,2025-04-08 19:00:00,165.15
2349,662,2025-04-08 20:00:00,44.39
2350,944,2025-04-08 21:00:00,244.78
2351,83,2025-04-08 22:00:00,429.5
2352,622,2025-04-08 23:00:00,468.12
2353,947,2025-04-09 00:00:00,467.65
2354,899,2025-04-09 01:00:00,80.11
2355,426,2025-04-09 02:00:00,203.39
2356,275,2025-04-09 03:00:00,33.55
2357,713,2025-04-09 04:00:00,430.48
2358,284,2025-04-09 05:00:00,192.2
2359,980,2025-04-09 06:00:00,322.94
2360,173,2025-04-09 07:00:00,363.15
2361,327,2025-04-09 08:00:00,226.33
2362,718,2025-04-09 09:00:00,167.09
2363,63,2025-04-09 10:00:00,481.86
2364,73,2025-04-09 11:00:00,482.95
2365,763,2025-04-09 12:00:00,158.93
2366,636,2025-04-09 13:00:00,250.22
2367,375,2025-04-09 14:00:00,486.97
2368,633,2025-04-09 15:00:00,22.34
2369,508,2025-04-09 16:00:00,218.09
2370,787,2025-04-09 17:00:00,68.22
2371,943,2025-04-09 18:00:00,264.4
2372,398,2025-04-09 19:00:00,31.84
2373,120,2025-04-09 20:00:00,215.31
2374,934,2025-04-09 21:00:00,125.94
2375,437,2025-04-09 22:00:00,275.99
2376,829,2025-04-09 23:00:00,498.08
2377,676,2025-04-10 00:00:00,404.26
2378,936,2025-04-10 01:00:00,425.91
2379,465,2025-04-10 02:00:00,324.93
2380,286,2025-04-10 03:00:00,39.95
2381,265,2025-04-10 04:00:00,119.26
2382,320,2025-04-10 05:00:00,464.03
2383,673,2025-04-10 06:00:00,195.73
2384,376,2025-04-10 07:00:00,69.75
2385,820,2025-04-10 08:00:00,357.15
2386,89,2025-04-10 09:00:00,163.74
2387,654,2025-04-10 10:00:00,149.05
2388,203,2025-04-10 11:00:00,499.03
2389,821,2025-04-10 12:00:00,431.91
2390,739,2025-04-10 13:00:00,215.81
2391,955,2025-04-10 14:00:00,490.53
2392,334,2025-04-10 15:00:00,332.05
2393,222,2025-04-10 16:00:00,376.17
2394,41,2025-04-10 17:00:00,35.13
2395,708,2025-04-10 18:00:00,78.37
2396,68,2025-04-10 19:00:00,323.88
2397,988,2025-04-10 20:00:00,451.53
2398,776,2025-04-10 21:00:00,319.4
2399,514,2025-04-10 22:00:00,84.33
2400,873,2025-04-10 23:00:00,75.56
2401,637,2025-04-11 00:00:00,425.21
2402,622,2025-04-11 01:00:00,86.87
2403,598,2025-04-11 02:00:00,269.71
2404,937,2025-04-11 03:00:00,37.81
2405,632,2025-04-11 04:00:00,58.72
2406,127,2025-04-11 05:00:00,342.73
2407,255,2025-04-11 06:00:00,350.81
2408,695,2025-04-11 07:00:00,183.91
2409,16,2025-04-11 08:00:00,123.49
2410,477,2025-04-11 09:00:00,410.58
2411,62,2025-04-11 10:00:00,124.21
2412,881,2025-04-11 11:00:00,280.17
2413,432,2025-04-11 12:00:00,484.74
2414,670,2025-04-11 13:00:00,90.97
2415,268,2025-04-11 14:00:00,471.62
2416,35,2025-04-11 15:00:00,107.79
2417,779,2025-04-11 16:00:00,292.37
2418,576,2025-04-11 17:00:00,200.96
2419,494,2025-04-11 18:00:00,483.17
2420,562,2025-04-11 19:00:00,151.3
2421,469,2025-04-11 20:00:00,211.84
2422,767,2025-04-11 21:00:00,491.77
2423,661,2025-04-11 22:00:00,277.51
2424,325,2025-04-11 23:00:00,261.26
2425,304,2025-04-12 00:00:00,143.73
2426,276,2025-04-12 01:00:00,356.65
2427,869,2025-04-12 02:00:00,26.9
2428,963,2025-04-12 03:00:00,43.77
2429,684,2025-04-12 04:00:00,307.69
2430,929,2025-04-12 05:00:00,184.0
2431,201,2025-04-12 06:00:00,477.59
2432,445,2025-04-12 07:00:00,453.53
2433,905,2025-04-12 08:00:00,362.58
2434,324,2025-04-12 09:00:00,412.71
2435,35,2025-04-12 10:00:00,340.32
2436,977,2025-04-12 11:00:00,80.28
2437,482,2025-04-12 12:00:00,387.46
2438,728,2025-04-12 13:00:00,120.89
2439,480,2025-04-12 14:00:00,175.25
2440,65,2025-04-12 15:00:00,413.23
2441,8,2025-04-12 16:00:00,277.53
2442,301,2025-04-12 17:00:00,432.77
2443,343,2025-04-12 18:00:00,122.26
2444,431,2025-04-12 19:00:00,311.73
2445,424,2025-04-12 20:00:00,60.22
2446,332,2025-04-12 21:00:00,328.67
2447,438,2025-04-12 22:00:00,386.02
2448,588,2025-04-12 23:00:00,300.77
2449,174,2025-04-13 00:00:00,147.79
2450,559,2025-04-13 01:00:00,35.04
2451,527,2025-04-13 02:00:00,77.34
2452,873,2025-04-13 03:00:00,318.71
2453,659,2025-04-13 04:00:00,468.52
2454,26,2025-04-13 05:00:00,119.14
2455,820,2025-04-13 06:00:00,372.81
2456,605,2025-04-13 07:00:00,435.9
2457,406,2025-04-13 08:00:00,270.02
2458,232,2025-04-13 09:00:00,341.25
2459,533,2025-04-13 10:00:00,411.21
2460,819,2025-04-13 11:00:00,145.12
2461,550,2025-04-13 12:00:00,162.51
2462,788,2025-04-13 13:00:00,20.3
2463,505,2025-04-13 14:00:00,482.29
2464,669,2025-04-13 15:00:00,460.42
2465,179,2025-04-13 16:00:00,386.99
2466,132,2025-04-13 17:00:00,57.96
2467,823,2025-04-13 18:00:00,234.8
2468,455,2025-04-13 19:00:00,68.91
2469,348,2025-04-13 20:00:00,27.64
2470,540,2025-04-13 21:00:00,315.77
2471,772,2025-04-13 22:00:00,481.2
2472,406,2025-04-13 23:00:00,453.38
2473,76,2025-04-14 00:00:00,354.44
2474,941,2025-04-14 01:00:00,66.39
2475,579,2025-04-14 02:00:00,151.6
2476,854,2025-04-14 03:00:00,173.63
2477,492,2025-04-14 04:00:00,386.31
2478,194,2025-04-14 05:00:00,405.08
2479,984,2025-04-14 06:00:00,204.85
2480,162,2025-04-14 07:00:00,220.58
2481,347,2025-04-14 08:00:00,41.36
2482,951,2025-04-14 09:00:00,158.79
2483,361,2025-04-14 10:00:00,236.62
2484,769,2025-04-14 11:00:00,76.15
2485,584,2025-04-14 12:00:00,237.57
2486,87,2025-04-14 13:00:00,429.52
2487,934,2025-04-14 14:00:00,299.03
2488,262,2025-04-14 15:00:00,57.89
2489,214,2025-04-14 16:00:00,112.0
2490,665,2025-04-14 17:00:00,247.78
2491,722,2025-04-14 18:00:00,193.51
2492,913,2025-04-14 19:00:00,192.19
2493,573,2025-04-14 20:00:00,274.05
2494,780,2025-04-14 21:00:00,300.51
2495,262,2025-04-14 22:00:00,402.49
2496,730,2025-04-14 23:00:00,183.66
2497,283,2025-04-15 00:00:00,406.62
2498,648,2025-04-15 01:00:00,182.53
2499,467,2025-04-15 02:00:00,46.61
2500,380,2025-04-15 03:00:00,286.01
2501,362,2025-04-15 04:00:00,302.19
2502,449,2025-04-15 05:00:00,468.58
2503,441,2025-04-15 06:00:00,368.51
2504,93,2025-04-15 07:00:00,460.53
2505,621,2025-04-15 08:00:00,456.01
2506,753,2025-04-15 09:00:00,310.2
2507,867,2025-04-15 10:00:00,273.33
2508,424,2025-04-15 11:00:00,287.57
2509,142,2025-04-15 12:00:00,489.6
2510,291,2025-04-15 13:00:00,391.12
2511,432,2025-04-15 14:00:00,71.01
2512,749,2025-04-15 15:00:00,393.65
2513,852,2025-04-15 16:00:00,101.86
2514,824,2025-04-15 17:00:00,234.73
2515,689,2025-04-15 18:00:00,121.02
2516,653,2025-04-15 19:00:00,351.0
2517,701,2025-04-15 20:00:00,441.11
2518,998,2025-04-15 21:00:00,159.37
2519,49,2025-04-15 22:00:00,59.37
2520,302,2025-04-15 23:00:00,163.28
2521,881,2025-04-16 00:00:00,342.73
2522,190,2025-04-16 01:00:00,177.8
2523,136,2025-04-16 02:00:00,153.49
2524,555,2025-04-16 03:00:00,108.53
2525,404,2025-04-16 04:00:00,258.81
2526,892,2025-04-16 05:00:00,152.46
2527,865,2025-04-16 06:00:00,370.88
2528,602,2025-04-16 07:00:00,56.78
2529,807,2025-04-16 08:00:00,338.74
2530,341,2025-04-16 09:00:00,134.03
2531,757,2025-04-16 10:00:00,254.85
2532,945,2025-04-16 11:00:00,157.32
2533,704,2025-04-16 12:00:00,366.93
2534,318,2025-04-16 13:00:00,473.75
2535,618,2025-04-16 14:00:00,460.2
2536,363,2025-04-16 15:00:00,300.04
2537,822,2025-04-16 16:00:00,242.05
2538,382,2025-04-16 17:00:00,412.78
2539,233,2025-04-16 18:00:00,348.0
2540,777,2025-04-16 19:00:00,108.11
2541,344,2025-04-16 20:00:00,414.04
2542,549,2025-04-16 21:00:00,225.86
2543,817,2025-04-16 22:00:00,110.71
2544,553,2025-04-16 23:00:00,155.26
2545,529,2025-04-17 00:00:00,148.41
2546,856,2025-04-17 01:00:00,269.22
2547,789,2025-04-17 02:00:00,132.5
2548,819,2025-04-17 03:00:00,79.31
2549,571,2025-04-17 04:00:00,79.37
2550,935,2025-04-17 05:00:00,299.97
2551,183,2025-04-17 06:00:00,372.68
2552,41,2025-04-17 07:00:00,174.34
2553,551,2025-04-17 08:00:00,36.63
2554,397,2025-04-17 09:00:00,81.07
2555,704,2025-04-17 10:00:00,459.05
2556,779,2025-04-17 11:00:00,256.9
2557,494,2025-04-17 12:00:00,237.71
2558,659,2025-04-17 13:00:00,38.26
2559,907,2025-04-17 14:00:00,369.75
2560,333,2025-04-17 15:00:00,273.47
2561,127,2025-04-17 16:00:00,117.0
2562,558,2025-04-17 17:00:00,72.84
2563,557,2025-04-17 18:00:00,204.03
2564,1,2025-04-17 19:00:00,421.84
2565,168,2025-04-17 20:00:00,435.34
2566,620,2025-04-17 21:00:00,309.37
2567,19,2025-04-17 22:00:00,369.22
2568,332,2025-04-17 23:00:00,75.27
2569,584,2025-04-18 00:00:00,302.3
2570,456,2025-04-18 01:00:00,340.14
2571,957,2025-04-18 02:00:00,116.34
2572,109,2025-04-18 03:00:00,442.47
2573,268,2025-04-18 04:00:00,113.6
2574,445,2025-04-18 05:00:00,170.47
2575,240,2025-04-18 06:00:00,317.87
2576,929,2025-04-18 07:00:00,326.41
2577,301,2025-04-18 08:00:00,355.7
2578,602,2025-04-18 09:00:00,73.77
2579,103,2025-04-18 10:00:00,427.74
2580,988,2025-04-18 11:00:00,275.77
2581,250,2025-04-18 12:00:00,246.23
2582,453,2025-04-18 13:00:00,490.93
2583,520,2025-04-18 14:00:00,375.38
2584,153,2025-04-18 15:00:00,76.64
2585,859,2025-04-18 16:00:00,383.14
2586,174,2025-04-18 17:00:00,65.72
2587,343,2025-04-18 18:00:00,33.19
2588,670,2025-04-18 19:00:00,213.74
2589,431,2025-04-18 20:00:00,496.92
2590,727,2025-04-18 21:00:00,103.94
2591,689,2025-04-18 22:00:00,342.87
2592,687,2025-04-18 23:00:00,103.23
2593,852,2025-04-19 00:00:00,367.9
2594,850,2025-04-19 01:00:00,262.57
2595,658,2025-04-19 02:00:00,346.39
2596,962,2025-04-19 03:00:00,117.38
2597,324,2025-04-19 04:00:00,377.9
2598,990,2025-04-19 05:00:00,497.9
2599,673,2025-04-19 06:00:00,339.51
2600,639,2025-04-19 07:00:00,256.87
2601,420,2025-04-19 08:00:00,463.12
2602,594,2025-04-19 09:00:00,27.61
2603,485,2025-04-19 10:00:00,370.36
2604,659,2025-04-19 11:00:00,446.6
2605,751,2025-04-19 12:00:00,49.6
2606,412,2025-04-19 13:00:00,236.03
2607,936,2025-04-19 14:00:00,118.27
2608,84,2025-04-19 15:00:00,291.93
2609,113,2025-04-19 16:00:00,331.78
2610,737,2025-04-19 17:00:00,165.26
2611,332,2025-04-19 18:00:00,240.79
2612,378,2025-04-19 19:00:00,154.08
2613,755,2025-04-19 20:00:00,197.31
2614,655,2025-04-19 21:00:00,96.58
2615,41,2025-04-19 22:00:00,445.07
2616,935,2025-04-19 23:00:00,24.8
2617,770,2025-04-20 00:00:00,443.56
2618,959,2025-04-20 01:00:00,294.41
2619,797,2025-04-20 02:00:00,179.2
2620,105,2025-04-20 03:00:00,367.07
2621,202,2025-04-20 04:00:00,263.72
2622,450,2025-04-20 05:00:00,259.57
2623,819,2025-04-20 06:00:00,72.87
2624,843,2025-04-20 07:00:00,206.97
2625,973,2025-04-20 08:00:00,135.71
2626,266,2025-04-20 09:00:00,27.53
2627,910,2025-04-20 10:00:00,192.85
2628,210,2025-04-20 11:00:00,63.11
2629,563,2025-04-20 12:00:00,143.28
2630,118,2025-04-20 13:00:00,64.41
2631,713,2025-04-20 14:00:00,68.45
2632,377,2025-04-20 15:00:00,115.53
2633,551,2025-04-20 16:00:00,499.93
2634,540,2025-04-20 17:00:00,21.05
2635,771,2025-04-20 18:00:00,326.56
2636,84,2025-04-20 19:00:00,87.8
2637,454,2025-04-20 20:00:00,461.9
2638,667,2025-04-20 21:00:00,64.94
2639,629,2025-04-20 22:00:00,478.43
2640,514,2025-04-20 23:00:00,313.24
2641,605,2025-04-21 00:00:00,20.61
2642,678,2025-04-21 01:00:00,449.12
2643,387,2025-04-21 02:00:00,270.42
2644,912,2025-04-21 03:00:00,146.08
2645,350,2025-04-21 04:00:00,388.29
2646,296,2025-04-21 05:00:00,464.8
2647,258,2025-04-21 06:00:00,252.17
2648,81,2025-04-21 07:00:00,171.47
2649,937,2025-04-21 08:00:00,398.69
2650,268,2025-04-21 09:00:00,347.26
2651,419,2025-04-21 10:00:00,446.6
2652,235,2025-04-21 11:00:00,352.41
2653,833,2025-04-21 12:00:00,136.89
2654,311,2025-04-21 13:00:00,467.2
2655,813,2025-04-21 14:00:00,70.32
2656,975,2025-04-21 15:00:00,148.61
2657,986,2025-04-21 16:00:00,269.69
2658,357,2025-04-21 17:00:00,291.56
2659,213,2025-04-21 18:00:00,27.35
2660,574,2025-04-21 19:00:00,394.67
2661,49,2025-04-21 20:00:00,193.57
2662,127,2025-04-21 21:00:00,215.08
2663,223,2025-04-21 22:00:00,408.5
2664,921,2025-04-21 23:00:00,202.06
2665,279,2025-04-22 00:00:00,42.67
2666,408,2025-04-22 01:00:00,104.69
2667,505,2025-04-22 02:00:00,478.83
2668,294,2025-04-22 03:00:00,53.79
2669,796,2025-04-22 04:00:00,190.37
2670,277,2025-04-22 05:00:00,261.53
2671,438,2025-04-22 06:00:00,256.77
2672,107,2025-04-22 07:00:00,21.9
2673,658,2025-04-22 08:00:00,260.56
2674,420,2025-04-22 09:00:00,204.21
2675,611,2025-04-22 10:00:00,486.6
2676,429,2025-04-22 11:00:00,96.4
2677,375,2025-04-22 12:00:00,189.99
2678,73,2025-04-22 13:00:00,221.35
2679,949,2025-04-22 14:00:00,207.53
2680,998,2025-04-22 15:00:00,339.6
2681,634,2025-04-22 16:00:00,123.45
2682,30,2025-04-22 17:00:00,126.11
2683,188,2025-04-22 18:00:00,370.02
2684,364,2025-04-22 19:00:00,260.14
2685,866,2025-04-22 20:00:00,219.27
2686,800,2025-04-22 21:00:00,101.22
2687,451,2025-04-22 22:00:00,110.01
2688,195,2025-04-22 23:00:00,25.06
2689,156,2025-04-23 00:00:00,63.88
2690,172,2025-04-23 01:00:00,287.28
2691,847,2025-04-23 02:00:00,448.1
2692,41,2025-04-23 03:00:00,157.84
2693,63,2025-04-23 04:00:00,177.32
2694,23,2025-04-23 05:00:00,75.49
2695,360,2025-04-23 06:00:00,206.54
2696,75,2025-04-23 07:00:00,37.87
2697,560,2025-04-23 08:00:00,460.45
2698,672,2025-04-23 09:00:00,343.09
2699,825,2025-04-23 10:00:00,495.56
2700,118,2025-04-23 11:00:00,443.76
2701,612,2025-04-23 12:00:00,247.04
2702,380,2025-04-23 13:00:00,269.45
2703,929,2025-04-23 14:00:00,111.48
2704,920,2025-04-23 15:00:00,241.78
2705,679,2025-04-23 16:00:00,453.45
2706,290,2025-04-23 17:00:00,44.41
2707,440,2025-04-23 18:00:00,434.51
2708,668,2025-04-23 19:00:00,183.65
2709,933,2025-04-23 20:00:00,451.77
2710,7,2025-04-23 21:00:00,471.62
2711,196,2025-04-23 22:00:00,342.02
2712,421,2025-04-23 23:00:00,338.92
2713,568,2025-04-24 00:00:00,237.32
2714,833,2025-04-24 01:00:00,421.06
2715,193,2025-04-24 02:00:00,481.57
2716,559,2025-04-24 03:00:00,392.04
2717,148,2025-04-24 04:00:00,318.53
2718,787,2025-04-24 05:00:00,311.26
2719,669,2025-04-24 06:00:00,427.75
2720,202,2025-04-24 07:00:00,279.78
2721,444,2025-04-24 08:00:00,405.85
2722,914,2025-04-24 09:00:00,264.26
2723,988,2025-04-24 10:00:00,49.97
2724,419,2025-04-24 11:00:00,204.29
2725,427,2025-04-24 12:00:00,233.33
2726,479,2025-04-24 13:00:00,87.98
2727,475,2025-04-24 14:00:00,69.2
2728,126,2025-04-24 15:00:00,277.02
2729,395,2025-04-24 16:00:00,60.87
2730,817,2025-04-24 17:00:00,165.41
2731,881,2025-04-24 18:00:00,377.41
2732,806,2025-04-24 19:00:00,482.93
2733,576,2025-04-24 20:00:00,364.58
2734,325,2025-04-24 21:00:00,496.46
2735,392,2025-04-24 22:00:00,355.2
2736,930,2025-04-24 23:00:00,161.02
2737,688,2025-04-25 00:00:00,342.59
2738,628,2025-04-25 01:00:00,357.04
2739,440,2025-04-25 02:00:00,198.43
2740,204,2025-04-25 03:00:00,28.5
2741,486,2025-04-25 04:00:00,357.54
2742,833,2025-04-25 05:00:00,30.42
2743,31,2025-04-25 06:00:00,322.97
2744,388,2025-04-25 07:00:00,98.54
2745,625,2025-04-25 08:00:00,291.49
2746,877,2025-04-25 09:00:00,261.88
2747,434,2025-04-25 10:00:00,26.49
2748,837,2025-04-25 11:00:00,194.18
2749,926,2025-04-25 12:00:00,308.52
2750,376,2025-04-25 13:00:00,427.33
2751,344,2025-04-25 14:00:00,446.55
2752,443,2025-04-25 15:00:00,252.25
2753,579,2025-04-25 16:00:00,369.64
2754,75,2025-04-25 17:00:00,171.9
2755,557,2025-04-25 18:00:00,184.25
2756,772,2025-04-25 19:00:00,113.34
2757,666,2025-04-25 20:00:00,289.74
2758,155,2025-04-25 21:00:00,170.99
2759,430,2025-04-25 22:00:00,60.5
2760,363,2025-04-25 23:00:00,348.8
2761,448,2025-04-26 00:00:00,359.72
2762,987,2025-04-26 01:00:00,192.8
2763,234,2025-04-26 02:00:00,56.83
2764,563,2025-04-26 03:00:00,224.62
2765,818,2025-04-26 04:00:00,232.32
2766,262,2025-04-26 05:00:00,340.96
2767,827,2025-04-26 06:00:00,171.4
2768,125,2025-04-26 07:00:00,347.65
2769,911,2025-04-26 08:00:00,438.31
2770,245,2025-04-26 09:00:00,133.99
2771,542,2025-04-26 10:00:00,489.88
2772,938,2025-04-26 11:00:00,205.46
2773,485,2025-04-26 12:00:00,148.28
2774,122,2025-04-26 13:00:00,222.33
2775,125,2025-04-26 14:00:00,65.31
2776,549,2025-04-26 15:00:00,80.34
2777,170,2025-04-26 16:00:00,218.93
2778,124,2025-04-26 17:00:00,385.97
2779,869,2025-04-26 18:00:00,452.15
2780,35,2025-04-26 19:00:00,339.11
2781,87,2025-04-26 20:00:00,70.51
2782,646,2025-04-26 21:00:00,342.57
2783,708,2025-04-26 22:00:00,325.01
2784,786,2025-04-26 23:00:00,406.77
2785,201,2025-04-27 00:00:00,416.12
2786,369,2025-04-27 01:00:00,436.74
2787,797,2025-04-27 02:00:00,218.78
2788,77,2025-04-27 03:00:00,354.97
2789,59,2025-04-27 04:00:00,148.76
2790,431,2025-04-27 05:00:00,499.68
2791,638,2025-04-27 06:00:00,104.16
2792,500,2025-04-27 07:00:00,24.85
2793,913,2025-04-27 08:00:00,91.43
2794,109,2025-04-27 09:00:00,392.42
2795,736,2025-04-27 10:00:00,234.46
2796,278,2025-04-27 11:00:00,234.8
2797,68,2025-04-27 12:00:00,478.41
2798,69,2025-04-27 13:00:00,461.42
2799,165,2025-04-27 14:00:00,169.37
2800,489,2025-04-27 15:00:00,120.35
2801,305,2025-04-27 16:00:00,427.27
2802,909,2025-04-27 17:00:00,454.89
2803,674,2025-04-27 18:00:00,279.97
2804,365,2025-04-27 19:00:00,322.12
2805,854,2025-04-27 20:00:00,143.32
2806,821,2025-04-27 21:00:00,404.39
2807,379,2025-04-27 22:00:00,323.42
2808,343,2025-04-27 23:00:00,261.69
2809,947,2025-04-28 00:00:00,48.85
2810,899,2025-04-28 01:00:00,459.65
2811,554,2025-04-28 02:00:00,315.42
2812,354,2025-04-28 03:00:00,112.49
2813,416,2025-04-28 04:00:00,311.07
2814,109,2025-04-28 05:00:00,345.18
2815,563,2025-04-28 06:00:00,272.37
2816,762,2025-04-28 07:00:00,364.69
2817,497,2025-04-28 08:00:00,299.1
2818,341,2025-04-28 09:00:00,474.93
2819,942,2025-04-28 10:00:00,45.77
2820,383,2025-04-28 11:00:00,71.0
2821,533,2025-04-28 12:00:00,103.36
2822,300,2025-04-28 13:00:00,351.28
2823,139,2025-04-28 14:00:00,329.89
2824,359,2025-04-28 15:00:00,448.19
2825,836,2025-04-28 16:00:00,371.78
2826,499,2025-04-28 17:00:00,264.01
2827,385,2025-04-28 18:00:00,496.08
2828,604,2025-04-28 19:00:00,147.73
2829,959,2025-04-28 20:00:00,419.93
2830,280,2025-04-28 21:00:00,224.86
2831,637,2025-04-28 22:00:00,331.39
2832,483,2025-04-28 23:00:00,369.09
2833,909,2025-04-29 00:00:00,324.2
2834,111,2025-04-29 01:00:00,87.44
2835,866,2025-04-29 02:00:00,232.62
2836,139,2025-04-29 03:00:00,289.49
2837,996,2025-04-29 04:00:00,427.54
2838,435,2025-04-29 05:00:00,232.95
2839,509,2025-04-29 06:00:00,461.0
2840,273,2025-04-29 07:00:00,231.38
2841,99,2025-04-29 08:00:00,283.41
2842,764,2025-04-29 09:00:00,402.22
2843,850,2025-04-29 10:00:00,299.87
2844,104,2025-04-29 11:00:00,480.9
2845,214,2025-04-29 12:00:00,336.96
2846,761,2025-04-29 13:00:00,270.9
2847,664,2025-04-29 14:00:00,31.32
2848,762,2025-04-29 15:00:00,218.59
2849,787,2025-04-29 16:00:00,163.64
2850,165,2025-04-29 17:00:00,379.09
2851,999,2025-04-29 18:00:00,119.97
2852,853,2025-04-29 19:00:00,118.51
2853,520,2025-04-29 20:00:00,110.97
2854,284,2025-04-29 21:00:00,80.3
2855,517,2025-04-29 22:00:00,169.28
2856,657,2025-04-29 23:00:00,445.24
2857,613,2025-04-30 00:00:00,391.97
2858,164,2025-04-30 01:00:00,372.92
2859,886,2025-04-30 02:00:00,402.72
2860,659,2025-04-30 03:00:00,149.32
2861,64,2025-04-30 04:00:00,445.97
2862,91,2025-04-30 05:00:00,85.91
2863,117,2025-04-30 06:00:00,181.45
2864,866,2025-04-30 07:00:00,301.64
2865,267,2025-04-30 08:00:00,69.39
2866,822,2025-04-30 09:00:00,370.46
2867,685,2025-04-30 10:00:00,205.88
2868,559,2025-04-30 11:00:00,396.51
2869,140,2025-04-30 12:00:00,256.59
2870,246,2025-04-30 13:00:00,106.82
2871,661,2025-04-30 14:00:00,372.69
2872,758,2025-04-30 15:00:00,141.03
2873,395,2025-04-30 16:00:00,255.59
2874,487,2025-04-30 17:00:00,56.26
2875,476,2025-04-30 18:00:00,316.58
2876,517,2025-04-30 19:00:00,339.61
2877,977,2025-04-30 20:00:00,201.76
2878,184,2025-04-30 21:00:00,478.12
2879,20,2025-04-30 22:00:00,439.6
2880,937,2025-04-30 23:00:00,359.81
2881,558,2025-05-01 00:00:00,362.55
2882,524,2025-05-01 01:00:00,141.15
2883,582,2025-05-01 02:00:00,335.27
2884,529,2025-05-01 03:00:00,115.14
2885,883,2025-05-01 04:00:00,89.12
2886,147,2025-05-01 05:00:00,499.74
2887,666,2025-05-01 06:00:00,318.74
2888,304,2025-05-01 07:00:00,226.87
2889,620,2025-05-01 08:00:00,158.32
2890,748,2025-05-01 09:00:00,309.88
2891,820,2025-05-01 10:00:00,43.8
2892,864,2025-05-01 11:00:00,65.45
2893,582,2025-05-01 12:00:00,35.77
2894,695,2025-05-01 13:00:00,259.6
2895,762,2025-05-01 14:00:00,308.29
2896,228,2025-05-01 15:00:00,49.99
2897,102,2025-05-01 16:00:00,366.19
2898,587,2025-05-01 17:00:00,130.59
2899,417,2025-05-01 18:00:00,348.9
2900,958,2025-05-01 19:00:00,491.31
2901,216,2025-05-01 20:00:00,351.73
2902,407,2025-05-01 21:00:00,443.93
2903,399,2025-05-01 22:00:00,475.14
2904,923,2025-05-01 23:00:00,253.64
2905,715,2025-05-02 00:00:00,357.12
2906,704,2025-05-02 01:00:00,428.95
2907,761,2025-05-02 02:00:00,191.17
2908,499,2025-05-02 03:00:00,145.47
2909,754,2025-05-02 04:00:00,474.37
2910,465,2025-05-02 05:00:00,368.63
2911,691,2025-05-02 06:00:00,125.45
2912,949,2025-05-02 07:00:00,235.56
2913,974,2025-05-02 08:00:00,402.3
2914,731,2025-05-02 09:00:00,282.59
2915,82,2025-05-02 10:00:00,331.98
2916,604,2025-05-02 11:00:00,381.81
2917,947,2025-05-02 12:00:00,318.56
2918,687,2025-05-02 13:00:00,279.24
2919,751,2025-05-02 14:00:00,379.81
2920,772,2025-05-02 15:00:00,369.23
2921,903,2025-05-02 16:00:00,322.34
2922,365,2025-05-02 17:00:00,192.7
2923,163,2025-05-02 18:00:00,214.79
2924,48,2025-05-02 19:00:00,485.81
2925,511,2025-05-02 20:00:00,73.95
2926,329,2025-05-02 21:00:00,148.88
2927,840,2025-05-02 22:00:00,256.35
2928,116,2025-05-02 23:00:00,421.63
2929,941,2025-05-03 00:00:00,98.56
2930,849,2025-05-03 01:00:00,152.94
2931,337,2025-05-03 02:00:00,51.58
2932,881,2025-05-03 03:00:00,358.87
2933,737,2025-05-03 04:00:00,134.34
2934,864,2025-05-03 05:00:00,206.56
2935,840,2025-05-03 06:00:00,232.98
2936,147,2025-05-03 07:00:00,447.83
2937,575,2025-05-03 08:00:00,217.44
2938,806,2025-05-03 09:00:00,89.71
2939,323,2025-05-03 10:00:00,271.67
2940,443,2025-05-03 11:00:00,482.22
2941,837,2025-05-03 12:00:00,311.69
2942,13,2025-05-03 13:00:00,492.03
2943,943,2025-05-03 14:00:00,423.73
2944,494,2025-05-03 15:00:00,37.26
2945,701,2025-05-03 16:00:00,336.03
2946,287,2025-05-03 17:00:00,157.65
2947,720,2025-05-03 18:00:00,288.62
2948,114,2025-05-03 19:00:00,154.09
2949,480,2025-05-03 20:00:00,187.46
2950,22,2025-05-03 21:00:00,463.12
2951,349,2025-05-03 22:00:00,119.19
2952,726,2025-05-03 23:00:00,439.57
2953,683,2025-05-04 00:00:00,34.62
2954,835,2025-05-04 01:00:00,63.62
2955,566,2025-05-04 02:00:00,430.24
2956,906,2025-05-04 03:00:00,322.67
2957,810,2025-05-04 04:00:00,378.67
2958,320,2025-05-04 05:00:00,120.52
2959,126,2025-05-04 06:00:00,277.8
2960,277,2025-05-04 07:00:00,373.87
2961,976,2025-05-04 08:00:00,321.11
2962,204,2025-05-04 09:00:00,246.42
2963,194,2025-05-04 10:00:00,480.7
2964,681,2025-05-04 11:00:00,344.56
2965,664,2025-05-04 12:00:00,455.72
2966,547,2025-05-04 13:00:00,370.29
2967,696,2025-05-04 14:00:00,373.02
2968,286,2025-05-04 15:00:00,58.41
2969,57,2025-05-04 16:00:00,192.54
2970,734,2025-05-04 17:00:00,432.02
2971,303,2025-05-04 18:00:00,131.65
2972,163,2025-05-04 19:00:00,75.44
2973,19,2025-05-04 20:00:00,176.53
2974,370,2025-05-04 21:00:00,125.81
2975,264,2025-05-04 22:00:00,464.14
2976,794,2025-05-04 23:00:00,436.62
2977,113,2025-05-05 00:00:00,259.85
2978,488,2025-05-05 01:00:00,49.45
2979,327,2025-05-05 02:00:00,362.99
2980,542,2025-05-05 03:00:00,319.24
2981,647,2025-05-05 04:00:00,485.87
2982,579,2025-05-05 05:00:00,288.3
2983,65,2025-05-05 06:00:00,181.47
2984,292,2025-05-05 07:00:00,269.13
2985,25,2025-05-05 08:00:00,490.05
2986,549,2025-05-05 09:00:00,354.25
2987,1,2025-05-05 10:00:00,342.55
2988,911,2025-05-05 11:00:00,135.53
2989,549,2025-05-05 12:00:00,376.93
2990,141,2025-05-05 13:00:00,380.13
2991,744,2025-05-05 14:00:00,172.3
2992,648,2025-05-05 15:00:00,252.18
2993,901,2025-05-05 16:00:00,161.41
2994,188,2025-05-05 17:00:00,144.18
2995,128,2025-05-05 18:00:00,32.43
2996,201,2025-05-05 19:00:00,156.9
2997,127,2025-05-05 20:00:00,285.91
2998,257,2025-05-05 21:00:00,20.77
2999,676,2025-05-05 22:00:00,155.95
3000,547,2025-05-05 23:00:00,443.08
3001,194,2025-05-06 00:00:00,304.95
3002,703,2025-05-06 01:00:00,311.77
3003,104,2025-05-06 02:00:00,213.61
3004,535,2025-05-06 03:00:00,344.71
3005,265,2025-05-06 04:00:00,111.17
3006,802,2025-05-06 05:00:00,413.0
3007,942,2025-05-06 06:00:00,76.01
3008,974,2025-05-06 07:00:00,334.88
3009,384,2025-05-06 08:00:00,183.75
3010,260,2025-05-06 09:00:00,378.81
3011,414,2025-05-06 10:00:00,283.89
3012,991,2025-05-06 11:00:00,237.13
3013,358,2025-05-06 12:00:00,101.32
3014,75,2025-05-06 13:00:00,325.67
3015,355,2025-05-06 14:00:00,487.89
3016,584,2025-05-06 15:00:00,416.29
3017,771,2025-05-06 16:00:00,48.8
3018,910,2025-05-06 17:00:00,200.59
3019,188,2025-05-06 18:00:00,464.28
3020,973,2025-05-06 19:00:00,261.46
3021,685,2025-05-06 20:00:00,337.81
3022,992,2025-05-06 21:00:00,458.05
3023,290,2025-05-06 22:00:00,439.42
3024,45,2025-05-06 23:00:00,260.87
3025,573,2025-05-07 00:00:00,230.07
3026,83,2025-05-07 01:00:00,183.05
3027,123,2025-05-07 02:00:00,365.13
3028,358,2025-05-07 03:00:00,157.75
3029,528,2025-05-07 04:00:00,139.95
3030,66,2025-05-07 05:00:00,191.0
3031,936,2025-05-07 06:00:00,105.06
3032,657,2025-05-07 07:00:00,353.66
3033,375,2025-05-07 08:00:00,315.8
3034,162,2025-05-07 09:00:00,251.78
3035,746,2025-05-07 10:00:00,207.36
3036,380,2025-05-07 11:00:00,456.35
3037,656,2025-05-07 12:00:00,33.98
3038,358,2025-05-07 13:00:00,389.17
3039,188,2025-05-07 14:00:00,452.92
3040,322,2025-05-07 15:00:00,234.25
3041,450,2025-05-07 16:00:00,284.33
3042,474,2025-05-07 17:00:00,473.34
3043,13,2025-05-07 18:00:00,121.89
3044,184,2025-05-07 19:00:00,269.66
3045,111,2025-05-07 20:00:00,247.87
3046,927,2025-05-07 21:00:00,144.03
3047,508,2025-05-07 22:00:00,412.92
3048,290,2025-05-07 23:00:00,451.81
3049,295,2025-05-08 00:00:00,395.33
3050,451,2025-05-08 01:00:00,113.77
3051,904,2025-05-08 02:00:00,61.64
3052,215,2025-05-08 03:00:00,310.61
3053,974,2025-05-08 04:00:00,47.41
3054,632,2025-05-08 05:00:00,342.96
3055,894,2025-05-08 06:00:00,274.6
3056,567,2025-05-08 07:00:00,338.14
3057,27,2025-05-08 08:00:00,303.28
3058,630,2025-05-08 09:00:00,222.9
3059,733,2025-05-08 10:00:00,116.42
3060,231,2025-05-08 11:00:00,166.74
3061,565,2025-05-08 12:00:00,271.76
3062,807,2025-05-08 13:00:00,332.9
3063,321,2025-05-08 14:00:00,394.15
3064,913,2025-05-08 15:00:00,388.24
3065,233,2025-05-08 16:00:00,486.89
3066,670,2025-05-08 17:00:00,157.2
3067,437,2025-05-08 18:00:00,54.13
3068,781,2025-05-08 19:00:00,185.92
3069,533,2025-05-08 20:00:00,376.78
3070,403,2025-05-08 21:00:00,230.29
3071,53,2025-05-08 22:00:00,412.54
3072,787,2025-05-08 23:00:00,283.68
3073,313,2025-05-09 00:00:00,466.3
3074,281,2025-05-09 01:00:00,474.97
3075,726,2025-05-09 02:00:00,53.27
3076,31,2025-05-09 03:00:00,239.08
3077,337,2025-05-09 04:00:00,312.65
3078,183,2025-05-09 05:00:00,142.82
3079,23,2025-05-09 06:00:00,215.4
3080,544,2025-05-09 07:00:00,345.29
3081,446,2025-05-09 08:00:00,128.83
3082,74,2025-05-09 09:00:00,308.95
3083,10,2025-05-09 10:00:00,354.77
3084,484,2025-05-09 11:00:00,63.44
3085,456,2025-05-09 12:00:00,258.81
3086,566,2025-05-09 13:00:00,146.28
3087,564,2025-05-09 14:00:00,367.71
3088,660,2025-05-09 15:00:00,110.99
3089,160,2025-05-09 16:00:00,448.27
3090,882,2025-05-09 17:00:00,226.85
3091,14,2025-05-09 18:00:00,115.04
3092,178,2025-05-09 19:00:00,230.25
3093,412,2025-05-09 20:00:00,216.2
3094,878,2025-05-09 21:00:00,225.88
3095,53,2025-05-09 22:00:00,301.07
3096,408,2025-05-09 23:00:00,270.16
3097,847,2025-05-10 00:00:00,91.89
3098,22,2025-05-10 01:00:00,51.48
3099,30,2025-05-10 02:00:00,370.12
3100,703,2025-05-10 03:00:00,288.66
3101,260,2025-05-10 04:00:00,192.32
3102,205,2025-05-10 05:00:00,408.01
3103,59,2025-05-10 06:00:00,206.27
3104,471,2025-05-10 07:00:00,402.06
3105,776,2025-05-10 08:00:00,166.76
3106,466,2025-05-10 09:00:00,54.97
3107,12,2025-05-10 10:00:00,467.67
3108,631,2025-05-10 11:00:00,209.38
3109,927,2025-05-10 12:00:00,400.49
3110,974,2025-05-10 13:00:00,153.99
3111,290,2025-05-10 14:00:00,330.26
3112,850,2025-05-10 15:00:00,439.19
3113,760,2025-05-10 16:00:00,39.99
3114,354,2025-05-10 17:00:00,418.71
3115,639,2025-05-10 18:00:00,294.24
3116,75,2025-05-10 19:00:00,311.59
3117,873,2025-05-10 20:00:00,271.12
3118,716,2025-05-10 21:00:00,439.75
3119,561,2025-05-10 22:00:00,40.85
3120,591,2025-05-10 23:00:00,145.29
3121,441,2025-05-11 00:00:00,440.37
3122,991,2025-05-11 01:00:00,381.13
3123,241,2025-05-11 02:00:00,28.47
3124,861,2025-05-11 03:00:00,268.16
3125,154,2025-05-11 04:00:00,274.19
3126,786,2025-05-11 05:00:00,212.42
3127,96,2025-05-11 06:00:00,162.75
3128,726,2025-05-11 07:00:00,347.23
3129,294,2025-05-11 08:00:00,119.74
3130,209,2025-05-11 09:00:00,403.5
3131,343,2025-05-11 10:00:00,405.46
3132,88,2025-05-11 11:00:00,219.33
3133,818,2025-05-11 12:00:00,156.1
3134,776,2025-05-11 13:00:00,156.26
3135,937,2025-05-11 14:00:00,251.5
3136,390,2025-05-11 15:00:00,365.4
3137,325,2025-05-11 16:00:00,192.26
3138,940,2025-05-11 17:00:00,312.82
3139,889,2025-05-11 18:00:00,203.59
3140,832,2025-05-11 19:00:00,166.17
3141,157,2025-05-11 20:00:00,31.93
3142,668,2025-05-11 21:00:00,21.88
3143,651,2025-05-11 22:00:00,129.06
3144,633,2025-05-11 23:00:00,215.08
3145,577,2025-05-12 00:00:00,428.61
3146,619,2025-05-12 01:00:00,403.27
3147,659,2025-05-12 02:00:00,148.24
3148,137,2025-05-12 03:00:00,137.38
3149,923,2025-05-12 04:00:00,129.11
3150,674,2025-05-12 05:00:00,182.83
3151,428,2025-05-12 06:00:00,259.14
3152,452,2025-05-12 07:00:00,230.56
3153,612,2025-05-12 08:00:00,124.77
3154,850,2025-05-12 09:00:00,82.62
3155,911,2025-05-12 10:00:00,26.04
3156,819,2025-05-12 11:00:00,93.9
3157,141,2025-05-12 12:00:00,358.57
3158,83,2025-05-12 13:00:00,136.95
3159,177,2025-05-12 14:00:00,244.93
3160,198,2025-05-12 15:00:00,303.82
3161,624,2025-05-12 16:00:00,445.68
3162,568,2025-05-12 17:00:00,446.65
3163,972,2025-05-12 18:00:00,377.95
3164,691,2025-05-12 19:00:00,36.88
3165,421,2025-05-12 20:00:00,296.03
3166,401,2025-05-12 21:00:00,397.56
3167,698,2025-05-12 22:00:00,28.3
3168,471,2025-05-12 23:00:00,283.85
3169,218,2025-05-13 00:00:00,431.73
3170,925,2025-05-13 01:00:00,247.57
3171,929,2025-05-13 02:00:00,21.97
3172,828,2025-05-13 03:00:00,25.29
3173,987,2025-05-13 04:00:00,219.99
3174,729,2025-05-13 05:00:00,94.4
3175,632,2025-05-13 06:00:00,338.94
3176,951,2025-05-13 07:00:00,360.22
3177,906,2025-05-13 08:00:00,105.38
3178,175,2025-05-13 09:00:00,446.5
3179,23,2025-05-13 10:00:00,232.12
3180,725,2025-05-13 11:00:00,88.57
3181,917,2025-05-13 12:00:00,386.84
3182,235,2025-05-13 13:00:00,399.19
3183,13,2025-05-13 14:00:00,326.86
3184,101,2025-05-13 15:00:00,429.66
3185,929,2025-05-13 16:00:00,373.94
3186,536,2025-05-13 17:00:00,443.46
3187,876,2025-05-13 18:00:00,228.27
3188,523,2025-05-13 19:00:00,378.85
3189,785,2025-05-13 20:00:00,499.88
3190,452,2025-05-13 21:00:00,367.97
3191,431,2025-05-13 22:00:00,74.81
3192,793,2025-05-13 23:00:00,268.79
3193,606,2025-05-14 00:00:00,301.93
3194,713,2025-05-14 01:00:00,103.62
3195,533,2025-05-14 02:00:00,482.19
3196,852,2025-05-14 03:00:00,104.28
3197,979,2025-05-14 04:00:00,105.23
3198,723,2025-05-14 05:00:00,459.28
3199,652,2025-05-14 06:00:00,243.3
3200,293,2025-05-14 07:00:00,50.33
3201,810,2025-05-14 08:00:00,307.13
3202,913,2025-05-14 09:00:00,308.88
3203,101,2025-05-14 10:00:00,50.96
3204,502,2025-05-14 11:00:00,486.81
3205,304,2025-05-14 12:00:00,281.13
3206,871,2025-05-14 13:00:00,288.7
3207,540,2025-05-14 14:00:00,269.66
3208,553,2025-05-14 15:00:00,313.15
3209,355,2025-05-14 16:00:00,146.86
3210,303,2025-05-14 17:00:00,157.88
3211,496,2025-05-14 18:00:00,265.44
3212,658,2025-05-14 19:00:00,407.21
3213,768,2025-05-14 20:00:00,43.93
3214,974,2025-05-14 21:00:00,309.63
3215,227,2025-05-14 22:00:00,407.25
3216,236,2025-05-14 23:00:00,95.32
3217,873,2025-05-15 00:00:00,27.21
3218,892,2025-05-15 01:00:00,170.1
3219,455,2025-05-15 02:00:00,302.31
3220,13,2025-05-15 03:00:00,86.38
3221,210,2025-05-15 04:00:00,224.54
3222,741,2025-05-15 05:00:00,285.11
3223,397,2025-05-15 06:00:00,307.46
3224,100,2025-05-15 07:00:00,151.72
3225,31,2025-05-15 08:00:00,212.01
3226,898,2025-05-15 09:00:00,393.6
3227,528,2025-05-15 10:00:00,471.78
3228,649,2025-05-15 11:00:00,433.7
3229,329,2025-05-15 12:00:00,290.86
3230,166,2025-05-15 13:00:00,216.94
3231,459,2025-05-15 14:00:00,179.82
3232,822,2025-05-15 15:00:00,79.98
3233,952,2025-05-15 16:00:00,71.14
3234,982,2025-05-15 17:00:00,350.41
3235,993,2025-05-15 18:00:00,144.7
3236,100,2025-05-15 19:00:00,142.24
3237,621,2025-05-15 20:00:00,499.13
3238,855,2025-05-15 21:00:00,110.2
3239,173,2025-05-15 22:00:00,91.07
3240,749,2025-05-15 23:00:00,67.37
3241,162,2025-05-16 00:00:00,298.31
3242,905,2025-05-16 01:00:00,321.37
3243,728,2025-05-16 02:00:00,195.31
3244,776,2025-05-16 03:00:00,277.0
3245,263,2025-05-16 04:00:00,398.43
3246,804,2025-05-16 05:00:00,412.69
3247,274,2025-05-16 06:00:00,479.8
3248,3,2025-05-16 07:00:00,415.65
3249,28,2025-05-16 08:00:00,291.12
3250,326,2025-05-16 09:00:00,106.24
3251,940,2025-05-16 10:00:00,67.89
3252,149,2025-05-16 11:00:00,46.17
3253,540,2025-05-16 12:00:00,339.93
3254,488,2025-05-16 13:00:00,407.62
3255,822,2025-05-16 14:00:00,264.17
3256,438,2025-05-16 15:00:00,46.26
3257,65,2025-05-16 16:00:00,277.03
3258,356,2025-05-16 17:00:00,469.16
3259,533,2025-05-16 18:00:00,306.85
3260,252,2025-05-16 19:00:00,408.53
3261,235,2025-05-16 20:00:00,404.07
3262,227,2025-05-16 21:00:00,467.42
3263,525,2025-05-16 22:00:00,389.71
3264,313,2025-05-16 23:00:00,378.9
3265,49,2025-05-17 00:00:00,132.37
3266,118,2025-05-17 01:00:00,48.76
3267,54,2025-05-17 02:00:00,268.45
3268,650,2025-05-17 03:00:00,79.73
3269,565,2025-05-17 04:00:00,481.85
3270,44,2025-05-17 05:00:00,159.16
3271,815,2025-05-17 06:00:00,429.41
3272,53,2025-05-17 07:00:00,206.06
3273,586,2025-05-17 08:00:00,175.13
3274,558,2025-05-17 09:00:00,468.88
3275,525,2025-05-17 10:00:00,194.39
3276,677,2025-05-17 11:00:00,207.34
3277,102,2025-05-17 12:00:00,70.92
3278,792,2025-05-17 13:00:00,341.81
3279,770,2025-05-17 14:00:00,158.64
3280,982,2025-05-17 15:00:00,301.09
3281,849,2025-05-17 16:00:00,303.85
3282,868,2025-05-17 17:00:00,365.22
3283,398,2025-05-17 18:00:00,377.72
3284,138,2025-05-17 19:00:00,266.94
3285,675,2025-05-17 20:00:00,178.88
3286,921,2025-05-17 21:00:00,421.98
3287,387,2025-05-17 22:00:00,168.74
3288,111,2025-05-17 23:00:00,263.6
3289,614,2025-05-18 00:00:00,212.6
3290,17,2025-05-18 01:00:00,430.44
3291,780,2025-05-18 02:00:00,227.32
3292,182,2025-05-18 03:00:00,205.33
3293,884,2025-05-18 04:00:00,351.12
3294,536,2025-05-18 05:00:00,309.17
3295,541,2025-05-18 06:00:00,71.48
3296,171,2025-05-18 07:00:00,263.92
3297,409,2025-05-18 08:00:00,373.03
3298,740,2025-05-18 09:00:00,496.2
3299,378,2025-05-18 10:00:00,321.99
3300,188,2025-05-18 11:00:00,197.74
3301,858,2025-05-18 12:00:00,128.55
3302,230,2025-05-18 13:00:00,438.96
3303,833,2025-05-18 14:00:00,410.99
3304,852,2025-05-18 15:00:00,132.28
3305,119,2025-05-18 16:00:00,116.3
3306,156,2025-05-18 17:00:00,363.27
3307,784,2025-05-18 18:00:00,171.18
3308,687,2025-05-18 19:00:00,167.07
3309,465,2025-05-18 20:00:00,93.1
3310,104,2025-05-18 21:00:00,146.71
3311,604,2025-05-18 22:00:00,225.2
3312,698,2025-05-18 23:00:00,371.76
3313,972,2025-05-19 00:00:00,181.43
3314,795,2025-05-19 01:00:00,177.73
3315,502,2025-05-19 02:00:00,156.76
3316,693,2025-05-19 03:00:00,249.58
3317,682,2025-05-19 04:00:00,106.71
3318,699,2025-05-19 05:00:00,253.1
3319,175,2025-05-19 06:00:00,358.0
3320,734,2025-05-19 07:00:00,34.3
3321,745,2025-05-19 08:00:00,24.69
3322,674,2025-05-19 09:00:00,56.06
3323,421,2025-05-19 10:00:00,277.12
3324,134,2025-05-19 11:00:00,430.14
3325,391,2025-05-19 12:00:00,22.34
3326,992,2025-05-19 13:00:00,469.6
3327,736,2025-05-19 14:00:00,71.01
3328,501,2025-05-19 15:00:00,424.15
3329,665,2025-05-19 16:00:00,251.77
3330,33,2025-05-19 17:00:00,336.49
3331,55,2025-05-19 18:00:00,265.13
3332,954,2025-05-19 19:00:00,248.98
3333,519,2025-05-19 20:00:00,420.75
3334,756,2025-05-19 21:00:00,382.83
3335,825,2025-05-19 22:00:00,252.03
3336,638,2025-05-19 23:00:00,73.59
3337,12,2025-05-20 00:00:00,75.39
3338,528,2025-05-20 01:00:00,404.74
3339,720,2025-05-20 02:00:00,274.11
3340,555,2025-05-20 03:00:00,251.16
3341,373,2025-05-20 04:00:00,346.67
3342,484,2025-05-20 05:00:00,432.24
3343,973,2025-05-20 06:00:00,321.86
3344,647,2025-05-20 07:00:00,386.17
3345,228,2025-05-20 08:00:00,387.33
3346,623,2025-05-20 09:00:00,191.01
3347,307,2025-05-20 10:00:00,151.56
3348,457,2025-05-20 11:00:00,404.56
3349,160,2025-05-20 12:00:00,201.05
3350,331,2025-05-20 13:00:00,453.6
3351,776,2025-05-20 14:00:00,53.45
3352,225,2025-05-20 15:00:00,47.94
3353,983,2025-05-20 16:00:00,464.96
3354,729,2025-05-20 17:00:00,331.26
3355,504,2025-05-20 18:00:00,202.21
3356,456,2025-05-20 19:00:00,382.43
3357,45,2025-05-20 20:00:00,342.72
3358,214,2025-05-20 21:00:00,274.98
3359,59,2025-05-20 22:00:00,67.46
3360,644,2025-05-20 23:00:00,409.85
3361,616,2025-05-21 00:00:00,435.69
3362,195,2025-05-21 01:00:00,102.64
3363,925,2025-05-21 02:00:00,428.25
3364,489,2025-05-21 03:00:00,441.37
3365,157,2025-05-21 04:00:00,283.73
3366,610,2025-05-21 05:00:00,334.97
3367,226,2025-05-21 06:00:00,203.47
3368,412,2025-05-21 07:00:00,155.26
3369,205,2025-05-21 08:00:00,366.55
3370,79,2025-05-21 09:00:00,433.7
3371,124,2025-05-21 10:00:00,333.96
3372,471,2025-05-21 11:00:00,265.56
3373,940,2025-05-21 12:00:00,96.28
3374,218,2025-05-21 13:00:00,45.66
3375,516,2025-05-21 14:00:00,233.93
3376,602,2025-05-21 15:00:00,43.69
3377,104,2025-05-21 16:00:00,293.28
3378,393,2025-05-21 17:00:00,203.71
3379,631,2025-05-21 18:00:00,383.45
3380,645,2025-05-21 19:00:00,166.71
3381,824,2025-05-21 20:00:00,304.63
3382,608,2025-05-21 21:00:00,278.09
3383,980,2025-05-21 22:00:00,22.26
3384,434,2025-05-21 23:00:00,54.75
3385,331,2025-05-22 00:00:00,159.38
3386,143,2025-05-22 01:00:00,443.47
3387,800,2025-05-22 02:00:00,90.57
3388,540,2025-05-22 03:00:00,361.23
3389,278,2025-05-22 04:00:00,487.22
3390,233,2025-05-22 05:00:00,399.47
3391,529,2025-05-22 06:00:00,136.61
3392,571,2025-05-22 07:00:00,456.02
3393,90,2025-05-22 08:00:00,64.69
3394,492,2025-05-22 09:00:00,244.71
3395,199,2025-05-22 10:00:00,446.02
3396,362,2025-05-22 11:00:00,327.81
3397,441,2025-05-22 12:00:00,218.55
3398,26,2025-05-22 13:00:00,160.55
3399,25,2025-05-22 14:00:00,200.05
3400,394,2025-05-22 15:00:00,264.29
3401,507,2025-05-22 16:00:00,173.14
3402,301,2025-05-22 17:00:00,485.1
3403,339,2025-05-22 18:00:00,467.88
3404,267,2025-05-22 19:00:00,437.92
3405,461,2025-05-22 20:00:00,222.48
3406,693,2025-05-22 21:00:00,351.82
3407,456,2025-05-22 22:00:00,453.36
3408,360,2025-05-22 23:00:00,428.21
3409,68,2025-05-23 00:00:00,218.88
3410,863,2025-05-23 01:00:00,73.95
3411,412,2025-05-23 02:00:00,56.3
3412,971,2025-05-23 03:00:00,296.99
3413,491,2025-05-23 04:00:00,328.46
3414,833,2025-05-23 05:00:00,427.92
3415,49,2025-05-23 06:00:00,160.41
3416,687,2025-05-23 07:00:00,100.39
3417,564,2025-05-23 08:00:00,201.92
3418,102,2025-05-23 09:00:00,189.72
3419,216,2025-05-23 10:00:00,83.59
3420,438,2025-05-23 11:00:00,342.7
3421,700,2025-05-23 12:00:00,264.17
3422,569,2025-05-23 13:00:00,366.14
3423,559,2025-05-23 14:00:00,189.29
3424,159,2025-05-23 15:00:00,176.34
3425,489,2025-05-23 16:00:00,246.84
3426,686,2025-05-23 17:00:00,441.16
3427,242,2025-05-23 18:00:00,39.34
3428,794,2025-05-23 19:00:00,406.32
3429,753,2025-05-23 20:00:00,197.11
3430,882,2025-05-23 21:00:00,430.22
3431,5,2025-05-23 22:00:00,405.06
3432,596,2025-05-23 23:00:00,187.41
3433,820,2025-05-24 00:00:00,353.06
3434,361,2025-05-24 01:00:00,96.62
3435,459,2025-05-24 02:00:00,450.22
3436,248,2025-05-24 03:00:00,214.16
3437,566,2025-05-24 04:00:00,238.7
3438,673,2025-05-24 05:00:00,358.76
3439,946,2025-05-24 06:00:00,414.0
3440,422,2025-05-24 07:00:00,133.44
3441,923,2025-05-24 08:00:00,337.45
3442,738,2025-05-24 09:00:00,208.16
3443,15,2025-05-24 10:00:00,196.98
3444,736,2025-05-24 11:00:00,351.21
3445,573,2025-05-24 12:00:00,205.85
3446,122,2025-05-24 13:00:00,186.13
3447,277,2025-05-24 14:00:00,421.23
3448,558,2025-05-24 15:00:00,68.61
3449,453,2025-05-24 16:00:00,344.43
3450,390,2025-05-24 17:00:00,139.39
3451,294,2025-05-24 18:00:00,27.44
3452,574,2025-05-24 19:00:00,100.05
3453,598,2025-05-24 20:00:00,311.2
3454,446,2025-05-24 21:00:00,360.38
3455,210,2025-05-24 22:00:00,30.11
3456,590,2025-05-24 23:00:00,37.48
3457,714,2025-05-25 00:00:00,453.22
3458,302,2025-05-25 01:00:00,55.19
3459,909,2025-05-25 02:00:00,449.21
3460,223,2025-05-25 03:00:00,129.52
3461,734,2025-05-25 04:00:00,375.21
3462,3,2025-05-25 05:00:00,168.67
3463,990,2025-05-25 06:00:00,432.2
3464,518,2025-05-25 07:00:00,356.22
3465,93,2025-05-25 08:00:00,212.87
3466,520,2025-05-25 09:00:00,56.63
3467,428,2025-05-25 10:00:00,371.7
3468,493,2025-05-25 11:00:00,316.1
3469,235,2025-05-25 12:00:00,21.4
3470,620,2025-05-25 13:00:00,24.52
3471,161,2025-05-25 14:00:00,408.22
3472,721,2025-05-25 15:00:00,144.51
3473,752,2025-05-25 16:00:00,325.34
3474,331,2025-05-25 17:00:00,238.02
3475,333,2025-05-25 18:00:00,434.45
3476,50,2025-05-25 19:00:00,460.14
3477,523,2025-05-25 20:00:00,498.47
3478,863,2025-05-25 21:00:00,93.77
3479,668,2025-05-25 22:00:00,434.22
3480,492,2025-05-25 23:00:00,147.69
3481,582,2025-05-26 00:00:00,303.59
3482,681,2025-05-26 01:00:00,262.77
3483,272,2025-05-26 02:00:00,28.63
3484,580,2025-05-26 03:00:00,467.73
3485,867,2025-05-26 04:00:00,57.6
3486,252,2025-05-26 05:00:00,350.35
3487,560,2025-05-26 06:00:00,396.8
3488,696,2025-05-26 07:00:00,401.74
3489,832,2025-05-26 08:00:00,85.04
3490,699,2025-05-26 09:00:00,234.83
3491,90,2025-05-26 10:00:00,418.13
3492,446,2025-05-26 11:00:00,165.29
3493,332,2025-05-26 12:00:00,244.52
3494,139,2025-05-26 13:00:00,150.94
3495,357,2025-05-26 14:00:00,242.5
3496,601,2025-05-26 15:00:00,446.16
3497,274,2025-05-26 16:00:00,238.46
3498,19,2025-05-26 17:00:00,286.84
3499,983,2025-05-26 18:00:00,213.91
3500,311,2025-05-26 19:00:00,240.86
3501,870,2025-05-26 20:00:00,27.28
3502,886,2025-05-26 21:00:00,156.2
3503,978,2025-05-26 22:00:00,229.56
3504,154,2025-05-26 23:00:00,324.22
3505,390,2025-05-27 00:00:00,236.02
3506,260,2025-05-27 01:00:00,182.15
3507,620,2025-05-27 02:00:00,206.29
3508,883,2025-05-27 03:00:00,136.3
3509,797,2025-05-27 04:00:00,463.76
3510,571,2025-05-27 05:00:00,270.44
3511,125,2025-05-27 06:00:00,26.44
3512,354,2025-05-27 07:00:00,29.33
3513,273,2025-05-27 08:00:00,487.02
3514,619,2025-05-27 09:00:00,126.3
3515,811,2025-05-27 10:00:00,406.69
3516,245,2025-05-27 11:00:00,47.97
3517,848,2025-05-27 12:00:00,462.16
3518,450,2025-05-27 13:00:00,439.72
3519,930,2025-05-27 14:00:00,294.12
3520,247,2025-05-27 15:00:00,24.32
3521,520,2025-05-27 16:00:00,143.75
3522,141,2025-05-27 17:00:00,215.27
3523,362,2025-05-27 18:00:00,240.83
3524,8,2025-05-27 19:00:00,162.89
3525,478,2025-05-27 20:00:00,35.81
3526,352,2025-05-27 21:00:00,303.26
3527,996,2025-05-27 22:00:00,271.59
3528,495,2025-05-27 23:00:00,155.84
3529,606,2025-05-28 00:00:00,38.23
3530,833,2025-05-28 01:00:00,497.41
3531,427,2025-05-28 02:00:00,251.35
3532,39,2025-05-28 03:00:00,382.88
3533,593,2025-05-28 04:00:00,237.11
3534,187,2025-05-28 05:00:00,40.72
3535,596,2025-05-28 06:00:00,168.61
3536,600,2025-05-28 07:00:00,173.65
3537,754,2025-05-28 08:00:00,422.41
3538,854,2025-05-28 09:00:00,334.03
3539,93,2025-05-28 10:00:00,152.21
3540,86,2025-05-28 11:00:00,484.52
3541,44,2025-05-28 12:00:00,174.34
3542,137,2025-05-28 13:00:00,499.15
3543,421,2025-05-28 14:00:00,498.16
3544,74,2025-05-28 15:00:00,111.78
3545,548,2025-05-28 16:00:00,170.12
3546,613,2025-05-28 17:00:00,253.3
3547,988,2025-05-28 18:00:00,338.77
3548,512,2025-05-28 19:00:00,273.46
3549,156,2025-05-28 20:00:00,485.33
3550,938,2025-05-28 21:00:00,367.51
3551,255,2025-05-28 22:00:00,121.78
3552,171,2025-05-28 23:00:00,70.45
3553,981,2025-05-29 00:00:00,350.43
3554,728,2025-05-29 01:00:00,96.06
3555,170,2025-05-29 02:00:00,398.08
3556,764,2025-05-29 03:00:00,169.3
3557,872,2025-05-29 04:00:00,176.91
3558,322,2025-05-29 05:00:00,25.18
3559,567,2025-05-29 06:00:00,356.49
3560,456,2025-05-29 07:00:00,74.37
3561,944,2025-05-29 08:00:00,390.98
3562,603,2025-05-29 09:00:00,256.1
3563,790,2025-05-29 10:00:00,396.45
3564,613,2025-05-29 11:00:00,300.28
3565,155,2025-05-29 12:00:00,59.57
3566,889,2025-05-29 13:00:00,387.51
3567,349,2025-05-29 14:00:00,53.5
3568,451,2025-05-29 15:00:00,249.78
3569,876,2025-05-29 16:00:00,102.73
3570,653,2025-05-29 17:00:00,381.12
3571,173,2025-05-29 18:00:00,457.56
3572,10,2025-05-29 19:00:00,285.98
3573,740,2025-05-29 20:00:00,273.03
3574,265,2025-05-29 21:00:00,386.7
3575,438,2025-05-29 22:00:00,22.44
3576,760,2025-05-29 23:00:00,460.52
3577,247,2025-05-30 00:00:00,114.78
3578,667,2025-05-30 01:00:00,492.38
3579,546,2025-05-30 02:00:00,373.4
3580,499,2025-05-30 03:00:00,391.64
3581,129,2025-05-30 04:00:00,334.98
3582,672,2025-05-30 05:00:00,246.4
3583,601,2025-05-30 06:00:00,294.38
3584,605,2025-05-30 07:00:00,42.27
3585,327,2025-05-30 08:00:00,319.5
3586,753,2025-05-30 09:00:00,320.53
3587,835,2025-05-30 10:00:00,447.78
3588,980,2025-05-30 11:00:00,262.72
3589,404,2025-05-30 12:00:00,57.03
3590,629,2025-05-30 13:00:00,166.97
3591,606,2025-05-30 14:00:00,334.7
3592,675,2025-05-30 15:00:00,134.84
3593,611,2025-05-30 16:00:00,154.65
3594,625,2025-05-30 17:00:00,413.83
3595,359,2025-05-30 18:00:00,300.47
3596,603,2025-05-30 19:00:00,264.09
3597,858,2025-05-30 20:00:00,172.86
3598,718,2025-05-30 21:00:00,370.85
3599,17,2025-05-30 22:00:00,158.1
3600,274,2025-05-30 23:00:00,373.79
3601,685,2025-05-31 00:00:00,53.65
3602,116,2025-05-31 01:00:00,434.98
3603,861,2025-05-31 02:00:00,259.79
3604,980,2025-05-31 03:00:00,230.48
3605,693,2025-05-31 04:00:00,313.29
3606,91,2025-05-31 05:00:00,319.61
3607,82,2025-05-31 06:00:00,83.38
3608,324,2025-05-31 07:00:00,382.99
3609,961,2025-05-31 08:00:00,152.45
3610,114,2025-05-31 09:00:00,454.38
3611,769,2025-05-31 10:00:00,412.57
3612,58,2025-05-31 11:00:00,186.21
3613,154,2025-05-31 12:00:00,407.71
3614,877,2025-05-31 13:00:00,191.07
3615,404,2025-05-31 14:00:00,68.45
3616,628,2025-05-31 15:00:00,481.71
3617,855,2025-05-31 16:00:00,333.25
3618,266,2025-05-31 17:00:00,238.93
3619,315,2025-05-31 18:00:00,210.93
3620,715,2025-05-31 19:00:00,175.86
3621,41,2025-05-31 20:00:00,491.09
3622,105,2025-05-31 21:00:00,84.68
3623,901,2025-05-31 22:00:00,171.11
3624,890,2025-05-31 23:00:00,253.04
3625,193,2025-06-01 00:00:00,249.44
3626,401,2025-06-01 01:00:00,246.26
3627,278,2025-06-01 02:00:00,104.38
3628,354,2025-06-01 03:00:00,89.57
3629,749,2025-06-01 04:00:00,142.29
3630,937,2025-06-01 05:00:00,458.97
3631,733,2025-06-01 06:00:00,74.27
3632,580,2025-06-01 07:00:00,383.56
3633,709,2025-06-01 08:00:00,383.62
3634,256,2025-06-01 09:00:00,408.69
3635,651,2025-06-01 10:00:00,445.58
3636,824,2025-06-01 11:00:00,146.26
3637,947,2025-06-01 12:00:00,127.79
3638,661,2025-06-01 13:00:00,243.44
3639,99,2025-06-01 14:00:00,147.24
3640,588,2025-06-01 15:00:00,372.47
3641,282,2025-06-01 16:00:00,325.25
3642,883,2025-06-01 17:00:00,439.99
3643,403,2025-06-01 18:00:00,59.71
3644,109,2025-06-01 19:00:00,459.24
3645,700,2025-06-01 20:00:00,160.81
3646,199,2025-06-01 21:00:00,255.53
3647,303,2025-06-01 22:00:00,230.53
3648,327,2025-06-01 23:00:00,384.95
3649,154,2025-06-02 00:00:00,221.76
3650,552,2025-06-02 01:00:00,472.91
3651,645,2025-06-02 02:00:00,453.22
3652,405,2025-06-02 03:00:00,438.64
3653,462,2025-06-02 04:00:00,54.2
3654,132,2025-06-02 05:00:00,430.04
3655,791,2025-06-02 06:00:00,395.19
3656,874,2025-06-02 07:00:00,69.69
3657,84,2025-06-02 08:00:00,71.56
3658,399,2025-06-02 09:00:00,68.56
3659,754,2025-06-02 10:00:00,25.44
3660,628,2025-06-02 11:00:00,283.34
3661,109,2025-06-02 12:00:00,487.23
3662,221,2025-06-02 13:00:00,230.57
3663,904,2025-06-02 14:00:00,279.56
3664,553,2025-06-02 15:00:00,484.63
3665,368,2025-06-02 16:00:00,142.49
3666,147,2025-06-02 17:00:00,432.07
3667,112,2025-06-02 18:00:00,282.27
3668,615,2025-06-02 19:00:00,293.35
3669,558,2025-06-02 20:00:00,184.72
3670,924,2025-06-02 21:00:00,289.56
3671,494,2025-06-02 22:00:00,55.11
3672,505,2025-06-02 23:00:00,387.03
3673,475,2025-06-03 00:00:00,156.65
3674,836,2025-06-03 01:00:00,446.05
3675,890,2025-06-03 02:00:00,196.57
3676,271,2025-06-03 03:00:00,88.56
3677,995,2025-06-03 04:00:00,354.02
3678,421,2025-06-03 05:00:00,99.0
3679,897,2025-06-03 06:00:00,381.77
3680,707,2025-06-03 07:00:00,484.69
3681,367,2025-06-03 08:00:00,394.19
3682,280,2025-06-03 09:00:00,30.78
3683,283,2025-06-03 10:00:00,307.95
3684,40,2025-06-03 11:00:00,353.8
3685,959,2025-06-03 12:00:00,416.22
3686,189,2025-06-03 13:00:00,46.88
3687,164,2025-06-03 14:00:00,250.45
3688,994,2025-06-03 15:00:00,276.98
3689,989,2025-06-03 16:00:00,101.18
3690,536,2025-06-03 17:00:00,174.78
3691,536,2025-06-03 18:00:00,231.31
3692,4,2025-06-03 19:00:00,419.94
3693,835,2025-06-03 20:00:00,466.12
3694,290,2025-06-03 21:00:00,321.64
3695,953,2025-06-03 22:00:00,209.57
3696,433,2025-06-03 23:00:00,141.93
3697,471,2025-06-04 00:00:00,491.42
3698,181,2025-06-04 01:00:00,491.85
3699,248,2025-06-04 02:00:00,463.99
3700,628,2025-06-04 03:00:00,397.12
3701,279,2025-06-04 04:00:00,176.37
3702,877,2025-06-04 05:00:00,412.16
3703,581,2025-06-04 06:00:00,216.22
3704,863,2025-06-04 07:00:00,176.85
3705,254,2025-06-04 08:00:00,377.54
3706,181,2025-06-04 09:00:00,58.23
3707,830,2025-06-04 10:00:00,43.31
3708,681,2025-06-04 11:00:00,235.02
3709,825,2025-06-04 12:00:00,233.91
3710,509,2025-06-04 13:00:00,449.91
3711,761,2025-06-04 14:00:00,80.55
3712,700,2025-06-04 15:00:00,79.18
3713,566,2025-06-04 16:00:00,90.78
3714,326,2025-06-04 17:00:00,34.27
3715,357,2025-06-04 18:00:00,54.43
3716,825,2025-06-04 19:00:00,336.74
3717,650,2025-06-04 20:00:00,227.16
3718,680,2025-06-04 21:00:00,386.53
3719,391,2025-06-04 22:00:00,496.45
3720,615,2025-06-04 23:00:00,336.34
3721,934,2025-06-05 00:00:00,44.22
3722,85,2025-06-05 01:00:00,70.19
3723,317,2025-06-05 02:00:00,442.88
3724,212,2025-06-05 03:00:00,273.2
3725,515,2025-06-05 04:00:00,415.92
3726,384,2025-06-05 05:00:00,431.17
3727,691,2025-06-05 06:00:00,465.28
3728,342,2025-06-05 07:00:00,475.92
3729,815,2025-06-05 08:00:00,286.32
3730,964,2025-06-05 09:00:00,183.69
3731,988,2025-06-05 10:00:00,481.7
3732,844,2025-06-05 11:00:00,282.76
3733,38,2025-06-05 12:00:00,50.84
3734,511,2025-06-05 13:00:00,328.53
3735,420,2025-06-05 14:00:00,302.09
3736,751,2025-06-05 15:00:00,449.98
3737,169,2025-06-05 16:00:00,333.53
3738,965,2025-06-05 17:00:00,187.55
3739,909,2025-06-05 18:00:00,483.79
3740,343,2025-06-05 19:00:00,404.78
3741,826,2025-06-05 20:00:00,322.6
3742,306,2025-06-05 21:00:00,160.6
3743,542,2025-06-05 22:00:00,199.3
3744,702,2025-06-05 23:00:00,341.59
3745,869,2025-06-06 00:00:00,54.55
3746,537,2025-06-06 01:00:00,143.21
3747,112,2025-06-06 02:00:00,362.67
3748,411,2025-06-06 03:00:00,250.41
3749,947,2025-06-06 04:00:00,213.15
3750,206,2025-06-06 05:00:00,92.7
3751,185,2025-06-06 06:00:00,232.09
3752,382,2025-06-06 07:00:00,389.93
3753,496,2025-06-06 08:00:00,146.73
3754,379,2025-06-06 09:00:00,22.59
3755,47,2025-06-06 10:00:00,340.88
3756,886,2025-06-06 11:00:00,486.86
3757,740,2025-06-06 12:00:00,311.28
3758,551,2025-06-06 13:00:00,77.56
3759,528,2025-06-06 14:00:00,173.95
3760,504,2025-06-06 15:00:00,436.47
3761,22,2025-06-06 16:00:00,131.63
3762,213,2025-06-06 17:00:00,311.69
3763,310,2025-06-06 18:00:00,213.28
3764,661,2025-06-06 19:00:00,119.76
3765,968,2025-06-06 20:00:00,410.44
3766,753,2025-06-06 21:00:00,376.56
3767,272,2025-06-06 22:00:00,337.56
3768,571,2025-06-06 23:00:00,133.44
3769,799,2025-06-07 00:00:00,66.97
3770,938,2025-06-07 01:00:00,296.56
3771,202,2025-06-07 02:00:00,285.77
3772,32,2025-06-07 03:00:00,110.42
3773,443,2025-06-07 04:00:00,47.0
3774,162,2025-06-07 05:00:00,58.74
3775,767,2025-06-07 06:00:00,496.53
3776,254,2025-06-07 07:00:00,396.12
3777,521,2025-06-07 08:00:00,462.55
3778,977,2025-06-07 09:00:00,113.63
3779,651,2025-06-07 10:00:00,481.07
3780,480,2025-06-07 11:00:00,88.47
3781,10,2025-06-07 12:00:00,264.36
3782,726,2025-06-07 13:00:00,418.25
3783,505,2025-06-07 14:00:00,187.91
3784,785,2025-06-07 15:00:00,223.92
3785,836,2025-06-07 16:00:00,81.53
3786,560,2025-06-07 17:00:00,79.0
3787,436,2025-06-07 18:00:00,317.39
3788,111,2025-06-07 19:00:00,344.26
3789,153,2025-06-07 20:00:00,393.12
3790,635,2025-06-07 21:00:00,287.21
3791,917,2025-06-07 22:00:00,329.96
3792,869,2025-06-07 23:00:00,26.49
3793,102,2025-06-08 00:00:00,97.84
3794,753,2025-06-08 01:00:00,492.76
3795,833,2025-06-08 02:00:00,56.48
3796,191,2025-06-08 03:00:00,345.82
3797,729,2025-06-08 04:00:00,104.52
3798,563,2025-06-08 05:00:00,364.02
3799,804,2025-06-08 06:00:00,358.88
3800,81,2025-06-08 07:00:00,132.42
3801,489,2025-06-08 08:00:00,149.42
3802,895,2025-06-08 09:00:00,334.29
3803,88,2025-06-08 10:00:00,207.24
3804,194,2025-06-08 11:00:00,113.38
3805,104,2025-06-08 12:00:00,371.21
3806,783,2025-06-08 13:00:00,93.99
3807,96,2025-06-08 14:00:00,430.71
3808,423,2025-06-08 15:00:00,267.04
3809,891,2025-06-08 16:00:00,70.74
3810,198,2025-06-08 17:00:00,353.15
3811,1,2025-06-08 18:00:00,269.2
3812,407,2025-06-08 19:00:00,163.07
3813,378,2025-06-08 20:00:00,222.82
3814,167,2025-06-08 21:00:00,163.2
3815,509,2025-06-08 22:00:00,146.25
3816,638,2025-06-08 23:00:00,98.53
3817,313,2025-06-09 00:00:00,194.13
3818,593,2025-06-09 01:00:00,140.47
3819,418,2025-06-09 02:00:00,348.05
3820,763,2025-06-09 03:00:00,348.26
3821,681,2025-06-09 04:00:00,260.88
3822,477,2025-06-09 05:00:00,393.41
3823,73,2025-06-09 06:00:00,423.84
3824,141,2025-06-09 07:00:00,298.29
3825,582,2025-06-09 08:00:00,317.09
3826,262,2025-06-09 09:00:00,155.79
3827,340,2025-06-09 10:00:00,449.54
3828,308,2025-06-09 11:00:00,31.62
3829,245,2025-06-09 12:00:00,187.33
3830,515,2025-06-09 13:00:00,366.46
3831,337,2025-06-09 14:00:00,58.44
3832,575,2025-06-09 15:00:00,107.92
3833,561,2025-06-09 16:00:00,302.86
3834,76,2025-06-09 17:00:00,288.8
3835,880,2025-06-09 18:00:00,374.69
3836,175,2025-06-09 19:00:00,410.05
3837,109,2025-06-09 20:00:00,81.72
3838,183,2025-06-09 21:00:00,28.82
3839,192,2025-06-09 22:00:00,351.03
3840,65,2025-06-09 23:00:00,164.67
3841,849,2025-06-10 00:00:00,320.47
3842,963,2025-06-10 01:00:00,92.26
3843,474,2025-06-10 02:00:00,245.14
3844,783,2025-06-10 03:00:00,262.12
3845,100,2025-06-10 04:00:00,300.84
3846,544,2025-06-10 05:00:00,266.32
3847,864,2025-06-10 06:00:00,257.93
3848,128,2025-06-10 07:00:00,179.71
3849,452,2025-06-10 08:00:00,54.17
3850,914,2025-06-10 09:00:00,62.97
3851,369,2025-06-10 10:00:00,228.21
3852,851,2025-06-10 11:00:00,190.78
3853,43,2025-06-10 12:00:00,267.74
3854,884,2025-06-10 13:00:00,166.32
3855,419,2025-06-10 14:00:00,350.2
3856,488,2025-06-10 15:00:00,434.7
3857,78,2025-06-10 16:00:00,163.45
3858,826,2025-06-10 17:00:00,112.63
3859,801,2025-06-10 18:00:00,75.77
3860,270,2025-06-10 19:00:00,315.8
3861,674,2025-06-10 20:00:00,233.05
3862,701,2025-06-10 21:00:00,110.25
3863,759,2025-06-10 22:00:00,333.51
3864,900,2025-06-10 23:00:00,91.27
3865,728,2025-06-11 00:00:00,286.06
3866,315,2025-06-11 01:00:00,273.03
3867,925,2025-06-11 02:00:00,372.43
3868,851,2025-06-11 03:00:00,46.45
3869,902,2025-06-11 04:00:00,446.18
3870,889,2025-06-11 05:00:00,357.44
3871,993,2025-06-11 06:00:00,123.74
3872,945,2025-06-11 07:00:00,108.03
3873,168,2025-06-11 08:00:00,227.2
3874,339,2025-06-11 09:00:00,412.43
3875,193,2025-06-11 10:00:00,424.62
3876,453,2025-06-11 11:00:00,269.82
3877,283,2025-06-11 12:00:00,433.19
3878,336,2025-06-11 13:00:00,22.61
3879,390,2025-06-11 14:00:00,36.88
3880,1000,2025-06-11 15:00:00,457.67
3881,525,2025-06-11 16:00:00,392.16
3882,240,2025-06-11 17:00:00,236.34
3883,832,2025-06-11 18:00:00,381.73
3884,958,2025-06-11 19:00:00,478.71
3885,483,2025-06-11 20:00:00,390.6
3886,659,2025-06-11 21:00:00,424.34
3887,716,2025-06-11 22:00:00,385.09
3888,592,2025-06-11 23:00:00,100.74
3889,891,2025-06-12 00:00:00,420.12
3890,555,2025-06-12 01:00:00,113.65
3891,458,2025-06-12 02:00:00,448.45
3892,89,2025-06-12 03:00:00,240.15
3893,660,2025-06-12 04:00:00,344.95
3894,95,2025-06-12 05:00:00,258.68
3895,452,2025-06-12 06:00:00,65.12
3896,428,2025-06-12 07:00:00,159.55
3897,151,2025-06-12 08:00:00,492.19
3898,514,2025-06-12 09:00:00,481.14
3899,376,2025-06-12 10:00:00,173.83
3900,22,2025-06-12 11:00:00,498.22
3901,883,2025-06-12 12:00:00,425.86
3902,313,2025-06-12 13:00:00,313.26
3903,997,2025-06-12 14:00:00,39.26
3904,840,2025-06-12 15:00:00,452.69
3905,519,2025-06-12 16:00:00,287.57
3906,206,2025-06-12 17:00:00,436.87
3907,952,2025-06-12 18:00:00,420.53
3908,375,2025-06-12 19:00:00,419.84
3909,451,2025-06-12 20:00:00,355.12
3910,626,2025-06-12 21:00:00,159.88
3911,784,2025-06-12 22:00:00,181.36
3912,595,2025-06-12 23:00:00,168.07
3913,179,2025-06-13 00:00:00,29.62
3914,210,2025-06-13 01:00:00,299.63
3915,500,2025-06-13 02:00:00,355.44
3916,464,2025-06-13 03:00:00,429.86
3917,840,2025-06-13 04:00:00,87.28
3918,124,2025-06-13 05:00:00,281.21
3919,993,2025-06-13 06:00:00,23.84
3920,113,2025-06-13 07:00:00,65.64
3921,12,2025-06-13 08:00:00,46.02
3922,126,2025-06-13 09:00:00,368.23
3923,565,2025-06-13 10:00:00,58.91
3924,331,2025-06-13 11:00:00,363.9
3925,901,2025-06-13 12:00:00,139.82
3926,283,2025-06-13 13:00:00,441.3
3927,140,2025-06-13 14:00:00,410.31
3928,401,2025-06-13 15:00:00,479.76
3929,902,2025-06-13 16:00:00,444.21
3930,97,2025-06-13 17:00:00,468.0
3931,517,2025-06-13 18:00:00,432.2
3932,569,2025-06-13 19:00:00,352.82
3933,924,2025-06-13 20:00:00,101.72
3934,846,2025-06-13 21:00:00,150.42
3935,69,2025-06-13 22:00:00,122.11
3936,118,2025-06-13 23:00:00,309.72
3937,888,2025-06-14 00:00:00,261.74
3938,59,2025-06-14 01:00:00,436.2
3939,33,2025-06-14 02:00:00,477.28
3940,318,2025-06-14 03:00:00,214.33
3941,50,2025-06-14 04:00:00,263.05
3942,880,2025-06-14 05:00:00,486.33
3943,489,2025-06-14 06:00:00,152.59
3944,19,2025-06-14 07:00:00,400.35
3945,726,2025-06-14 08:00:00,128.12
3946,197,2025-06-14 09:00:00,347.1
3947,891,2025-06-14 10:00:00,141.74
3948,450,2025-06-14 11:00:00,444.19
3949,990,2025-06-14 12:00:00,289.51
3950,559,2025-06-14 13:00:00,109.25
3951,679,2025-06-14 14:00:00,127.7
3952,452,2025-06-14 15:00:00,257.05
3953,289,2025-06-14 16:00:00,481.57
3954,141,2025-06-14 17:00:00,389.43
3955,84,2025-06-14 18:00:00,254.39
3956,694,2025-06-14 19:00:00,182.11
3957,391,2025-06-14 20:00:00,283.65
3958,591,2025-06-14 21:00:00,379.21
3959,215,2025-06-14 22:00:00,396.29
3960,526,2025-06-14 23:00:00,175.81
3961,215,2025-06-15 00:00:00,366.16
3962,403,2025-06-15 01:00:00,335.74
3963,128,2025-06-15 02:00:00,480.37
3964,822,2025-06-15 03:00:00,466.92
3965,477,2025-06-15 04:00:00,398.9
3966,760,2025-06-15 05:00:00,367.23
3967,404,2025-06-15 06:00:00,151.54
3968,29,2025-06-15 07:00:00,426.06
3969,792,2025-06-15 08:00:00,225.2
3970,338,2025-06-15 09:00:00,150.68
3971,831,2025-06-15 10:00:00,204.4
3972,714,2025-06-15 11:00:00,421.25
3973,361,2025-06-15 12:00:00,91.34
3974,569,2025-06-15 13:00:00,238.96
3975,392,2025-06-15 14:00:00,256.33
3976,218,2025-06-15 15:00:00,37.58
3977,574,2025-06-15 16:00:00,113.96
3978,669,2025-06-15 17:00:00,416.84
3979,202,2025-06-15 18:00:00,418.77
3980,17,2025-06-15 19:00:00,160.36
3981,322,2025-06-15 20:00:00,439.95
3982,518,2025-06-15 21:00:00,390.46
3983,570,2025-06-15 22:00:00,220.6
3984,325,2025-06-15 23:00:00,379.24
3985,412,2025-06-16 00:00:00,481.44
3986,318,2025-06-16 01:00:00,240.31
3987,681,2025-06-16 02:00:00,134.45
3988,965,2025-06-16 03:00:00,472.07
3989,82,2025-06-16 04:00:00,309.8
3990,474,2025-06-16 05:00:00,70.53
3991,468,2025-06-16 06:00:00,294.89
3992,425,2025-06-16 07:00:00,260.28
3993,945,2025-06-16 08:00:00,430.68
3994,731,2025-06-16 09:00:00,274.73
3995,689,2025-06-16 10:00:00,142.51
3996,204,2025-06-16 11:00:00,344.31
3997,583,2025-06-16 12:00:00,280.44
3998,387,2025-06-16 13:00:00,131.86
3999,778,2025-06-16 14:00:00,295.34
4000,98,2025-06-16 15:00:00,414.34
4001,345,2025-06-16 16:00:00,33.71
4002,803,2025-06-16 17:00:00,322.81
4003,208,2025-06-16 18:00:00,187.8
4004,514,2025-06-16 19:00:00,160.48
4005,636,2025-06-16 20:00:00,208.44
4006,792,2025-06-16 21:00:00,184.17
4007,586,2025-06-16 22:00:00,419.47
4008,166,2025-06-16 23:00:00,151.9
4009,22,2025-06-17 00:00:00,371.91
4010,154,2025-06-17 01:00:00,65.15
4011,939,2025-06-17 02:00:00,476.67
4012,439,2025-06-17 03:00:00,318.71
4013,295,2025-06-17 04:00:00,359.22
4014,219,2025-06-17 05:00:00,163.06
4015,669,2025-06-17 06:00:00,217.81
4016,495,2025-06-17 07:00:00,127.41
4017,230,2025-06-17 08:00:00,467.62
4018,20,2025-06-17 09:00:00,254.29
4019,987,2025-06-17 10:00:00,322.62
4020,553,2025-06-17 11:00:00,372.45
4021,950,2025-06-17 12:00:00,198.13
4022,148,2025-06-17 13:00:00,365.65
4023,108,2025-06-17 14:00:00,344.48
4024,403,2025-06-17 15:00:00,358.72
4025,596,2025-06-17 16:00:00,254.83
4026,483,2025-06-17 17:00:00,203.81
4027,367,2025-06-17 18:00:00,126.6
4028,834,2025-06-17 19:00:00,415.82
4029,414,2025-06-17 20:00:00,312.01
4030,309,2025-06-17 21:00:00,233.29
4031,802,2025-06-17 22:00:00,473.12
4032,918,2025-06-17 23:00:00,42.96
4033,835,2025-06-18 00:00:00,428.08
4034,134,2025-06-18 01:00:00,498.84
4035,719,2025-06-18 02:00:00,445.73
4036,283,2025-06-18 03:00:00,409.01
4037,778,2025-06-18 04:00:00,199.67
4038,73,2025-06-18 05:00:00,131.03
4039,481,2025-06-18 06:00:00,372.73
4040,352,2025-06-18 07:00:00,166.2
4041,560,2025-06-18 08:00:00,104.5
4042,326,2025-06-18 09:00:00,397.53
4043,745,2025-06-18 10:00:00,170.02
4044,443,2025-06-18 11:00:00,458.93
4045,100,2025-06-18 12:00:00,423.5
4046,59,2025-06-18 13:00:00,426.87
4047,508,2025-06-18 14:00:00,390.35
4048,258,2025-06-18 15:00:00,442.82
4049,413,2025-06-18 16:00:00,406.76
4050,452,2025-06-18 17:00:00,309.21
4051,65,2025-06-18 18:00:00,161.99
4052,595,2025-06-18 19:00:00,446.34
4053,154,2025-06-18 20:00:00,423.49
4054,985,2025-06-18 21:00:00,246.98
4055,266,2025-06-18 22:00:00,38.76
4056,821,2025-06-18 23:00:00,326.5
4057,79,2025-06-19 00:00:00,44.29
4058,315,2025-06-19 01:00:00,464.61
4059,662,2025-06-19 02:00:00,481.58
4060,947,2025-06-19 03:00:00,110.96
4061,560,2025-06-19 04:00:00,344.67
4062,917,2025-06-19 05:00:00,64.29
4063,891,2025-06-19 06:00:00,370.17
4064,248,2025-06-19 07:00:00,186.7
4065,790,2025-06-19 08:00:00,346.9
4066,868,2025-06-19 09:00:00,198.98
4067,610,2025-06-19 10:00:00,89.87
4068,414,2025-06-19 11:00:00,214.93
4069,25,2025-06-19 12:00:00,74.08
4070,284,2025-06-19 13:00:00,296.9
4071,449,2025-06-19 14:00:00,39.66
4072,881,2025-06-19 15:00:00,273.11
4073,301,2025-06-19 16:00:00,445.46
4074,68,2025-06-19 17:00:00,422.18
4075,7,2025-06-19 18:00:00,443.74
4076,817,2025-06-19 19:00:00,462.58
4077,137,2025-06-19 20:00:00,70.17
4078,164,2025-06-19 21:00:00,81.8
4079,83,2025-06-19 22:00:00,287.36
4080,897,2025-06-19 23:00:00,449.11
4081,650,2025-06-20 00:00:00,487.69
4082,420,2025-06-20 01:00:00,42.21
4083,73,2025-06-20 02:00:00,190.77
4084,237,2025-06-20 03:00:00,122.19
4085,46,2025-06-20 04:00:00,382.86
4086,618,2025-06-20 05:00:00,327.29
4087,928,2025-06-20 06:00:00,77.55
4088,800,2025-06-20 07:00:00,252.09
4089,262,2025-06-20 08:00:00,349.01
4090,176,2025-06-20 09:00:00,393.92
4091,166,2025-06-20 10:00:00,29.63
4092,657,2025-06-20 11:00:00,447.43
4093,842,2025-06-20 12:00:00,293.26
4094,370,2025-06-20 13:00:00,409.72
4095,795,2025-06-20 14:00:00,407.81
4096,54,2025-06-20 15:00:00,111.13
4097,690,2025-06-20 16:00:00,72.88
4098,419,2025-06-20 17:00:00,366.22
4099,756,2025-06-20 18:00:00,95.08
4100,507,2025-06-20 19:00:00,427.97
4101,341,2025-06-20 20:00:00,368.57
4102,127,2025-06-20 21:00:00,424.08
4103,409,2025-06-20 22:00:00,163.53
4104,924,2025-06-20 23:00:00,171.97
4105,367,2025-06-21 00:00:00,342.19
4106,271,2025-06-21 01:00:00,35.09
4107,644,2025-06-21 02:00:00,368.72
4108,605,2025-06-21 03:00:00,421.18
4109,379,2025-06-21 04:00:00,219.28
4110,73,2025-06-21 05:00:00,387.14
4111,923,2025-06-21 06:00:00,103.81
4112,922,2025-06-21 07:00:00,174.68
4113,915,2025-06-21 08:00:00,487.67
4114,248,2025-06-21 09:00:00,493.44
4115,860,2025-06-21 10:00:00,266.05
4116,785,2025-06-21 11:00:00,468.45
4117,43,2025-06-21 12:00:00,270.91
4118,377,2025-06-21 13:00:00,159.96
4119,41,2025-06-21 14:00:00,148.11
4120,170,2025-06-21 15:00:00,466.16
4121,946,2025-06-21 16:00:00,102.77
4122,212,2025-06-21 17:00:00,298.22
4123,493,2025-06-21 18:00:00,286.65
4124,680,2025-06-21 19:00:00,375.02
4125,39,2025-06-21 20:00:00,259.64
4126,369,2025-06-21 21:00:00,150.7
4127,757,2025-06-21 22:00:00,101.31
4128,151,2025-06-21 23:00:00,317.99
4129,111,2025-06-22 00:00:00,365.12
4130,480,2025-06-22 01:00:00,293.37
4131,436,2025-06-22 02:00:00,374.41
4132,47,2025-06-22 03:00:00,87.93
4133,575,2025-06-22 04:00:00,443.59
4134,737,2025-06-22 05:00:00,299.55
4135,366,2025-06-22 06:00:00,80.89
4136,69,2025-06-22 07:00:00,241.72
4137,299,2025-06-22 08:00:00,425.5
4138,944,2025-06-22 09:00:00,450.83
4139,802,2025-06-22 10:00:00,147.03
4140,296,2025-06-22 11:00:00,361.41
4141,203,2025-06-22 12:00:00,67.99
4142,61,2025-06-22 13:00:00,36.1
4143,946,2025-06-22 14:00:00,288.99
4144,963,2025-06-22 15:00:00,353.52
4145,830,2025-06-22 16:00:00,401.98
4146,314,2025-06-22 17:00:00,183.3
4147,161,2025-06-22 18:00:00,23.13
4148,331,2025-06-22 19:00:00,250.17
4149,528,2025-06-22 20:00:00,27.61
4150,338,2025-06-22 21:00:00,64.15
4151,606,2025-06-22 22:00:00,176.81
4152,304,2025-06-22 23:00:00,229.84
4153,503,2025-06-23 00:00:00,154.15
4154,650,2025-06-23 01:00:00,299.3
4155,338,2025-06-23 02:00:00,46.57
4156,550,2025-06-23 03:00:00,89.4
4157,639,2025-06-23 04:00:00,353.72
4158,275,2025-06-23 05:00:00,88.23
4159,164,2025-06-23 06:00:00,327.09
4160,443,2025-06-23 07:00:00,46.25
4161,319,2025-06-23 08:00:00,215.54
4162,589,2025-06-23 09:00:00,105.16
4163,504,2025-06-23 10:00:00,72.63
4164,686,2025-06-23 11:00:00,292.18
4165,387,2025-06-23 12:00:00,465.6
4166,970,2025-06-23 13:00:00,46.3
4167,870,2025-06-23 14:00:00,222.35
4168,833,2025-06-23 15:00:00,359.62
4169,888,2025-06-23 16:00:00,242.09
4170,603,2025-06-23 17:00:00,407.12
4171,750,2025-06-23 18:00:00,106.23
4172,776,2025-06-23 19:00:00,480.61
4173,691,2025-06-23 20:00:00,204.88
4174,494,2025-06-23 21:00:00,183.95
4175,490,2025-06-23 22:00:00,439.81
4176,721,2025-06-23 23:00:00,290.66
4177,73,2025-06-24 00:00:00,267.89
4178,509,2025-06-24 01:00:00,368.95
4179,390,2025-06-24 02:00:00,298.32
4180,619,2025-06-24 03:00:00,98.01
4181,857,2025-06-24 04:00:00,343.61
4182,295,2025-06-24 05:00:00,84.07
4183,369,2025-06-24 06:00:00,406.81
4184,956,2025-06-24 07:00:00,495.07
4185,796,2025-06-24 08:00:00,201.15
4186,865,2025-06-24 09:00:00,233.48
4187,694,2025-06-24 10:00:00,42.29
4188,549,2025-06-24 11:00:00,26.59
4189,649,2025-06-24 12:00:00,462.28
4190,850,2025-06-24 13:00:00,81.74
4191,568,2025-06-24 14:00:00,233.97
4192,187,2025-06-24 15:00:00,411.37
4193,853,2025-06-24 16:00:00,446.87
4194,770,2025-06-24 17:00:00,269.31
4195,445,2025-06-24 18:00:00,291.22
4196,570,2025-06-24 19:00:00,341.45
4197,363,2025-06-24 20:00:00,481.46
4198,123,2025-06-24 21:00:00,309.28
4199,188,2025-06-24 22:00:00,288.55
4200,742,2025-06-24 23:00:00,26.98
4201,680,2025-06-25 00:00:00,58.86
4202,420,2025-06-25 01:00:00,297.04
4203,626,2025-06-25 02:00:00,469.4
4204,252,2025-06-25 03:00:00,436.01
4205,619,2025-06-25 04:00:00,491.64
4206,549,2025-06-25 05:00:00,273.36
4207,335,2025-06-25 06:00:00,398.21
4208,92,2025-06-25 07:00:00,423.39
4209,530,2025-06-25 08:00:00,331.06
4210,866,2025-06-25 09:00:00,182.6
4211,63,2025-06-25 10:00:00,245.59
4212,662,2025-06-25 11:00:00,431.8
4213,512,2025-06-25 12:00:00,163.3
4214,139,2025-06-25 13:00:00,463.4
4215,698,2025-06-25 14:00:00,130.31
4216,185,2025-06-25 15:00:00,379.77
4217,205,2025-06-25 16:00:00,322.67
4218,772,2025-06-25 17:00:00,379.81
4219,214,2025-06-25 18:00:00,229.93
4220,256,2025-06-25 19:00:00,467.67
4221,135,2025-06-25 20:00:00,323.59
4222,573,2025-06-25 21:00:00,158.38
4223,875,2025-06-25 22:00:00,326.46
4224,822,2025-06-25 23:00:00,157.67
4225,88,2025-06-26 00:00:00,160.94
4226,836,2025-06-26 01:00:00,211.81
4227,988,2025-06-26 02:00:00,429.17
4228,207,2025-06-26 03:00:00,260.14
4229,129,2025-06-26 04:00:00,345.87
4230,823,2025-06-26 05:00:00,208.14
4231,3,2025-06-26 06:00:00,146.53
4232,974,2025-06-26 07:00:00,478.23
4233,934,2025-06-26 08:00:00,309.72
4234,754,2025-06-26 09:00:00,468.3
4235,121,2025-06-26 10:00:00,117.64
4236,385,2025-06-26 11:00:00,90.51
4237,614,2025-06-26 12:00:00,430.79
4238,38,2025-06-26 13:00:00,346.84
4239,341,2025-06-26 14:00:00,109.56
4240,925,2025-06-26 15:00:00,149.29
4241,645,2025-06-26 16:00:00,404.32
4242,714,2025-06-26 17:00:00,237.86
4243,860,2025-06-26 18:00:00,341.86
4244,21,2025-06-26 19:00:00,172.81
4245,242,2025-06-26 20:00:00,202.99
4246,455,2025-06-26 21:00:00,495.54
4247,963,2025-06-26 22:00:00,138.86
4248,621,2025-06-26 23:00:00,263.1
4249,303,2025-06-27 00:00:00,425.31
4250,596,2025-06-27 01:00:00,134.83
4251,595,2025-06-27 02:00:00,219.3
4252,803,2025-06-27 03:00:00,315.24
4253,964,2025-06-27 04:00:00,250.97
4254,69,2025-06-27 05:00:00,240.56
4255,129,2025-06-27 06:00:00,194.0
4256,196,2025-06-27 07:00:00,301.59
4257,140,2025-06-27 08:00:00,319.7
4258,444,2025-06-27 09:00:00,333.58
4259,283,2025-06-27 10:00:00,53.78
4260,312,2025-06-27 11:00:00,322.9
4261,746,2025-06-27 12:00:00,477.55
4262,535,2025-06-27 13:00:00,279.67
4263,665,2025-06-27 14:00:00,363.33
4264,277,2025-06-27 15:00:00,287.23
4265,61,2025-06-27 16:00:00,430.28
4266,319,2025-06-27 17:00:00,466.2
4267,890,2025-06-27 18:00:00,108.43
4268,52,2025-06-27 19:00:00,229.69
4269,856,2025-06-27 20:00:00,208.34
4270,153,2025-06-27 21:00:00,214.5
4271,749,2025-06-27 22:00:00,80.25
4272,311,2025-06-27 23:00:00,410.54
4273,814,2025-06-28 00:00:00,37.17
4274,544,2025-06-28 01:00:00,273.55
4275,567,2025-06-28 02:00:00,337.7
4276,864,2025-06-28 03:00:00,119.59
4277,389,2025-06-28 04:00:00,454.81
4278,548,2025-06-28 05:00:00,422.5
4279,622,2025-06-28 06:00:00,246.12
4280,177,2025-06-28 07:00:00,217.35
4281,362,2025-06-28 08:00:00,133.55
4282,314,2025-06-28 09:00:00,370.4
4283,807,2025-06-28 10:00:00,83.24
4284,848,2025-06-28 11:00:00,346.51
4285,97,2025-06-28 12:00:00,424.38
4286,881,2025-06-28 13:00:00,129.67
4287,213,2025-06-28 14:00:00,435.89
4288,829,2025-06-28 15:00:00,36.0
4289,137,2025-06-28 16:00:00,458.14
4290,6,2025-06-28 17:00:00,76.81
4291,109,2025-06-28 18:00:00,329.96
4292,547,2025-06-28 19:00:00,140.04
4293,39,2025-06-28 20:00:00,421.55
4294,662,2025-06-28 21:00:00,265.9
4295,425,2025-06-28 22:00:00,84.92
4296,630,2025-06-28 23:00:00,294.08
4297,261,2025-06-29 00:00:00,215.78
4298,426,2025-06-29 01:00:00,337.49
4299,87,2025-06-29 02:00:00,443.31
4300,465,2025-06-29 03:00:00,216.51
4301,76,2025-06-29 04:00:00,159.14
4302,471,2025-06-29 05:00:00,26.97
4303,976,2025-06-29 06:00:00,295.92
4304,963,2025-06-29 07:00:00,213.09
4305,414,2025-06-29 08:00:00,199.83
4306,825,2025-06-29 09:00:00,107.81
4307,895,2025-06-29 10:00:00,226.43
4308,726,2025-06-29 11:00:00,492.53
4309,457,2025-06-29 12:00:00,162.92
4310,285,2025-06-29 13:00:00,307.86
4311,239,2025-06-29 14:00:00,392.71
4312,677,2025-06-29 15:00:00,379.6
4313,599,2025-06-29 16:00:00,177.81
4314,653,2025-06-29 17:00:00,313.21
4315,672,2025-06-29 18:00:00,438.21
4316,558,2025-06-29 19:00:00,27.41
4317,372,2025-06-29 20:00:00,229.15
4318,495,2025-06-29 21:00:00,127.65
4319,624,2025-06-29 22:00:00,206.54
4320,919,2025-06-29 23:00:00,219.68
4321,45,2025-06-30 00:00:00,378.4
4322,401,2025-06-30 01:00:00,65.03
4323,247,2025-06-30 02:00:00,266.04
4324,616,2025-06-30 03:00:00,290.81
4325,597,2025-06-30 04:00:00,257.2
4326,450,2025-06-30 05:00:00,371.3
4327,485,2025-06-30 06:00:00,204.22
4328,646,2025-06-30 07:00:00,473.58
4329,620,2025-06-30 08:00:00,251.27
4330,18,2025-06-30 09:00:00,294.18
4331,606,2025-06-30 10:00:00,416.25
4332,662,2025-06-30 11:00:00,152.11
4333,758,2025-06-30 12:00:00,56.1
4334,289,2025-06-30 13:00:00,359.74
4335,414,2025-06-30 14:00:00,251.85
4336,721,2025-06-30 15:00:00,450.32
4337,638,2025-06-30 16:00:00,491.69
4338,235,2025-06-30 17:00:00,211.57
4339,416,2025-06-30 18:00:00,219.41
4340,938,2025-06-30 19:00:00,215.82
4341,499,2025-06-30 20:00:00,175.79
4342,974,2025-06-30 21:00:00,395.21
4343,634,2025-06-30 22:00:00,384.32
4344,650,2025-06-30 23:00:00,249.75
4345,115,2025-07-01 00:00:00,41.44
4346,932,2025-07-01 01:00:00,168.59
4347,674,2025-07-01 02:00:00,160.31
4348,713,2025-07-01 03:00:00,409.32
4349,234,2025-07-01 04:00:00,62.04
4350,540,2025-07-01 05:00:00,406.72
4351,11,2025-07-01 06:00:00,341.21
4352,206,2025-07-01 07:00:00,371.57
4353,679,2025-07-01 08:00:00,227.46
4354,247,2025-07-01 09:00:00,346.27
4355,559,2025-07-01 10:00:00,312.33
4356,758,2025-07-01 11:00:00,389.11
4357,127,2025-07-01 12:00:00,234.45
4358,147,2025-07-01 13:00:00,246.96
4359,118,2025-07-01 14:00:00,328.92
4360,911,2025-07-01 15:00:00,71.88
4361,382,2025-07-01 16:00:00,229.4
4362,412,2025-07-01 17:00:00,486.54
4363,664,2025-07-01 18:00:00,38.03
4364,584,2025-07-01 19:00:00,171.68
4365,363,2025-07-01 20:00:00,170.77
4366,509,2025-07-01 21:00:00,324.06
4367,137,2025-07-01 22:00:00,70.78
4368,175,2025-07-01 23:00:00,321.7
4369,289,2025-07-02 00:00:00,65.62
4370,958,2025-07-02 01:00:00,65.58
4371,481,2025-07-02 02:00:00,369.53
4372,19,2025-07-02 03:00:00,175.58
4373,195,2025-07-02 04:00:00,489.16
4374,330,2025-07-02 05:00:00,37.93
4375,936,2025-07-02 06:00:00,233.65
4376,175,2025-07-02 07:00:00,74.31
4377,449,2025-07-02 08:00:00,188.66
4378,925,2025-07-02 09:00:00,499.15
4379,946,2025-07-02 10:00:00,446.64
4380,354,2025-07-02 11:00:00,43.2
4381,499,2025-07-02 12:00:00,290.36
4382,141,2025-07-02 13:00:00,330.95
4383,758,2025-07-02 14:00:00,120.58
4384,897,2025-07-02 15:00:00,89.65
4385,930,2025-07-02 16:00:00,454.1
4386,93,2025-07-02 17:00:00,485.03
4387,944,2025-07-02 18:00:00,496.11
4388,239,2025-07-02 19:00:00,399.09
4389,205,2025-07-02 20:00:00,338.48
4390,560,2025-07-02 21:00:00,185.95
4391,433,2025-07-02 22:00:00,102.27
4392,245,2025-07-02 23:00:00,57.91
4393,832,2025-07-03 00:00:00,352.78
4394,317,2025-07-03 01:00:00,396.67
4395,925,2025-07-03 02:00:00,416.7
4396,295,2025-07-03 03:00:00,458.61
4397,640,2025-07-03 04:00:00,442.37
4398,856,2025-07-03 05:00:00,499.88
4399,282,2025-07-03 06:00:00,137.15
4400,17,2025-07-03 07:00:00,386.39
4401,71,2025-07-03 08:00:00,301.5
4402,269,2025-07-03 09:00:00,145.4
4403,325,2025-07-03 10:00:00,491.31
4404,794,2025-07-03 11:00:00,450.99
4405,305,2025-07-03 12:00:00,81.69
4406,451,2025-07-03 13:00:00,32.56
4407,7,2025-07-03 14:00:00,350.4
4408,314,2025-07-03 15:00:00,309.98
4409,817,2025-07-03 16:00:00,469.19
4410,103,2025-07-03 17:00:00,132.32
4411,821,2025-07-03 18:00:00,60.51
4412,193,2025-07-03 19:00:00,144.42
4413,753,2025-07-03 20:00:00,29.09
4414,574,2025-07-03 21:00:00,37.23
4415,529,2025-07-03 22:00:00,459.13
4416,171,2025-07-03 23:00:00,188.97
4417,537,2025-07-04 00:00:00,217.19
4418,251,2025-07-04 01:00:00,28.82
4419,765,2025-07-04 02:00:00,149.85
4420,387,2025-07-04 03:00:00,406.27
4421,207,2025-07-04 04:00:00,315.44
4422,541,2025-07-04 05:00:00,381.81
4423,629,2025-07-04 06:00:00,234.66
4424,416,2025-07-04 07:00:00,168.67
4425,794,2025-07-04 08:00:00,251.75
4426,380,2025-07-04 09:00:00,175.07
4427,144,2025-07-04 10:00:00,422.71
4428,25,2025-07-04 11:00:00,162.88
4429,822,2025-07-04 12:00:00,336.69
4430,668,2025-07-04 13:00:00,85.75
4431,73,2025-07-04 14:00:00,349.7
4432,632,2025-07-04 15:00:00,458.38
4433,824,2025-07-04 16:00:00,312.12
4434,833,2025-07-04 17:00:00,288.73
4435,93,2025-07-04 18:00:00,481.34
4436,505,2025-07-04 19:00:00,321.15
4437,598,2025-07-04 20:00:00,144.58
4438,336,2025-07-04 21:00:00,160.35
4439,425,2025-07-04 22:00:00,358.55
4440,499,2025-07-04 23:00:00,373.01
4441,364,2025-07-05 00:00:00,165.68
4442,947,2025-07-05 01:00:00,185.77
4443,630,2025-07-05 02:00:00,495.71
4444,745,2025-07-05 03:00:00,68.94
4445,199,2025-07-05 04:00:00,214.23
4446,718,2025-07-05 05:00:00,49.97
4447,413,2025-07-05 06:00:00,414.12
4448,339,2025-07-05 07:00:00,64.33
4449,659,2025-07-05 08:00:00,343.52
4450,962,2025-07-05 09:00:00,47.11
4451,937,2025-07-05 10:00:00,342.97
4452,429,2025-07-05 11:00:00,424.66
4453,783,2025-07-05 12:00:00,211.43
4454,899,2025-07-05 13:00:00,270.62
4455,139,2025-07-05 14:00:00,212.74
4456,693,2025-07-05 15:00:00,164.23
4457,942,2025-07-05 16:00:00,405.57
4458,542,2025-07-05 17:00:00,150.56
4459,57,2025-07-05 18:00:00,367.01
4460,232,2025-07-05 19:00:00,118.97
4461,658,2025-07-05 20:00:00,139.93
4462,435,2025-07-05 21:00:00,181.5
4463,384,2025-07-05 22:00:00,302.8
4464,560,2025-07-05 23:00:00,238.12
4465,194,2025-07-06 00:00:00,377.67
4466,736,2025-07-06 01:00:00,122.51
4467,648,2025-07-06 02:00:00,25.12
4468,534,2025-07-06 03:00:00,392.75
4469,518,2025-07-06 04:00:00,414.39
4470,716,2025-07-06 05:00:00,48.55
4471,751,2025-07-06 06:00:00,313.24
4472,185,2025-07-06 07:00:00,201.54
4473,872,2025-07-06 08:00:00,401.07
4474,292,2025-07-06 09:00:00,439.72
4475,335,2025-07-06 10:00:00,428.48
4476,732,2025-07-06 11:00:00,393.06
4477,116,2025-07-06 12:00:00,149.15
4478,825,2025-07-06 13:00:00,409.71
4479,49,2025-07-06 14:00:00,276.07
4480,685,2025-07-06 15:00:00,45.32
4481,82,2025-07-06 16:00:00,239.33
4482,834,2025-07-06 17:00:00,472.24
4483,333,2025-07-06 18:00:00,446.17
4484,557,2025-07-06 19:00:00,69.09
4485,335,2025-07-06 20:00:00,377.18
4486,532,2025-07-06 21:00:00,406.78
4487,960,2025-07-06 22:00:00,150.27
4488,221,2025-07-06 23:00:00,246.37
4489,635,2025-07-07 00:00:00,361.27
4490,746,2025-07-07 01:00:00,230.74
4491,733,2025-07-07 02:00:00,74.14
4492,323,2025-07-07 03:00:00,358.82
4493,851,2025-07-07 04:00:00,457.59
4494,3,2025-07-07 05:00:00,333.19
4495,694,2025-07-07 06:00:00,391.42
4496,206,2025-07-07 07:00:00,192.01
4497,832,2025-07-07 08:00:00,107.94
4498,40,2025-07-07 09:00:00,328.53
4499,59,2025-07-07 10:00:00,177.33
4500,951,2025-07-07 11:00:00,432.84
4501,574,2025-07-07 12:00:00,78.86
4502,644,2025-07-07 13:00:00,228.06
4503,507,2025-07-07 14:00:00,210.43
4504,572,2025-07-07 15:00:00,470.27
4505,884,2025-07-07 16:00:00,93.5
4506,843,2025-07-07 17:00:00,24.73
4507,122,2025-07-07 18:00:00,134.28
4508,479,2025-07-07 19:00:00,413.73
4509,619,2025-07-07 20:00:00,120.47
4510,96,2025-07-07 21:00:00,135.62
4511,859,2025-07-07 22:00:00,82.35
4512,414,2025-07-07 23:00:00,363.41
4513,235,2025-07-08 00:00:00,53.2
4514,898,2025-07-08 01:00:00,178.98
4515,62,2025-07-08 02:00:00,155.6
4516,256,2025-07-08 03:00:00,286.48
4517,561,2025-07-08 04:00:00,370.6
4518,905,2025-07-08 05:00:00,275.78
4519,348,2025-07-08 06:00:00,466.89
4520,671,2025-07-08 07:00:00,476.69
4521,124,2025-07-08 08:00:00,193.5
4522,482,2025-07-08 09:00:00,393.29
4523,317,2025-07-08 10:00:00,374.62
4524,504,2025-07-08 11:00:00,448.62
4525,719,2025-07-08 12:00:00,235.01
4526,48,2025-07-08 13:00:00,274.63
4527,409,2025-07-08 14:00:00,219.57
4528,932,2025-07-08 15:00:00,428.18
4529,136,2025-07-08 16:00:00,130.26
4530,201,2025-07-08 17:00:00,135.06
4531,250,2025-07-08 18:00:00,198.85
4532,314,2025-07-08 19:00:00,130.56
4533,869,2025-07-08 20:00:00,289.28
4534,368,2025-07-08 21:00:00,84.56
4535,429,2025-07-08 22:00:00,173.69
4536,830,2025-07-08 23:00:00,458.45
4537,807,2025-07-09 00:00:00,216.43
4538,480,2025-07-09 01:00:00,379.15
4539,314,2025-07-09 02:00:00,74.46
4540,500,2025-07-09 03:00:00,138.83
4541,721,2025-07-09 04:00:00,407.53
4542,355,2025-07-09 05:00:00,386.24
4543,485,2025-07-09 06:00:00,205.35
4544,211,2025-07-09 07:00:00,478.11
4545,704,2025-07-09 08:00:00,457.11
4546,44,2025-07-09 09:00:00,481.9
4547,541,2025-07-09 10:00:00,225.4
4548,571,2025-07-09 11:00:00,114.79
4549,583,2025-07-09 12:00:00,320.8
4550,92,2025-07-09 13:00:00,348.69
4551,265,2025-07-09 14:00:00,80.21
4552,895,2025-07-09 15:00:00,397.51
4553,220,2025-07-09 16:00:00,28.67
4554,902,2025-07-09 17:00:00,251.71
4555,925,2025-07-09 18:00:00,178.89
4556,442,2025-07-09 19:00:00,375.35
4557,401,2025-07-09 20:00:00,170.13
4558,400,2025-07-09 21:00:00,416.87
4559,727,2025-07-09 22:00:00,305.58
4560,991,2025-07-09 23:00:00,401.07
4561,899,2025-07-10 00:00:00,494.88
4562,789,2025-07-10 01:00:00,346.0
4563,576,2025-07-10 02:00:00,492.78
4564,858,2025-07-10 03:00:00,33.84
4565,804,2025-07-10 04:00:00,182.31
4566,490,2025-07-10 05:00:00,71.77
4567,485,2025-07-10 06:00:00,145.91
4568,757,2025-07-10 07:00:00,422.67
4569,470,2025-07-10 08:00:00,35.52
4570,574,2025-07-10 09:00:00,269.69
4571,938,2025-07-10 10:00:00,292.22
4572,844,2025-07-10 11:00:00,289.35
4573,682,2025-07-10 12:00:00,248.14
4574,445,2025-07-10 13:00:00,399.49
4575,269,2025-07-10 14:00:00,84.1
4576,267,2025-07-10 15:00:00,169.08
4577,54,2025-07-10 16:00:00,315.55
4578,528,2025-07-10 17:00:00,351.66
4579,520,2025-07-10 18:00:00,213.99
4580,616,2025-07-10 19:00:00,440.18
4581,59,2025-07-10 20:00:00,219.44
4582,825,2025-07-10 21:00:00,213.33
4583,40,2025-07-10 22:00:00,37.38
4584,237,2025-07-10 23:00:00,284.55
4585,955,2025-07-11 00:00:00,360.17
4586,386,2025-07-11 01:00:00,74.93
4587,606,2025-07-11 02:00:00,166.61
4588,734,2025-07-11 03:00:00,395.0
4589,716,2025-07-11 04:00:00,195.64
4590,650,2025-07-11 05:00:00,135.97
4591,300,2025-07-11 06:00:00,342.66
4592,395,2025-07-11 07:00:00,114.44
4593,207,2025-07-11 08:00:00,449.91
4594,336,2025-07-11 09:00:00,70.69
4595,593,2025-07-11 10:00:00,359.14
4596,730,2025-07-11 11:00:00,259.78
4597,514,2025-07-11 12:00:00,437.57
4598,178,2025-07-11 13:00:00,80.57
4599,396,2025-07-11 14:00:00,345.39
4600,371,2025-07-11 15:00:00,294.59
4601,858,2025-07-11 16:00:00,250.44
4602,791,2025-07-11 17:00:00,255.88
4603,658,2025-07-11 18:00:00,366.55
4604,318,2025-07-11 19:00:00,470.12
4605,736,2025-07-11 20:00:00,63.8
4606,369,2025-07-11 21:00:00,29.36
4607,384,2025-07-11 22:00:00,406.74
4608,62,2025-07-11 23:00:00,71.92
4609,806,2025-07-12 00:00:00,493.61
4610,505,2025-07-12 01:00:00,317.29
4611,239,2025-07-12 02:00:00,332.42
4612,195,2025-07-12 03:00:00,115.47
4613,678,2025-07-12 04:00:00,135.35
4614,963,2025-07-12 05:00:00,336.49
4615,222,2025-07-12 06:00:00,456.67
4616,61,2025-07-12 07:00:00,491.55
4617,129,2025-07-12 08:00:00,115.05
4618,990,2025-07-12 09:00:00,84.38
4619,685,2025-07-12 10:00:00,47.07
4620,992,2025-07-12 11:00:00,436.78
4621,156,2025-07-12 12:00:00,161.46
4622,917,2025-07-12 13:00:00,20.87
4623,378,2025-07-12 14:00:00,127.43
4624,622,2025-07-12 15:00:00,183.41
4625,781,2025-07-12 16:00:00,495.67
4626,923,2025-07-12 17:00:00,271.3
4627,868,2025-07-12 18:00:00,118.26
4628,903,2025-07-12 19:00:00,180.71
4629,790,2025-07-12 20:00:00,178.55
4630,586,2025-07-12 21:00:00,29.47
4631,999,2025-07-12 22:00:00,84.89
4632,437,2025-07-12 23:00:00,353.69
4633,975,2025-07-13 00:00:00,77.72
4634,207,2025-07-13 01:00:00,130.75
4635,388,2025-07-13 02:00:00,188.35
4636,480,2025-07-13 03:00:00,383.71
4637,791,2025-07-13 04:00:00,299.55
4638,887,2025-07-13 05:00:00,350.72
4639,838,2025-07-13 06:00:00,292.17
4640,984,2025-07-13 07:00:00,348.12
4641,340,2025-07-13 08:00:00,21.36
4642,869,2025-07-13 09:00:00,466.83
4643,340,2025-07-13 10:00:00,73.24
4644,204,2025-07-13 11:00:00,215.0
4645,161,2025-07-13 12:00:00,390.1
4646,540,2025-07-13 13:00:00,228.91
4647,392,2025-07-13 14:00:00,474.48
4648,769,2025-07-13 15:00:00,244.44
4649,677,2025-07-13 16:00:00,439.97
4650,575,2025-07-13 17:00:00,409.2
4651,534,2025-07-13 18:00:00,490.87
4652,70,2025-07-13 19:00:00,464.74
4653,893,2025-07-13 20:00:00,451.1
4654,405,2025-07-13 21:00:00,371.17
4655,608,2025-07-13 22:00:00,196.16
4656,675,2025-07-13 23:00:00,70.94
4657,591,2025-07-14 00:00:00,350.55
4658,517,2025-07-14 01:00:00,489.75
4659,828,2025-07-14 02:00:00,368.77
4660,120,2025-07-14 03:00:00,465.79
4661,814,2025-07-14 04:00:00,406.07
4662,690,2025-07-14 05:00:00,98.3
4663,688,2025-07-14 06:00:00,139.62
4664,902,2025-07-14 07:00:00,184.1
4665,217,2025-07-14 08:00:00,100.77
4666,56,2025-07-14 09:00:00,299.19
4667,366,2025-07-14 10:00:00,488.22
4668,699,2025-07-14 11:00:00,385.5
4669,504,2025-07-14 12:00:00,223.23
4670,744,2025-07-14 13:00:00,22.16
4671,767,2025-07-14 14:00:00,170.37
4672,925,2025-07-14 15:00:00,272.84
4673,455,2025-07-14 16:00:00,175.64
4674,104,2025-07-14 17:00:00,73.3
4675,77,2025-07-14 18:00:00,232.53
4676,230,2025-07-14 19:00:00,141.56
4677,914,2025-07-14 20:00:00,456.43
4678,258,2025-07-14 21:00:00,68.84
4679,264,2025-07-14 22:00:00,43.59
4680,331,2025-07-14 23:00:00,22.55
4681,993,2025-07-15 00:00:00,177.47
4682,182,2025-07-15 01:00:00,336.99
4683,893,2025-07-15 02:00:00,370.6
4684,768,2025-07-15 03:00:00,237.57
4685,550,2025-07-15 04:00:00,348.48
4686,688,2025-07-15 05:00:00,192.76
4687,27,2025-07-15 06:00:00,340.55
4688,276,2025-07-15 07:00:00,39.49
4689,652,2025-07-15 08:00:00,207.56
4690,299,2025-07-15 09:00:00,399.61
4691,957,2025-07-15 10:00:00,405.44
4692,799,2025-07-15 11:00:00,363.75
4693,91,2025-07-15 12:00:00,118.03
4694,480,2025-07-15 13:00:00,138.66
4695,573,2025-07-15 14:00:00,498.12
4696,458,2025-07-15 15:00:00,69.62
4697,451,2025-07-15 16:00:00,106.72
4698,365,2025-07-15 17:00:00,82.41
4699,859,2025-07-15 18:00:00,177.27
4700,675,2025-07-15 19:00:00,120.88
4701,351,2025-07-15 20:00:00,258.89
4702,655,2025-07-15 21:00:00,248.49
4703,400,2025-07-15 22:00:00,452.72
4704,253,2025-07-15 23:00:00,36.68
4705,781,2025-07-16 00:00:00,173.54
4706,881,2025-07-16 01:00:00,306.4
4707,803,2025-07-16 02:00:00,310.3
4708,459,2025-07-16 03:00:00,250.46
4709,699,2025-07-16 04:00:00,411.52
4710,917,2025-07-16 05:00:00,50.11
4711,499,2025-07-16 06:00:00,411.43
4712,950,2025-07-16 07:00:00,257.48
4713,971,2025-07-16 08:00:00,84.21
4714,926,2025-07-16 09:00:00,445.14
4715,508,2025-07-16 10:00:00,331.63
4716,304,2025-07-16 11:00:00,98.5
4717,501,2025-07-16 12:00:00,36.15
4718,803,2025-07-16 13:00:00,87.73
4719,598,2025-07-16 14:00:00,312.22
4720,166,2025-07-16 15:00:00,106.06
4721,415,2025-07-16 16:00:00,128.37
4722,462,2025-07-16 17:00:00,32.07
4723,920,2025-07-16 18:00:00,367.01
4724,114,2025-07-16 19:00:00,408.97
4725,433,2025-07-16 20:00:00,402.49
4726,992,2025-07-16 21:00:00,81.23
4727,356,2025-07-16 22:00:00,453.58
4728,928,2025-07-16 23:00:00,342.69
4729,695,2025-07-17 00:00:00,450.81
4730,207,2025-07-17 01:00:00,234.64
4731,768,2025-07-17 02:00:00,229.74
4732,235,2025-07-17 03:00:00,396.58
4733,442,2025-07-17 04:00:00,64.78
4734,355,2025-07-17 05:00:00,270.02
4735,515,2025-07-17 06:00:00,421.46
4736,208,2025-07-17 07:00:00,418.49
4737,709,2025-07-17 08:00:00,478.94
4738,853,2025-07-17 09:00:00,355.17
4739,125,2025-07-17 10:00:00,119.73
4740,138,2025-07-17 11:00:00,29.73
4741,339,2025-07-17 12:00:00,250.12
4742,537,2025-07-17 13:00:00,266.58
4743,68,2025-07-17 14:00:00,135.33
4744,573,2025-07-17 15:00:00,79.85
4745,541,2025-07-17 16:00:00,301.38
4746,383,2025-07-17 17:00:00,386.84
4747,19,2025-07-17 18:00:00,496.71
4748,683,2025-07-17 19:00:00,383.99
4749,450,2025-07-17 20:00:00,400.94
4750,74,2025-07-17 21:00:00,315.9
4751,573,2025-07-17 22:00:00,493.24
4752,939,2025-07-17 23:00:00,327.18
4753,665,2025-07-18 00:00:00,432.92
4754,276,2025-07-18 01:00:00,473.98
4755,48,2025-07-18 02:00:00,466.33
4756,211,2025-07-18 03:00:00,203.08
4757,855,2025-07-18 04:00:00,57.76
4758,920,2025-07-18 05:00:00,102.5
4759,651,2025-07-18 06:00:00,48.43
4760,622,2025-07-18 07:00:00,70.59
4761,994,2025-07-18 08:00:00,108.63
4762,695,2025-07-18 09:00:00,183.73
4763,540,2025-07-18 10:00:00,280.9
4764,709,2025-07-18 11:00:00,361.61
4765,191,2025-07-18 12:00:00,121.25
4766,315,2025-07-18 13:00:00,342.81
4767,901,2025-07-18 14:00:00,358.04
4768,563,2025-07-18 15:00:00,288.14
4769,661,2025-07-18 16:00:00,453.74
4770,780,2025-07-18 17:00:00,73.28
4771,562,2025-07-18 18:00:00,105.02
4772,900,2025-07-18 19:00:00,225.76
4773,758,2025-07-18 20:00:00,80.82
4774,113,2025-07-18 21:00:00,291.82
4775,170,2025-07-18 22:00:00,211.23
4776,468,2025-07-18 23:00:00,156.61
4777,678,2025-07-19 00:00:00,101.6
4778,921,2025-07-19 01:00:00,180.96
4779,14,2025-07-19 02:00:00,311.82
4780,715,2025-07-19 03:00:00,296.38
4781,288,2025-07-19 04:00:00,98.54
4782,907,2025-07-19 05:00:00,79.96
4783,189,2025-07-19 06:00:00,32.8
4784,914,2025-07-19 07:00:00,25.96
4785,155,2025-07-19 08:00:00,442.31
4786,567,2025-07-19 09:00:00,41.64
4787,694,2025-07-19 10:00:00,370.99
4788,722,2025-07-19 11:00:00,438.55
4789,888,2025-07-19 12:00:00,67.07
4790,471,2025-07-19 13:00:00,229.42
4791,75,2025-07-19 14:00:00,481.91
4792,277,2025-07-19 15:00:00,420.39
4793,940,2025-07-19 16:00:00,255.06
4794,645,2025-07-19 17:00:00,386.03
4795,343,2025-07-19 18:00:00,420.02
4796,425,2025-07-19 19:00:00,187.05
4797,571,2025-07-19 20:00:00,448.23
4798,511,2025-07-19 21:00:00,245.83
4799,857,2025-07-19 22:00:00,273.35
4800,182,2025-07-19 23:00:00,499.86
4801,458,2025-07-20 00:00:00,424.79
4802,918,2025-07-20 01:00:00,193.65
4803,851,2025-07-20 02:00:00,24.97
4804,833,2025-07-20 03:00:00,320.56
4805,64,2025-07-20 04:00:00,357.88
4806,839,2025-07-20 05:00:00,332.39
4807,260,2025-07-20 06:00:00,484.57
4808,193,2025-07-20 07:00:00,434.23
4809,655,2025-07-20 08:00:00,235.44
4810,616,2025-07-20 09:00:00,50.17
4811,972,2025-07-20 10:00:00,248.51
4812,406,2025-07-20 11:00:00,350.84
4813,726,2025-07-20 12:00:00,311.7
4814,754,2025-07-20 13:00:00,278.31
4815,943,2025-07-20 14:00:00,245.03
4816,721,2025-07-20 15:00:00,161.01
4817,93,2025-07-20 16:00:00,153.13
4818,430,2025-07-20 17:00:00,260.11
4819,654,2025-07-20 18:00:00,97.09
4820,434,2025-07-20 19:00:00,183.53
4821,404,2025-07-20 20:00:00,175.51
4822,434,2025-07-20 21:00:00,301.82
4823,112,2025-07-20 22:00:00,52.01
4824,929,2025-07-20 23:00:00,418.24
4825,375,2025-07-21 00:00:00,289.94
4826,59,2025-07-21 01:00:00,342.0
4827,43,2025-07-21 02:00:00,357.49
4828,207,2025-07-21 03:00:00,159.91
4829,780,2025-07-21 04:00:00,245.78
4830,296,2025-07-21 05:00:00,479.0
4831,118,2025-07-21 06:00:00,388.02
4832,532,2025-07-21 07:00:00,485.39
4833,222,2025-07-21 08:00:00,378.2
4834,166,2025-07-21 09:00:00,104.29
4835,643,2025-07-21 10:00:00,50.98
4836,156,2025-07-21 11:00:00,297.28
4837,184,2025-07-21 12:00:00,191.75
4838,90,2025-07-21 13:00:00,152.22
4839,94,2025-07-21 14:00:00,407.46
4840,13,2025-07-21 15:00:00,196.16
4841,973,2025-07-21 16:00:00,172.16
4842,834,2025-07-21 17:00:00,427.99
4843,805,2025-07-21 18:00:00,426.22
4844,945,2025-07-21 19:00:00,191.06
4845,742,2025-07-21 20:00:00,419.6
4846,834,2025-07-21 21:00:00,428.37
4847,804,2025-07-21 22:00:00,223.49
4848,438,2025-07-21 23:00:00,51.91
4849,538,2025-07-22 00:00:00,20.76
4850,587,2025-07-22 01:00:00,271.18
4851,968,2025-07-22 02:00:00,185.16
4852,876,2025-07-22 03:00:00,498.62
4853,936,2025-07-22 04:00:00,390.76
4854,811,2025-07-22 05:00:00,385.41
4855,150,2025-07-22 06:00:00,478.52
4856,660,2025-07-22 07:00:00,446.11
4857,8,2025-07-22 08:00:00,172.73
4858,29,2025-07-22 09:00:00,99.67
4859,296,2025-07-22 10:00:00,378.03
4860,986,2025-07-22 11:00:00,201.57
4861,926,2025-07-22 12:00:00,247.12
4862,721,2025-07-22 13:00:00,322.59
4863,640,2025-07-22 14:00:00,455.78
4864,340,2025-07-22 15:00:00,221.16
4865,628,2025-07-22 16:00:00,395.99
4866,439,2025-07-22 17:00:00,148.8
4867,144,2025-07-22 18:00:00,355.03
4868,942,2025-07-22 19:00:00,20.76
4869,830,2025-07-22 20:00:00,438.32
4870,747,2025-07-22 21:00:00,34.58
4871,519,2025-07-22 22:00:00,362.12
4872,976,2025-07-22 23:00:00,42.2
4873,45,2025-07-23 00:00:00,147.8
4874,955,2025-07-23 01:00:00,258.66
4875,239,2025-07-23 02:00:00,221.57
4876,952,2025-07-23 03:00:00,112.08
4877,944,2025-07-23 04:00:00,180.23
4878,155,2025-07-23 05:00:00,369.3
4879,181,2025-07-23 06:00:00,341.24
4880,215,2025-07-23 07:00:00,54.47
4881,88,2025-07-23 08:00:00,378.71
4882,256,2025-07-23 09:00:00,45.46
4883,511,2025-07-23 10:00:00,280.6
4884,73,2025-07-23 11:00:00,144.83
4885,931,2025-07-23 12:00:00,302.09
4886,179,2025-07-23 13:00:00,145.44
4887,212,2025-07-23 14:00:00,492.78
4888,805,2025-07-23 15:00:00,168.67
4889,234,2025-07-23 16:00:00,136.14
4890,465,2025-07-23 17:00:00,153.66
4891,751,2025-07-23 18:00:00,450.31
4892,223,2025-07-23 19:00:00,325.39
4893,631,2025-07-23 20:00:00,370.73
4894,825,2025-07-23 21:00:00,460.65
4895,264,2025-07-23 22:00:00,457.7
4896,207,2025-07-23 23:00:00,374.69
4897,607,2025-07-24 00:00:00,114.96
4898,885,2025-07-24 01:00:00,424.82
4899,734,2025-07-24 02:00:00,117.81
4900,366,2025-07-24 03:00:00,376.59
4901,276,2025-07-24 04:00:00,349.09
4902,380,2025-07-24 05:00:00,384.27
4903,743,2025-07-24 06:00:00,275.69
4904,309,2025-07-24 07:00:00,326.59
4905,631,2025-07-24 08:00:00,477.59
4906,268,2025-07-24 09:00:00,68.52
4907,945,2025-07-24 10:00:00,168.25
4908,785,2025-07-24 11:00:00,313.45
4909,64,2025-07-24 12:00:00,482.75
4910,810,2025-07-24 13:00:00,65.88
4911,350,2025-07-24 14:00:00,30.82
4912,925,2025-07-24 15:00:00,46.76
4913,915,2025-07-24 16:00:00,45.15
4914,494,2025-07-24 17:00:00,455.75
4915,523,2025-07-24 18:00:00,366.2
4916,98,2025-07-24 19:00:00,345.01
4917,946,2025-07-24 20:00:00,270.83
4918,71,2025-07-24 21:00:00,395.34
4919,364,2025-07-24 22:00:00,94.71
4920,570,2025-07-24 23:00:00,208.13
4921,802,2025-07-25 00:00:00,255.2
4922,763,2025-07-25 01:00:00,73.0
4923,276,2025-07-25 02:00:00,221.37
4924,50,2025-07-25 03:00:00,171.92
4925,358,2025-07-25 04:00:00,37.08
4926,728,2025-07-25 05:00:00,85.63
4927,906,2025-07-25 06:00:00,386.74
4928,928,2025-07-25 07:00:00,28.66
4929,564,2025-07-25 08:00:00,468.44
4930,783,2025-07-25 09:00:00,61.48
4931,485,2025-07-25 10:00:00,403.63
4932,84,2025-07-25 11:00:00,451.34
4933,899,2025-07-25 12:00:00,471.75
4934,805,2025-07-25 13:00:00,436.39
4935,638,2025-07-25 14:00:00,158.02
4936,808,2025-07-25 15:00:00,179.88
4937,584,2025-07-25 16:00:00,224.74
4938,296,2025-07-25 17:00:00,86.86
4939,236,2025-07-25 18:00:00,30.69
4940,56,2025-07-25 19:00:00,437.18
4941,919,2025-07-25 20:00:00,285.98
4942,360,2025-07-25 21:00:00,312.19
4943,907,2025-07-25 22:00:00,464.95
4944,110,2025-07-25 23:00:00,339.26
4945,192,2025-07-26 00:00:00,351.61
4946,904,2025-07-26 01:00:00,397.74
4947,93,2025-07-26 02:00:00,75.85
4948,862,2025-07-26 03:00:00,192.88
4949,568,2025-07-26 04:00:00,484.74
4950,60,2025-07-26 05:00:00,463.01
4951,1001,2025-07-26 06:00:00,444.36
4952,1002,2025-07-26 07:00:00,237.0
4953,1003,2025-07-26 08:00:00,431.45
4954,1004,2025-07-26 09:00:00,43.23
4955,1005,2025-07-26 10:00:00,91.29
4956,1006,2025-07-26 11:00:00,218.7
4957,1007,2025-07-26 12:00:00,252.03
4958,1008,2025-07-26 13:00:00,146.48
4959,1009,2025-07-26 14:00:00,191.11
4960,1010,2025-07-26 15:00:00,98.13
4961,1011,2025-07-26 16:00:00,254.78
4962,1012,2025-07-26 17:00:00,401.04
4963,1013,2025-07-26 18:00:00,337.45
4964,1014,2025-07-26 19:00:00,71.74
4965,1015,2025-07-26 20:00:00,254.04
4966,1016,2025-07-26 21:00:00,354.87
4967,1017,2025-07-26 22:00:00,274.35
4968,1018,2025-07-26 23:00:00,208.0
4969,1019,2025-07-27 00:00:00,318.52
4970,1020,2025-07-27 01:00:00,484.95
4971,1021,2025-07-27 02:00:00,65.56
4972,1022,2025-07-27 03:00:00,207.21
4973,1023,2025-07-27 04:00:00,215.17
4974,1024,2025-07-27 05:00:00,296.94
4975,1025,2025-07-27 06:00:00,93.04
4976,1026,2025-07-27 07:00:00,104.79
4977,1027,2025-07-27 08:00:00,156.97
4978,1028,2025-07-27 09:00:00,478.82
4979,1029,2025-07-27 10:00:00,372.37
4980,1030,2025-07-27 11:00:00,337.61
4981,1031,2025-07-27 12:00:00,412.14
4982,1032,2025-07-27 13:00:00,81.24
4983,1033,2025-07-27 14:00:00,432.48
4984,1034,2025-07-27 15:00:00,305.52
4985,1035,2025-07-27 16:00:00,180.96
4986,1036,2025-07-27 17:00:00,411.61
4987,1037,2025-07-27 18:00:00,405.23
4988,1038,2025-07-27 19:00:00,425.94
4989,1039,2025-07-27 20:00:00,75.45
4990,1040,2025-07-27 21:00:00,485.29
4991,1041,2025-07-27 22:00:00,480.62
4992,1042,2025-07-27 23:00:00,191.59
4993,1043,2025-07-28 00:00:00,51.63
4994,1044,2025-07-28 01:00:00,100.19
4995,1045,2025-07-28 02:00:00,496.56
4996,1046,2025-07-28 03:00:00,290.25
4997,1047,2025-07-28 04:00:00,191.18
4998,1048,2025-07-28 05:00:00,158.34
4999,1049,2025-07-28 06:00:00,143.36
5000,1050,2025-07-28 07:00:00,338.79
